May 08 07:09:58 ip-172-31-35-142.eu-west-1.compute.internal stonith-ng[7465]:   notice: Additional logging available in /var/log/cluster/corosync.log
May 08 07:09:58 ip-172-31-35-142.eu-west-1.compute.internal stonith-ng[7465]:   notice: Connecting to cluster infrastructure: corosync
May 08 07:09:58 ip-172-31-35-142.eu-west-1.compute.internal stonith-ng[7465]:   notice: Node ma-host-1 state is now member
May 08 07:09:59 ip-172-31-35-142.eu-west-1.compute.internal stonith-ng[7465]:   notice: Node ma-host-2 state is now member
May 08 07:09:59 ip-172-31-35-142.eu-west-1.compute.internal stonith-ng[7465]:   notice: Node ma-host-3 state is now member
May 08 07:09:59 ip-172-31-35-142.eu-west-1.compute.internal stonith-ng[7465]:   notice: Node ma-host-4 state is now member
May 08 07:09:59 ip-172-31-35-142.eu-west-1.compute.internal stonith-ng[7465]:   notice: Node ma-host-5 state is now member
May 08 07:10:01 ip-172-31-35-142.eu-west-1.compute.internal crmd[7469]:   notice: Fencer successfully connected
May 08 07:14:03 ip-172-31-35-142.eu-west-1.compute.internal stonith-ng[7465]:   notice: Added 'clusterfence' to the device list (1 active devices)
May 08 07:14:04 ip-172-31-35-142.eu-west-1.compute.internal crmd[7469]:   notice: Result of probe operation for clusterfence on ma-host-1: 7 (not running)
May 08 07:14:04 ip-172-31-35-142.eu-west-1.compute.internal stonith-ng[7465]:   notice: fence_aws_monitor_1:14460:stderr [ /usr/lib/python3.7/site-packages/boto3/compat.py:82: PythonDeprecationWarning: Boto3 will no longer support Python 3.7 starting December 13, 2023. To continue receiving service updates, bug fixes, and security updates please upgrade to Python 3.8 or later. More information can be found here: https://aws.amazon.com/blogs/developer/python-support-policy-updates-for-aws-sdks-and-tools/ ]
May 08 07:14:04 ip-172-31-35-142.eu-west-1.compute.internal stonith-ng[7465]:   notice: fence_aws_monitor_1:14460:stderr [   warnings.warn(warning, PythonDeprecationWarning) ]
May 08 07:14:04 ip-172-31-35-142.eu-west-1.compute.internal stonith-ng[7465]:  warning: fence_aws[14460] stderr: [ /usr/lib/python3.7/site-packages/boto3/compat.py:82: PythonDeprecationWarning: Boto3 will no longer support Python 3.7 starting December 13, 2023. To continue receiving service updates, bug fixes, and security updates please upgrade to Python 3.8 or later. More information can be found here: https://aws.amazon.com/blogs/developer/python-support-policy-updates-for-aws-sdks-and-tools/ ]
May 08 07:14:04 ip-172-31-35-142.eu-west-1.compute.internal stonith-ng[7465]:  warning: fence_aws[14460] stderr: [   warnings.warn(warning, PythonDeprecationWarning) ]
May 08 07:14:04 ip-172-31-35-142.eu-west-1.compute.internal crmd[7469]:   notice: Result of start operation for clusterfence on ma-host-1: 0 (ok)
May 08 07:14:05 ip-172-31-35-142.eu-west-1.compute.internal stonith-ng[7465]:   notice: fence_aws_monitor_1:14463:stderr [ /usr/lib/python3.7/site-packages/boto3/compat.py:82: PythonDeprecationWarning: Boto3 will no longer support Python 3.7 starting December 13, 2023. To continue receiving service updates, bug fixes, and security updates please upgrade to Python 3.8 or later. More information can be found here: https://aws.amazon.com/blogs/developer/python-support-policy-updates-for-aws-sdks-and-tools/ ]
May 08 07:14:05 ip-172-31-35-142.eu-west-1.compute.internal stonith-ng[7465]:   notice: fence_aws_monitor_1:14463:stderr [   warnings.warn(warning, PythonDeprecationWarning) ]
May 08 07:14:05 ip-172-31-35-142.eu-west-1.compute.internal stonith-ng[7465]:  warning: fence_aws[14463] stderr: [ /usr/lib/python3.7/site-packages/boto3/compat.py:82: PythonDeprecationWarning: Boto3 will no longer support Python 3.7 starting December 13, 2023. To continue receiving service updates, bug fixes, and security updates please upgrade to Python 3.8 or later. More information can be found here: https://aws.amazon.com/blogs/developer/python-support-policy-updates-for-aws-sdks-and-tools/ ]
May 08 07:14:05 ip-172-31-35-142.eu-west-1.compute.internal stonith-ng[7465]:  warning: fence_aws[14463] stderr: [   warnings.warn(warning, PythonDeprecationWarning) ]
May 08 07:15:05 ip-172-31-35-142.eu-west-1.compute.internal stonith-ng[7465]:   notice: fence_aws_monitor_1:14550:stderr [ /usr/lib/python3.7/site-packages/boto3/compat.py:82: PythonDeprecationWarning: Boto3 will no longer support Python 3.7 starting December 13, 2023. To continue receiving service updates, bug fixes, and security updates please upgrade to Python 3.8 or later. More information can be found here: https://aws.amazon.com/blogs/developer/python-support-policy-updates-for-aws-sdks-and-tools/ ]
May 08 07:15:05 ip-172-31-35-142.eu-west-1.compute.internal stonith-ng[7465]:   notice: fence_aws_monitor_1:14550:stderr [   warnings.warn(warning, PythonDeprecationWarning) ]
May 08 07:15:05 ip-172-31-35-142.eu-west-1.compute.internal stonith-ng[7465]:  warning: fence_aws[14550] stderr: [ /usr/lib/python3.7/site-packages/boto3/compat.py:82: PythonDeprecationWarning: Boto3 will no longer support Python 3.7 starting December 13, 2023. To continue receiving service updates, bug fixes, and security updates please upgrade to Python 3.8 or later. More information can be found here: https://aws.amazon.com/blogs/developer/python-support-policy-updates-for-aws-sdks-and-tools/ ]
May 08 07:15:05 ip-172-31-35-142.eu-west-1.compute.internal stonith-ng[7465]:  warning: fence_aws[14550] stderr: [   warnings.warn(warning, PythonDeprecationWarning) ]
May 08 07:16:05 ip-172-31-35-142.eu-west-1.compute.internal stonith-ng[7465]:   notice: fence_aws_monitor_1:15631:stderr [ /usr/lib/python3.7/site-packages/boto3/compat.py:82: PythonDeprecationWarning: Boto3 will no longer support Python 3.7 starting December 13, 2023. To continue receiving service updates, bug fixes, and security updates please upgrade to Python 3.8 or later. More information can be found here: https://aws.amazon.com/blogs/developer/python-support-policy-updates-for-aws-sdks-and-tools/ ]
May 08 07:16:05 ip-172-31-35-142.eu-west-1.compute.internal stonith-ng[7465]:   notice: fence_aws_monitor_1:15631:stderr [   warnings.warn(warning, PythonDeprecationWarning) ]
May 08 07:16:05 ip-172-31-35-142.eu-west-1.compute.internal stonith-ng[7465]:  warning: fence_aws[15631] stderr: [ /usr/lib/python3.7/site-packages/boto3/compat.py:82: PythonDeprecationWarning: Boto3 will no longer support Python 3.7 starting December 13, 2023. To continue receiving service updates, bug fixes, and security updates please upgrade to Python 3.8 or later. More information can be found here: https://aws.amazon.com/blogs/developer/python-support-policy-updates-for-aws-sdks-and-tools/ ]
May 08 07:16:05 ip-172-31-35-142.eu-west-1.compute.internal stonith-ng[7465]:  warning: fence_aws[15631] stderr: [   warnings.warn(warning, PythonDeprecationWarning) ]
May 08 07:17:06 ip-172-31-35-142.eu-west-1.compute.internal stonith-ng[7465]:   notice: fence_aws_monitor_1:16405:stderr [ /usr/lib/python3.7/site-packages/boto3/compat.py:82: PythonDeprecationWarning: Boto3 will no longer support Python 3.7 starting December 13, 2023. To continue receiving service updates, bug fixes, and security updates please upgrade to Python 3.8 or later. More information can be found here: https://aws.amazon.com/blogs/developer/python-support-policy-updates-for-aws-sdks-and-tools/ ]
May 08 07:17:06 ip-172-31-35-142.eu-west-1.compute.internal stonith-ng[7465]:   notice: fence_aws_monitor_1:16405:stderr [   warnings.warn(warning, PythonDeprecationWarning) ]
May 08 07:17:06 ip-172-31-35-142.eu-west-1.compute.internal stonith-ng[7465]:  warning: fence_aws[16405] stderr: [ /usr/lib/python3.7/site-packages/boto3/compat.py:82: PythonDeprecationWarning: Boto3 will no longer support Python 3.7 starting December 13, 2023. To continue receiving service updates, bug fixes, and security updates please upgrade to Python 3.8 or later. More information can be found here: https://aws.amazon.com/blogs/developer/python-support-policy-updates-for-aws-sdks-and-tools/ ]
May 08 07:17:06 ip-172-31-35-142.eu-west-1.compute.internal stonith-ng[7465]:  warning: fence_aws[16405] stderr: [   warnings.warn(warning, PythonDeprecationWarning) ]
May 08 07:18:06 ip-172-31-35-142.eu-west-1.compute.internal stonith-ng[7465]:   notice: fence_aws_monitor_1:17317:stderr [ /usr/lib/python3.7/site-packages/boto3/compat.py:82: PythonDeprecationWarning: Boto3 will no longer support Python 3.7 starting December 13, 2023. To continue receiving service updates, bug fixes, and security updates please upgrade to Python 3.8 or later. More information can be found here: https://aws.amazon.com/blogs/developer/python-support-policy-updates-for-aws-sdks-and-tools/ ]
May 08 07:18:06 ip-172-31-35-142.eu-west-1.compute.internal stonith-ng[7465]:   notice: fence_aws_monitor_1:17317:stderr [   warnings.warn(warning, PythonDeprecationWarning) ]
May 08 07:18:06 ip-172-31-35-142.eu-west-1.compute.internal stonith-ng[7465]:  warning: fence_aws[17317] stderr: [ /usr/lib/python3.7/site-packages/boto3/compat.py:82: PythonDeprecationWarning: Boto3 will no longer support Python 3.7 starting December 13, 2023. To continue receiving service updates, bug fixes, and security updates please upgrade to Python 3.8 or later. More information can be found here: https://aws.amazon.com/blogs/developer/python-support-policy-updates-for-aws-sdks-and-tools/ ]
May 08 07:18:06 ip-172-31-35-142.eu-west-1.compute.internal stonith-ng[7465]:  warning: fence_aws[17317] stderr: [   warnings.warn(warning, PythonDeprecationWarning) ]
May 08 07:19:07 ip-172-31-35-142.eu-west-1.compute.internal stonith-ng[7465]:   notice: fence_aws_monitor_1:18229:stderr [ /usr/lib/python3.7/site-packages/boto3/compat.py:82: PythonDeprecationWarning: Boto3 will no longer support Python 3.7 starting December 13, 2023. To continue receiving service updates, bug fixes, and security updates please upgrade to Python 3.8 or later. More information can be found here: https://aws.amazon.com/blogs/developer/python-support-policy-updates-for-aws-sdks-and-tools/ ]
May 08 07:19:07 ip-172-31-35-142.eu-west-1.compute.internal stonith-ng[7465]:   notice: fence_aws_monitor_1:18229:stderr [   warnings.warn(warning, PythonDeprecationWarning) ]
May 08 07:19:07 ip-172-31-35-142.eu-west-1.compute.internal stonith-ng[7465]:  warning: fence_aws[18229] stderr: [ /usr/lib/python3.7/site-packages/boto3/compat.py:82: PythonDeprecationWarning: Boto3 will no longer support Python 3.7 starting December 13, 2023. To continue receiving service updates, bug fixes, and security updates please upgrade to Python 3.8 or later. More information can be found here: https://aws.amazon.com/blogs/developer/python-support-policy-updates-for-aws-sdks-and-tools/ ]
May 08 07:19:07 ip-172-31-35-142.eu-west-1.compute.internal stonith-ng[7465]:  warning: fence_aws[18229] stderr: [   warnings.warn(warning, PythonDeprecationWarning) ]
May 08 07:20:07 ip-172-31-35-142.eu-west-1.compute.internal stonith-ng[7465]:   notice: fence_aws_monitor_1:19170:stderr [ /usr/lib/python3.7/site-packages/boto3/compat.py:82: PythonDeprecationWarning: Boto3 will no longer support Python 3.7 starting December 13, 2023. To continue receiving service updates, bug fixes, and security updates please upgrade to Python 3.8 or later. More information can be found here: https://aws.amazon.com/blogs/developer/python-support-policy-updates-for-aws-sdks-and-tools/ ]
May 08 07:20:07 ip-172-31-35-142.eu-west-1.compute.internal stonith-ng[7465]:   notice: fence_aws_monitor_1:19170:stderr [   warnings.warn(warning, PythonDeprecationWarning) ]
May 08 07:20:07 ip-172-31-35-142.eu-west-1.compute.internal stonith-ng[7465]:  warning: fence_aws[19170] stderr: [ /usr/lib/python3.7/site-packages/boto3/compat.py:82: PythonDeprecationWarning: Boto3 will no longer support Python 3.7 starting December 13, 2023. To continue receiving service updates, bug fixes, and security updates please upgrade to Python 3.8 or later. More information can be found here: https://aws.amazon.com/blogs/developer/python-support-policy-updates-for-aws-sdks-and-tools/ ]
May 08 07:20:07 ip-172-31-35-142.eu-west-1.compute.internal stonith-ng[7465]:  warning: fence_aws[19170] stderr: [   warnings.warn(warning, PythonDeprecationWarning) ]
May 08 07:21:08 ip-172-31-35-142.eu-west-1.compute.internal stonith-ng[7465]:   notice: fence_aws_monitor_1:8138:stderr [ /usr/lib/python3.7/site-packages/boto3/compat.py:82: PythonDeprecationWarning: Boto3 will no longer support Python 3.7 starting December 13, 2023. To continue receiving service updates, bug fixes, and security updates please upgrade to Python 3.8 or later. More information can be found here: https://aws.amazon.com/blogs/developer/python-support-policy-updates-for-aws-sdks-and-tools/ ]
May 08 07:21:08 ip-172-31-35-142.eu-west-1.compute.internal stonith-ng[7465]:   notice: fence_aws_monitor_1:8138:stderr [   warnings.warn(warning, PythonDeprecationWarning) ]
May 08 07:21:08 ip-172-31-35-142.eu-west-1.compute.internal stonith-ng[7465]:  warning: fence_aws[8138] stderr: [ /usr/lib/python3.7/site-packages/boto3/compat.py:82: PythonDeprecationWarning: Boto3 will no longer support Python 3.7 starting December 13, 2023. To continue receiving service updates, bug fixes, and security updates please upgrade to Python 3.8 or later. More information can be found here: https://aws.amazon.com/blogs/developer/python-support-policy-updates-for-aws-sdks-and-tools/ ]
May 08 07:21:08 ip-172-31-35-142.eu-west-1.compute.internal stonith-ng[7465]:  warning: fence_aws[8138] stderr: [   warnings.warn(warning, PythonDeprecationWarning) ]
May 08 07:22:08 ip-172-31-35-142.eu-west-1.compute.internal stonith-ng[7465]:   notice: fence_aws_monitor_1:22766:stderr [ /usr/lib/python3.7/site-packages/boto3/compat.py:82: PythonDeprecationWarning: Boto3 will no longer support Python 3.7 starting December 13, 2023. To continue receiving service updates, bug fixes, and security updates please upgrade to Python 3.8 or later. More information can be found here: https://aws.amazon.com/blogs/developer/python-support-policy-updates-for-aws-sdks-and-tools/ ]
May 08 07:22:08 ip-172-31-35-142.eu-west-1.compute.internal stonith-ng[7465]:   notice: fence_aws_monitor_1:22766:stderr [   warnings.warn(warning, PythonDeprecationWarning) ]
May 08 07:22:08 ip-172-31-35-142.eu-west-1.compute.internal stonith-ng[7465]:  warning: fence_aws[22766] stderr: [ /usr/lib/python3.7/site-packages/boto3/compat.py:82: PythonDeprecationWarning: Boto3 will no longer support Python 3.7 starting December 13, 2023. To continue receiving service updates, bug fixes, and security updates please upgrade to Python 3.8 or later. More information can be found here: https://aws.amazon.com/blogs/developer/python-support-policy-updates-for-aws-sdks-and-tools/ ]
May 08 07:22:08 ip-172-31-35-142.eu-west-1.compute.internal stonith-ng[7465]:  warning: fence_aws[22766] stderr: [   warnings.warn(warning, PythonDeprecationWarning) ]
May 08 07:23:09 ip-172-31-35-142.eu-west-1.compute.internal stonith-ng[7465]:   notice: fence_aws_monitor_1:23272:stderr [ /usr/lib/python3.7/site-packages/boto3/compat.py:82: PythonDeprecationWarning: Boto3 will no longer support Python 3.7 starting December 13, 2023. To continue receiving service updates, bug fixes, and security updates please upgrade to Python 3.8 or later. More information can be found here: https://aws.amazon.com/blogs/developer/python-support-policy-updates-for-aws-sdks-and-tools/ ]
May 08 07:23:09 ip-172-31-35-142.eu-west-1.compute.internal stonith-ng[7465]:   notice: fence_aws_monitor_1:23272:stderr [   warnings.warn(warning, PythonDeprecationWarning) ]
May 08 07:23:09 ip-172-31-35-142.eu-west-1.compute.internal stonith-ng[7465]:  warning: fence_aws[23272] stderr: [ /usr/lib/python3.7/site-packages/boto3/compat.py:82: PythonDeprecationWarning: Boto3 will no longer support Python 3.7 starting December 13, 2023. To continue receiving service updates, bug fixes, and security updates please upgrade to Python 3.8 or later. More information can be found here: https://aws.amazon.com/blogs/developer/python-support-policy-updates-for-aws-sdks-and-tools/ ]
May 08 07:23:09 ip-172-31-35-142.eu-west-1.compute.internal stonith-ng[7465]:  warning: fence_aws[23272] stderr: [   warnings.warn(warning, PythonDeprecationWarning) ]
May 08 07:23:41 ip-172-31-35-142.eu-west-1.compute.internal attrd[7467]:   notice: Node ma-host-5 state is now lost
May 08 07:23:41 ip-172-31-35-142.eu-west-1.compute.internal stonith-ng[7465]:   notice: Node ma-host-5 state is now lost
May 08 07:23:41 ip-172-31-35-142.eu-west-1.compute.internal stonith-ng[7465]:   notice: Purged 1 peer with id=5 and/or uname=ma-host-5 from the membership cache
May 08 07:23:41 ip-172-31-35-142.eu-west-1.compute.internal pacemakerd[7463]:   notice: Node ma-host-5 state is now lost
May 08 07:23:41 ip-172-31-35-142.eu-west-1.compute.internal cib[7464]:   notice: Node ma-host-5 state is now lost
May 08 07:23:41 ip-172-31-35-142.eu-west-1.compute.internal crmd[7469]:   notice: Node ma-host-5 state is now lost
May 08 07:23:41 ip-172-31-35-142.eu-west-1.compute.internal dlm_controld[14899]: 1426 fence request 5 pid 23603 nodedown time 1778225021 fence_all dlm_stonith
May 08 07:23:42 ip-172-31-35-142.eu-west-1.compute.internal dlm_controld[14899]: 1427 fence result 5 pid 23603 result -1 term signal 6
May 08 07:23:42 ip-172-31-35-142.eu-west-1.compute.internal dlm_controld[14899]: 1427 fence status 5 receive -1 from 1 walltime 1778225022 local 1427
May 08 07:23:42 ip-172-31-35-142.eu-west-1.compute.internal stonith-ng[7465]:   notice: clusterfence can fence (off) ma-host-5 (aka. 'i-03942144ed02ecd5d'): static-list
May 08 07:23:42 ip-172-31-35-142.eu-west-1.compute.internal stonith-ng[7465]:   notice: clusterfence can fence (off) ma-host-5 (aka. 'i-03942144ed02ecd5d'): static-list
May 08 07:23:42 ip-172-31-35-142.eu-west-1.compute.internal /fence_aws[23604]: SkipOsShutdown not supported with the current boto3 version 1.33.13 - falling back to graceful shutdown
May 08 07:23:42 ip-172-31-35-142.eu-west-1.compute.internal /fence_aws[23604]: SkipOsShutdown not supported with the current boto3 version 1.33.13 - falling back to graceful shutdown
May 08 07:23:43 ip-172-31-35-142.eu-west-1.compute.internal dlm_controld[14899]: 1428 fence status 5 receive -1 from 2 walltime 1778225023 local 1428
May 08 07:23:44 ip-172-31-35-142.eu-west-1.compute.internal dlm_controld[14899]: 1429 fence status 5 receive -1 from 3 walltime 1778225024 local 1429
May 08 07:23:45 ip-172-31-35-142.eu-west-1.compute.internal dlm_controld[14899]: 1430 fence status 5 receive -1 from 4 walltime 1778225025 local 1430
May 08 07:23:45 ip-172-31-35-142.eu-west-1.compute.internal dlm_controld[14899]: 1430 fence request 5 pid 23682 nodedown time 1778225021 fence_all dlm_stonith
May 08 07:23:46 ip-172-31-35-142.eu-west-1.compute.internal dlm_controld[14899]: 1431 fence result 5 pid 23682 result -1 term signal 6
May 08 07:23:46 ip-172-31-35-142.eu-west-1.compute.internal dlm_controld[14899]: 1431 fence status 5 receive -1 from 1 walltime 1778225026 local 1431
May 08 07:23:47 ip-172-31-35-142.eu-west-1.compute.internal dlm_controld[14899]: 1432 fence status 5 receive -1 from 2 walltime 1778225027 local 1432
May 08 07:23:48 ip-172-31-35-142.eu-west-1.compute.internal dlm_controld[14899]: 1433 fence status 5 receive -1 from 3 walltime 1778225028 local 1433
May 08 07:23:49 ip-172-31-35-142.eu-west-1.compute.internal dlm_controld[14899]: 1434 fence status 5 receive -1 from 4 walltime 1778225029 local 1434
May 08 07:23:49 ip-172-31-35-142.eu-west-1.compute.internal dlm_controld[14899]: 1434 fence request 5 pid 23715 nodedown time 1778225021 fence_all dlm_stonith
May 08 07:23:50 ip-172-31-35-142.eu-west-1.compute.internal dlm_controld[14899]: 1435 fence result 5 pid 23715 result -1 term signal 6
May 08 07:23:50 ip-172-31-35-142.eu-west-1.compute.internal dlm_controld[14899]: 1435 fence status 5 receive -1 from 1 walltime 1778225030 local 1435
May 08 07:23:51 ip-172-31-35-142.eu-west-1.compute.internal dlm_controld[14899]: 1436 fence status 5 receive -1 from 2 walltime 1778225031 local 1436
May 08 07:23:52 ip-172-31-35-142.eu-west-1.compute.internal dlm_controld[14899]: 1437 fence status 5 receive -1 from 3 walltime 1778225032 local 1437
May 08 07:23:53 ip-172-31-35-142.eu-west-1.compute.internal dlm_controld[14899]: 1438 fence status 5 receive -1 from 4 walltime 1778225033 local 1438
May 08 07:23:53 ip-172-31-35-142.eu-west-1.compute.internal dlm_controld[14899]: 1438 fence request 5 pid 23789 nodedown time 1778225021 fence_all dlm_stonith
May 08 07:23:54 ip-172-31-35-142.eu-west-1.compute.internal dlm_controld[14899]: 1439 fence result 5 pid 23789 result -1 term signal 6
May 08 07:23:54 ip-172-31-35-142.eu-west-1.compute.internal dlm_controld[14899]: 1439 fence status 5 receive -1 from 1 walltime 1778225034 local 1439
May 08 07:23:55 ip-172-31-35-142.eu-west-1.compute.internal dlm_controld[14899]: 1440 fence status 5 receive -1 from 2 walltime 1778225035 local 1440
May 08 07:23:56 ip-172-31-35-142.eu-west-1.compute.internal dlm_controld[14899]: 1441 fence status 5 receive -1 from 3 walltime 1778225036 local 1441
May 08 07:23:57 ip-172-31-35-142.eu-west-1.compute.internal dlm_controld[14899]: 1442 fence status 5 receive -1 from 4 walltime 1778225037 local 1442
May 08 07:23:57 ip-172-31-35-142.eu-west-1.compute.internal dlm_controld[14899]: 1442 fence request 5 pid 23806 nodedown time 1778225021 fence_all dlm_stonith
May 08 07:23:58 ip-172-31-35-142.eu-west-1.compute.internal dlm_controld[14899]: 1443 fence result 5 pid 23806 result -1 term signal 6
May 08 07:23:58 ip-172-31-35-142.eu-west-1.compute.internal dlm_controld[14899]: 1443 fence status 5 receive -1 from 1 walltime 1778225038 local 1443
May 08 07:23:59 ip-172-31-35-142.eu-west-1.compute.internal dlm_controld[14899]: 1444 fence status 5 receive -1 from 2 walltime 1778225039 local 1444
May 08 07:24:00 ip-172-31-35-142.eu-west-1.compute.internal dlm_controld[14899]: 1445 fence status 5 receive -1 from 3 walltime 1778225040 local 1445
May 08 07:24:01 ip-172-31-35-142.eu-west-1.compute.internal dlm_controld[14899]: 1446 fence status 5 receive -1 from 4 walltime 1778225041 local 1446
May 08 07:24:01 ip-172-31-35-142.eu-west-1.compute.internal dlm_controld[14899]: 1446 fence request 5 pid 23832 nodedown time 1778225021 fence_all dlm_stonith
May 08 07:24:02 ip-172-31-35-142.eu-west-1.compute.internal dlm_controld[14899]: 1447 fence result 5 pid 23832 result -1 term signal 6
May 08 07:24:02 ip-172-31-35-142.eu-west-1.compute.internal dlm_controld[14899]: 1447 fence status 5 receive -1 from 1 walltime 1778225042 local 1447
May 08 07:24:03 ip-172-31-35-142.eu-west-1.compute.internal dlm_controld[14899]: 1448 fence status 5 receive -1 from 2 walltime 1778225043 local 1448
May 08 07:24:04 ip-172-31-35-142.eu-west-1.compute.internal dlm_controld[14899]: 1449 fence status 5 receive -1 from 3 walltime 1778225044 local 1449
May 08 07:24:05 ip-172-31-35-142.eu-west-1.compute.internal dlm_controld[14899]: 1450 fence status 5 receive -1 from 4 walltime 1778225045 local 1450
May 08 07:24:05 ip-172-31-35-142.eu-west-1.compute.internal dlm_controld[14899]: 1450 fence request 5 pid 23897 nodedown time 1778225021 fence_all dlm_stonith
May 08 07:24:06 ip-172-31-35-142.eu-west-1.compute.internal dlm_controld[14899]: 1451 fence result 5 pid 23897 result -1 term signal 6
May 08 07:24:06 ip-172-31-35-142.eu-west-1.compute.internal dlm_controld[14899]: 1451 fence status 5 receive -1 from 1 walltime 1778225046 local 1451
May 08 07:24:07 ip-172-31-35-142.eu-west-1.compute.internal dlm_controld[14899]: 1452 fence status 5 receive -1 from 2 walltime 1778225047 local 1452
May 08 07:24:08 ip-172-31-35-142.eu-west-1.compute.internal dlm_controld[14899]: 1453 fence status 5 receive -1 from 3 walltime 1778225048 local 1453
May 08 07:24:09 ip-172-31-35-142.eu-west-1.compute.internal dlm_controld[14899]: 1454 fence status 5 receive -1 from 4 walltime 1778225049 local 1454
May 08 07:24:09 ip-172-31-35-142.eu-west-1.compute.internal dlm_controld[14899]: 1454 fence request 5 pid 23914 nodedown time 1778225021 fence_all dlm_stonith
May 08 07:24:10 ip-172-31-35-142.eu-west-1.compute.internal dlm_controld[14899]: 1455 fence result 5 pid 23914 result -1 term signal 6
May 08 07:24:10 ip-172-31-35-142.eu-west-1.compute.internal dlm_controld[14899]: 1455 fence status 5 receive -1 from 1 walltime 1778225050 local 1455
May 08 07:24:11 ip-172-31-35-142.eu-west-1.compute.internal dlm_controld[14899]: 1456 fence status 5 receive -1 from 2 walltime 1778225051 local 1456
May 08 07:24:12 ip-172-31-35-142.eu-west-1.compute.internal dlm_controld[14899]: 1457 fence status 5 receive -1 from 3 walltime 1778225052 local 1457
May 08 07:24:13 ip-172-31-35-142.eu-west-1.compute.internal dlm_controld[14899]: 1458 fence status 5 receive -1 from 4 walltime 1778225053 local 1458
May 08 07:24:13 ip-172-31-35-142.eu-west-1.compute.internal dlm_controld[14899]: 1458 fence request 5 pid 23977 nodedown time 1778225021 fence_all dlm_stonith
May 08 07:24:14 ip-172-31-35-142.eu-west-1.compute.internal dlm_controld[14899]: 1459 fence result 5 pid 23977 result -1 term signal 6
May 08 07:24:14 ip-172-31-35-142.eu-west-1.compute.internal dlm_controld[14899]: 1459 fence status 5 receive -1 from 1 walltime 1778225054 local 1459
May 08 07:24:15 ip-172-31-35-142.eu-west-1.compute.internal dlm_controld[14899]: 1460 fence status 5 receive -1 from 2 walltime 1778225055 local 1460
May 08 07:24:16 ip-172-31-35-142.eu-west-1.compute.internal dlm_controld[14899]: 1461 fence status 5 receive -1 from 3 walltime 1778225056 local 1461
May 08 07:24:17 ip-172-31-35-142.eu-west-1.compute.internal dlm_controld[14899]: 1462 fence status 5 receive -1 from 4 walltime 1778225057 local 1462
May 08 07:24:17 ip-172-31-35-142.eu-west-1.compute.internal dlm_controld[14899]: 1462 fence request 5 pid 24023 nodedown time 1778225021 fence_all dlm_stonith
May 08 07:24:18 ip-172-31-35-142.eu-west-1.compute.internal dlm_controld[14899]: 1463 fence result 5 pid 24023 result -1 term signal 6
May 08 07:24:18 ip-172-31-35-142.eu-west-1.compute.internal dlm_controld[14899]: 1463 fence status 5 receive -1 from 1 walltime 1778225058 local 1463
May 08 07:24:19 ip-172-31-35-142.eu-west-1.compute.internal dlm_controld[14899]: 1464 fence status 5 receive -1 from 2 walltime 1778225059 local 1464
May 08 07:24:20 ip-172-31-35-142.eu-west-1.compute.internal dlm_controld[14899]: 1465 fence status 5 receive -1 from 3 walltime 1778225060 local 1465
May 08 07:24:21 ip-172-31-35-142.eu-west-1.compute.internal dlm_controld[14899]: 1466 fence status 5 receive -1 from 4 walltime 1778225061 local 1466
May 08 07:24:21 ip-172-31-35-142.eu-west-1.compute.internal dlm_controld[14899]: 1466 fence request 5 pid 24057 nodedown time 1778225021 fence_all dlm_stonith
May 08 07:24:22 ip-172-31-35-142.eu-west-1.compute.internal dlm_controld[14899]: 1467 fence result 5 pid 24057 result -1 term signal 6
May 08 07:24:22 ip-172-31-35-142.eu-west-1.compute.internal dlm_controld[14899]: 1467 fence status 5 receive -1 from 1 walltime 1778225062 local 1467
May 08 07:24:23 ip-172-31-35-142.eu-west-1.compute.internal dlm_controld[14899]: 1468 fence status 5 receive -1 from 2 walltime 1778225063 local 1468
May 08 07:24:24 ip-172-31-35-142.eu-west-1.compute.internal dlm_controld[14899]: 1469 fence status 5 receive -1 from 3 walltime 1778225064 local 1469
May 08 07:24:25 ip-172-31-35-142.eu-west-1.compute.internal dlm_controld[14899]: 1470 fence status 5 receive -1 from 4 walltime 1778225065 local 1470
May 08 07:24:25 ip-172-31-35-142.eu-west-1.compute.internal dlm_controld[14899]: 1470 fence request 5 pid 24120 nodedown time 1778225021 fence_all dlm_stonith
May 08 07:24:26 ip-172-31-35-142.eu-west-1.compute.internal dlm_controld[14899]: 1471 fence result 5 pid 24120 result -1 term signal 6
May 08 07:24:26 ip-172-31-35-142.eu-west-1.compute.internal dlm_controld[14899]: 1471 fence status 5 receive -1 from 1 walltime 1778225066 local 1471
May 08 07:24:27 ip-172-31-35-142.eu-west-1.compute.internal dlm_controld[14899]: 1472 fence status 5 receive -1 from 2 walltime 1778225067 local 1472
May 08 07:24:28 ip-172-31-35-142.eu-west-1.compute.internal dlm_controld[14899]: 1473 fence status 5 receive -1 from 3 walltime 1778225068 local 1473
May 08 07:24:29 ip-172-31-35-142.eu-west-1.compute.internal dlm_controld[14899]: 1474 fence status 5 receive -1 from 4 walltime 1778225069 local 1474
May 08 07:24:29 ip-172-31-35-142.eu-west-1.compute.internal dlm_controld[14899]: 1474 fence request 5 pid 24143 nodedown time 1778225021 fence_all dlm_stonith
May 08 07:24:30 ip-172-31-35-142.eu-west-1.compute.internal dlm_controld[14899]: 1475 fence result 5 pid 24143 result -1 term signal 6
May 08 07:24:30 ip-172-31-35-142.eu-west-1.compute.internal dlm_controld[14899]: 1475 fence status 5 receive -1 from 1 walltime 1778225070 local 1475
May 08 07:24:31 ip-172-31-35-142.eu-west-1.compute.internal dlm_controld[14899]: 1476 fence status 5 receive -1 from 2 walltime 1778225071 local 1476
May 08 07:24:32 ip-172-31-35-142.eu-west-1.compute.internal dlm_controld[14899]: 1477 fence status 5 receive -1 from 3 walltime 1778225072 local 1477
May 08 07:24:33 ip-172-31-35-142.eu-west-1.compute.internal dlm_controld[14899]: 1478 fence status 5 receive -1 from 4 walltime 1778225073 local 1478
May 08 07:24:33 ip-172-31-35-142.eu-west-1.compute.internal dlm_controld[14899]: 1478 fence request 5 pid 24207 nodedown time 1778225021 fence_all dlm_stonith
May 08 07:24:34 ip-172-31-35-142.eu-west-1.compute.internal dlm_controld[14899]: 1479 fence result 5 pid 24207 result -1 term signal 6
May 08 07:24:34 ip-172-31-35-142.eu-west-1.compute.internal dlm_controld[14899]: 1479 fence status 5 receive -1 from 1 walltime 1778225074 local 1479
May 08 07:24:35 ip-172-31-35-142.eu-west-1.compute.internal dlm_controld[14899]: 1480 fence status 5 receive -1 from 2 walltime 1778225075 local 1480
May 08 07:24:36 ip-172-31-35-142.eu-west-1.compute.internal dlm_controld[14899]: 1481 fence status 5 receive -1 from 3 walltime 1778225076 local 1481
May 08 07:24:37 ip-172-31-35-142.eu-west-1.compute.internal dlm_controld[14899]: 1482 fence status 5 receive -1 from 4 walltime 1778225077 local 1482
May 08 07:24:37 ip-172-31-35-142.eu-west-1.compute.internal dlm_controld[14899]: 1482 fence request 5 pid 24229 nodedown time 1778225021 fence_all dlm_stonith
May 08 07:24:38 ip-172-31-35-142.eu-west-1.compute.internal dlm_controld[14899]: 1483 fence result 5 pid 24229 result -1 term signal 6
May 08 07:24:38 ip-172-31-35-142.eu-west-1.compute.internal dlm_controld[14899]: 1483 fence status 5 receive -1 from 1 walltime 1778225078 local 1483
May 08 07:24:39 ip-172-31-35-142.eu-west-1.compute.internal dlm_controld[14899]: 1484 fence status 5 receive -1 from 2 walltime 1778225079 local 1484
May 08 07:24:40 ip-172-31-35-142.eu-west-1.compute.internal dlm_controld[14899]: 1485 fence status 5 receive -1 from 3 walltime 1778225080 local 1485
May 08 07:24:41 ip-172-31-35-142.eu-west-1.compute.internal dlm_controld[14899]: 1486 fence status 5 receive -1 from 4 walltime 1778225081 local 1486
May 08 07:24:41 ip-172-31-35-142.eu-west-1.compute.internal dlm_controld[14899]: 1486 fence request 5 pid 24251 nodedown time 1778225021 fence_all dlm_stonith
May 08 07:24:42 ip-172-31-35-142.eu-west-1.compute.internal dlm_controld[14899]: 1487 fence result 5 pid 24251 result -1 term signal 6
May 08 07:24:42 ip-172-31-35-142.eu-west-1.compute.internal dlm_controld[14899]: 1487 fence status 5 receive -1 from 1 walltime 1778225082 local 1487
May 08 07:24:43 ip-172-31-35-142.eu-west-1.compute.internal dlm_controld[14899]: 1488 fence status 5 receive -1 from 2 walltime 1778225083 local 1488
May 08 07:24:44 ip-172-31-35-142.eu-west-1.compute.internal dlm_controld[14899]: 1489 fence status 5 receive -1 from 3 walltime 1778225084 local 1489
May 08 07:24:45 ip-172-31-35-142.eu-west-1.compute.internal dlm_controld[14899]: 1490 fence status 5 receive -1 from 4 walltime 1778225085 local 1490
May 08 07:24:45 ip-172-31-35-142.eu-west-1.compute.internal dlm_controld[14899]: 1490 fence request 5 pid 24331 nodedown time 1778225021 fence_all dlm_stonith
May 08 07:24:46 ip-172-31-35-142.eu-west-1.compute.internal dlm_controld[14899]: 1491 fence result 5 pid 24331 result -1 term signal 6
May 08 07:24:46 ip-172-31-35-142.eu-west-1.compute.internal dlm_controld[14899]: 1491 fence status 5 receive -1 from 1 walltime 1778225086 local 1491
May 08 07:24:47 ip-172-31-35-142.eu-west-1.compute.internal dlm_controld[14899]: 1492 fence status 5 receive -1 from 2 walltime 1778225087 local 1492
May 08 07:24:48 ip-172-31-35-142.eu-west-1.compute.internal dlm_controld[14899]: 1493 fence status 5 receive -1 from 3 walltime 1778225088 local 1493
May 08 07:24:49 ip-172-31-35-142.eu-west-1.compute.internal dlm_controld[14899]: 1494 fence status 5 receive -1 from 4 walltime 1778225089 local 1494
May 08 07:24:49 ip-172-31-35-142.eu-west-1.compute.internal dlm_controld[14899]: 1494 fence request 5 pid 24355 nodedown time 1778225021 fence_all dlm_stonith
May 08 07:24:50 ip-172-31-35-142.eu-west-1.compute.internal dlm_controld[14899]: 1495 fence result 5 pid 24355 result -1 term signal 6
May 08 07:24:50 ip-172-31-35-142.eu-west-1.compute.internal dlm_controld[14899]: 1495 fence status 5 receive -1 from 1 walltime 1778225090 local 1495
May 08 07:24:51 ip-172-31-35-142.eu-west-1.compute.internal dlm_controld[14899]: 1496 fence status 5 receive -1 from 2 walltime 1778225091 local 1496
May 08 07:24:52 ip-172-31-35-142.eu-west-1.compute.internal dlm_controld[14899]: 1497 fence status 5 receive -1 from 3 walltime 1778225092 local 1497
May 08 07:24:53 ip-172-31-35-142.eu-west-1.compute.internal dlm_controld[14899]: 1498 fence status 5 receive -1 from 4 walltime 1778225093 local 1498
May 08 07:24:53 ip-172-31-35-142.eu-west-1.compute.internal dlm_controld[14899]: 1498 fence request 5 pid 24434 nodedown time 1778225021 fence_all dlm_stonith
May 08 07:24:54 ip-172-31-35-142.eu-west-1.compute.internal dlm_controld[14899]: 1499 fence result 5 pid 24434 result -1 term signal 6
May 08 07:24:54 ip-172-31-35-142.eu-west-1.compute.internal dlm_controld[14899]: 1499 fence status 5 receive -1 from 1 walltime 1778225094 local 1499
May 08 07:24:55 ip-172-31-35-142.eu-west-1.compute.internal dlm_controld[14899]: 1500 fence status 5 receive -1 from 2 walltime 1778225095 local 1500
May 08 07:24:56 ip-172-31-35-142.eu-west-1.compute.internal dlm_controld[14899]: 1501 fence status 5 receive -1 from 3 walltime 1778225096 local 1501
May 08 07:24:57 ip-172-31-35-142.eu-west-1.compute.internal dlm_controld[14899]: 1502 fence status 5 receive -1 from 4 walltime 1778225097 local 1502
May 08 07:24:57 ip-172-31-35-142.eu-west-1.compute.internal dlm_controld[14899]: 1502 fence request 5 pid 24451 nodedown time 1778225021 fence_all dlm_stonith
May 08 07:24:58 ip-172-31-35-142.eu-west-1.compute.internal dlm_controld[14899]: 1503 fence result 5 pid 24451 result -1 term signal 6
May 08 07:24:58 ip-172-31-35-142.eu-west-1.compute.internal dlm_controld[14899]: 1503 fence status 5 receive -1 from 1 walltime 1778225098 local 1503
May 08 07:24:59 ip-172-31-35-142.eu-west-1.compute.internal dlm_controld[14899]: 1504 fence status 5 receive -1 from 2 walltime 1778225099 local 1504
May 08 07:25:00 ip-172-31-35-142.eu-west-1.compute.internal dlm_controld[14899]: 1505 fence status 5 receive -1 from 3 walltime 1778225100 local 1505
May 08 07:25:01 ip-172-31-35-142.eu-west-1.compute.internal dlm_controld[14899]: 1506 fence status 5 receive -1 from 4 walltime 1778225101 local 1506
May 08 07:25:01 ip-172-31-35-142.eu-west-1.compute.internal dlm_controld[14899]: 1506 fence request 5 pid 24479 nodedown time 1778225021 fence_all dlm_stonith
May 08 07:25:02 ip-172-31-35-142.eu-west-1.compute.internal dlm_controld[14899]: 1507 fence result 5 pid 24479 result -1 term signal 6
May 08 07:25:02 ip-172-31-35-142.eu-west-1.compute.internal dlm_controld[14899]: 1507 fence status 5 receive -1 from 1 walltime 1778225102 local 1507
May 08 07:25:03 ip-172-31-35-142.eu-west-1.compute.internal dlm_controld[14899]: 1508 fence status 5 receive -1 from 2 walltime 1778225103 local 1508
May 08 07:25:04 ip-172-31-35-142.eu-west-1.compute.internal dlm_controld[14899]: 1509 fence status 5 receive -1 from 3 walltime 1778225104 local 1509
May 08 07:25:05 ip-172-31-35-142.eu-west-1.compute.internal dlm_controld[14899]: 1510 fence status 5 receive -1 from 4 walltime 1778225105 local 1510
May 08 07:25:05 ip-172-31-35-142.eu-west-1.compute.internal dlm_controld[14899]: 1510 fence request 5 pid 24542 nodedown time 1778225021 fence_all dlm_stonith
May 08 07:25:06 ip-172-31-35-142.eu-west-1.compute.internal dlm_controld[14899]: 1511 fence result 5 pid 24542 result -1 term signal 6
May 08 07:25:06 ip-172-31-35-142.eu-west-1.compute.internal dlm_controld[14899]: 1511 fence status 5 receive -1 from 1 walltime 1778225106 local 1511
May 08 07:25:07 ip-172-31-35-142.eu-west-1.compute.internal dlm_controld[14899]: 1512 fence status 5 receive -1 from 2 walltime 1778225107 local 1512
May 08 07:25:08 ip-172-31-35-142.eu-west-1.compute.internal dlm_controld[14899]: 1513 fence status 5 receive -1 from 3 walltime 1778225108 local 1513
May 08 07:25:09 ip-172-31-35-142.eu-west-1.compute.internal dlm_controld[14899]: 1514 fence status 5 receive -1 from 4 walltime 1778225109 local 1514
May 08 07:25:09 ip-172-31-35-142.eu-west-1.compute.internal dlm_controld[14899]: 1514 fence request 5 pid 24559 nodedown time 1778225021 fence_all dlm_stonith
May 08 07:25:10 ip-172-31-35-142.eu-west-1.compute.internal dlm_controld[14899]: 1515 fence result 5 pid 24559 result -1 term signal 6
May 08 07:25:10 ip-172-31-35-142.eu-west-1.compute.internal dlm_controld[14899]: 1515 fence status 5 receive -1 from 1 walltime 1778225110 local 1515
May 08 07:25:11 ip-172-31-35-142.eu-west-1.compute.internal dlm_controld[14899]: 1516 fence status 5 receive -1 from 2 walltime 1778225111 local 1516
May 08 07:25:12 ip-172-31-35-142.eu-west-1.compute.internal dlm_controld[14899]: 1517 fence status 5 receive -1 from 3 walltime 1778225112 local 1517
May 08 07:25:13 ip-172-31-35-142.eu-west-1.compute.internal dlm_controld[14899]: 1518 fence status 5 receive -1 from 4 walltime 1778225113 local 1518
May 08 07:25:13 ip-172-31-35-142.eu-west-1.compute.internal dlm_controld[14899]: 1518 fence request 5 pid 24623 nodedown time 1778225021 fence_all dlm_stonith
May 08 07:25:14 ip-172-31-35-142.eu-west-1.compute.internal dlm_controld[14899]: 1519 fence result 5 pid 24623 result -1 term signal 6
May 08 07:25:14 ip-172-31-35-142.eu-west-1.compute.internal dlm_controld[14899]: 1519 fence status 5 receive -1 from 1 walltime 1778225114 local 1519
May 08 07:25:15 ip-172-31-35-142.eu-west-1.compute.internal dlm_controld[14899]: 1520 fence status 5 receive -1 from 2 walltime 1778225115 local 1520
May 08 07:25:16 ip-172-31-35-142.eu-west-1.compute.internal dlm_controld[14899]: 1521 fence status 5 receive -1 from 3 walltime 1778225116 local 1521
May 08 07:25:17 ip-172-31-35-142.eu-west-1.compute.internal dlm_controld[14899]: 1522 fence status 5 receive -1 from 4 walltime 1778225117 local 1522
May 08 07:25:17 ip-172-31-35-142.eu-west-1.compute.internal dlm_controld[14899]: 1522 fence request 5 pid 24669 nodedown time 1778225021 fence_all dlm_stonith
May 08 07:25:18 ip-172-31-35-142.eu-west-1.compute.internal dlm_controld[14899]: 1523 fence result 5 pid 24669 result -1 term signal 6
May 08 07:25:18 ip-172-31-35-142.eu-west-1.compute.internal dlm_controld[14899]: 1523 fence status 5 receive -1 from 1 walltime 1778225118 local 1523
May 08 07:25:19 ip-172-31-35-142.eu-west-1.compute.internal dlm_controld[14899]: 1524 fence status 5 receive -1 from 2 walltime 1778225119 local 1524
May 08 07:25:20 ip-172-31-35-142.eu-west-1.compute.internal dlm_controld[14899]: 1525 fence status 5 receive -1 from 3 walltime 1778225120 local 1525
May 08 07:25:21 ip-172-31-35-142.eu-west-1.compute.internal dlm_controld[14899]: 1526 fence status 5 receive -1 from 4 walltime 1778225121 local 1526
May 08 07:25:21 ip-172-31-35-142.eu-west-1.compute.internal dlm_controld[14899]: 1526 fence request 5 pid 24702 nodedown time 1778225021 fence_all dlm_stonith
May 08 07:25:22 ip-172-31-35-142.eu-west-1.compute.internal dlm_controld[14899]: 1527 fence result 5 pid 24702 result -1 term signal 6
May 08 07:25:22 ip-172-31-35-142.eu-west-1.compute.internal dlm_controld[14899]: 1527 fence status 5 receive -1 from 1 walltime 1778225122 local 1527
May 08 07:25:23 ip-172-31-35-142.eu-west-1.compute.internal dlm_controld[14899]: 1528 fence status 5 receive -1 from 2 walltime 1778225123 local 1528
May 08 07:25:24 ip-172-31-35-142.eu-west-1.compute.internal dlm_controld[14899]: 1529 fence status 5 receive -1 from 3 walltime 1778225124 local 1529
May 08 07:25:25 ip-172-31-35-142.eu-west-1.compute.internal dlm_controld[14899]: 1530 fence status 5 receive -1 from 4 walltime 1778225125 local 1530
May 08 07:25:25 ip-172-31-35-142.eu-west-1.compute.internal dlm_controld[14899]: 1530 fence request 5 pid 24765 nodedown time 1778225021 fence_all dlm_stonith
May 08 07:25:26 ip-172-31-35-142.eu-west-1.compute.internal dlm_controld[14899]: 1531 fence result 5 pid 24765 result -1 term signal 6
May 08 07:25:26 ip-172-31-35-142.eu-west-1.compute.internal dlm_controld[14899]: 1531 fence status 5 receive -1 from 1 walltime 1778225126 local 1531
May 08 07:25:27 ip-172-31-35-142.eu-west-1.compute.internal dlm_controld[14899]: 1532 fence status 5 receive -1 from 2 walltime 1778225127 local 1532
May 08 07:25:28 ip-172-31-35-142.eu-west-1.compute.internal dlm_controld[14899]: 1533 fence status 5 receive -1 from 3 walltime 1778225128 local 1533
May 08 07:25:29 ip-172-31-35-142.eu-west-1.compute.internal dlm_controld[14899]: 1534 fence status 5 receive -1 from 4 walltime 1778225129 local 1534
May 08 07:25:29 ip-172-31-35-142.eu-west-1.compute.internal dlm_controld[14899]: 1534 fence request 5 pid 24792 nodedown time 1778225021 fence_all dlm_stonith
May 08 07:25:30 ip-172-31-35-142.eu-west-1.compute.internal dlm_controld[14899]: 1535 fence result 5 pid 24792 result -1 term signal 6
May 08 07:25:30 ip-172-31-35-142.eu-west-1.compute.internal dlm_controld[14899]: 1535 fence status 5 receive -1 from 1 walltime 1778225130 local 1535
May 08 07:25:31 ip-172-31-35-142.eu-west-1.compute.internal dlm_controld[14899]: 1536 fence status 5 receive -1 from 2 walltime 1778225131 local 1536
May 08 07:25:32 ip-172-31-35-142.eu-west-1.compute.internal dlm_controld[14899]: 1537 fence status 5 receive -1 from 3 walltime 1778225132 local 1537
May 08 07:25:33 ip-172-31-35-142.eu-west-1.compute.internal dlm_controld[14899]: 1538 fence status 5 receive -1 from 4 walltime 1778225133 local 1538
May 08 07:25:33 ip-172-31-35-142.eu-west-1.compute.internal dlm_controld[14899]: 1538 fence request 5 pid 24852 nodedown time 1778225021 fence_all dlm_stonith
May 08 07:25:34 ip-172-31-35-142.eu-west-1.compute.internal dlm_controld[14899]: 1539 fence result 5 pid 24852 result -1 term signal 6
May 08 07:25:34 ip-172-31-35-142.eu-west-1.compute.internal dlm_controld[14899]: 1539 fence status 5 receive -1 from 1 walltime 1778225134 local 1539
May 08 07:25:35 ip-172-31-35-142.eu-west-1.compute.internal dlm_controld[14899]: 1540 fence status 5 receive -1 from 2 walltime 1778225135 local 1540
May 08 07:25:36 ip-172-31-35-142.eu-west-1.compute.internal dlm_controld[14899]: 1541 fence status 5 receive -1 from 3 walltime 1778225136 local 1541
May 08 07:25:37 ip-172-31-35-142.eu-west-1.compute.internal dlm_controld[14899]: 1542 fence status 5 receive -1 from 4 walltime 1778225137 local 1542
May 08 07:25:37 ip-172-31-35-142.eu-west-1.compute.internal dlm_controld[14899]: 1542 fence request 5 pid 24875 nodedown time 1778225021 fence_all dlm_stonith
May 08 07:25:38 ip-172-31-35-142.eu-west-1.compute.internal dlm_controld[14899]: 1543 fence result 5 pid 24875 result -1 term signal 6
May 08 07:25:38 ip-172-31-35-142.eu-west-1.compute.internal dlm_controld[14899]: 1543 fence status 5 receive -1 from 1 walltime 1778225138 local 1543
May 08 07:25:39 ip-172-31-35-142.eu-west-1.compute.internal dlm_controld[14899]: 1544 fence status 5 receive -1 from 2 walltime 1778225139 local 1544
May 08 07:25:40 ip-172-31-35-142.eu-west-1.compute.internal dlm_controld[14899]: 1545 fence status 5 receive -1 from 3 walltime 1778225140 local 1545
May 08 07:25:41 ip-172-31-35-142.eu-west-1.compute.internal dlm_controld[14899]: 1546 fence status 5 receive -1 from 4 walltime 1778225141 local 1546
May 08 07:25:41 ip-172-31-35-142.eu-west-1.compute.internal dlm_controld[14899]: 1546 fence request 5 pid 24897 nodedown time 1778225021 fence_all dlm_stonith
May 08 07:25:42 ip-172-31-35-142.eu-west-1.compute.internal dlm_controld[14899]: 1547 fence result 5 pid 24897 result -1 term signal 6
May 08 07:25:42 ip-172-31-35-142.eu-west-1.compute.internal dlm_controld[14899]: 1547 fence status 5 receive -1 from 1 walltime 1778225142 local 1547
May 08 07:25:43 ip-172-31-35-142.eu-west-1.compute.internal dlm_controld[14899]: 1548 fence status 5 receive -1 from 2 walltime 1778225143 local 1548
May 08 07:25:44 ip-172-31-35-142.eu-west-1.compute.internal dlm_controld[14899]: 1549 fence status 5 receive -1 from 3 walltime 1778225144 local 1549
May 08 07:25:45 ip-172-31-35-142.eu-west-1.compute.internal dlm_controld[14899]: 1550 fence status 5 receive -1 from 4 walltime 1778225145 local 1550
May 08 07:25:45 ip-172-31-35-142.eu-west-1.compute.internal dlm_controld[14899]: 1550 fence request 5 pid 24979 nodedown time 1778225021 fence_all dlm_stonith
May 08 07:25:46 ip-172-31-35-142.eu-west-1.compute.internal dlm_controld[14899]: 1551 fence result 5 pid 24979 result -1 term signal 6
May 08 07:25:46 ip-172-31-35-142.eu-west-1.compute.internal dlm_controld[14899]: 1551 fence status 5 receive -1 from 1 walltime 1778225146 local 1551
May 08 07:25:47 ip-172-31-35-142.eu-west-1.compute.internal dlm_controld[14899]: 1552 fence status 5 receive -1 from 2 walltime 1778225147 local 1552
May 08 07:25:48 ip-172-31-35-142.eu-west-1.compute.internal dlm_controld[14899]: 1554 fence status 5 receive -1 from 3 walltime 1778225148 local 1554
May 08 07:25:49 ip-172-31-35-142.eu-west-1.compute.internal dlm_controld[14899]: 1555 fence status 5 receive -1 from 4 walltime 1778225149 local 1555
May 08 07:25:49 ip-172-31-35-142.eu-west-1.compute.internal dlm_controld[14899]: 1555 fence request 5 pid 25001 nodedown time 1778225021 fence_all dlm_stonith
May 08 07:25:50 ip-172-31-35-142.eu-west-1.compute.internal dlm_controld[14899]: 1556 fence result 5 pid 25001 result -1 term signal 6
May 08 07:25:50 ip-172-31-35-142.eu-west-1.compute.internal dlm_controld[14899]: 1556 fence status 5 receive -1 from 1 walltime 1778225150 local 1556
May 08 07:25:51 ip-172-31-35-142.eu-west-1.compute.internal dlm_controld[14899]: 1557 fence status 5 receive -1 from 2 walltime 1778225151 local 1557
May 08 07:25:52 ip-172-31-35-142.eu-west-1.compute.internal dlm_controld[14899]: 1558 fence status 5 receive -1 from 3 walltime 1778225152 local 1558
May 08 07:25:53 ip-172-31-35-142.eu-west-1.compute.internal dlm_controld[14899]: 1559 fence status 5 receive -1 from 4 walltime 1778225153 local 1559
May 08 07:25:53 ip-172-31-35-142.eu-west-1.compute.internal dlm_controld[14899]: 1559 fence request 5 pid 25080 nodedown time 1778225021 fence_all dlm_stonith
May 08 07:25:54 ip-172-31-35-142.eu-west-1.compute.internal dlm_controld[14899]: 1560 fence result 5 pid 25080 result -1 term signal 6
May 08 07:25:54 ip-172-31-35-142.eu-west-1.compute.internal dlm_controld[14899]: 1560 fence status 5 receive -1 from 1 walltime 1778225154 local 1560
May 08 07:25:55 ip-172-31-35-142.eu-west-1.compute.internal dlm_controld[14899]: 1561 fence status 5 receive -1 from 2 walltime 1778225155 local 1561
May 08 07:25:56 ip-172-31-35-142.eu-west-1.compute.internal dlm_controld[14899]: 1562 fence status 5 receive -1 from 3 walltime 1778225156 local 1562
May 08 07:25:57 ip-172-31-35-142.eu-west-1.compute.internal dlm_controld[14899]: 1563 fence status 5 receive -1 from 4 walltime 1778225157 local 1563
May 08 07:25:57 ip-172-31-35-142.eu-west-1.compute.internal dlm_controld[14899]: 1563 fence request 5 pid 25097 nodedown time 1778225021 fence_all dlm_stonith
May 08 07:25:58 ip-172-31-35-142.eu-west-1.compute.internal dlm_controld[14899]: 1564 fence result 5 pid 25097 result -1 term signal 6
May 08 07:25:58 ip-172-31-35-142.eu-west-1.compute.internal dlm_controld[14899]: 1564 fence status 5 receive -1 from 1 walltime 1778225158 local 1564
May 08 07:25:59 ip-172-31-35-142.eu-west-1.compute.internal dlm_controld[14899]: 1565 fence status 5 receive -1 from 2 walltime 1778225159 local 1565
May 08 07:26:00 ip-172-31-35-142.eu-west-1.compute.internal dlm_controld[14899]: 1566 fence status 5 receive -1 from 3 walltime 1778225160 local 1566
May 08 07:26:01 ip-172-31-35-142.eu-west-1.compute.internal dlm_controld[14899]: 1567 fence status 5 receive -1 from 4 walltime 1778225161 local 1567
May 08 07:26:01 ip-172-31-35-142.eu-west-1.compute.internal dlm_controld[14899]: 1567 fence request 5 pid 25125 nodedown time 1778225021 fence_all dlm_stonith
May 08 07:26:02 ip-172-31-35-142.eu-west-1.compute.internal dlm_controld[14899]: 1568 fence result 5 pid 25125 result -1 term signal 6
May 08 07:26:02 ip-172-31-35-142.eu-west-1.compute.internal dlm_controld[14899]: 1568 fence status 5 receive -1 from 1 walltime 1778225162 local 1568
May 08 07:26:03 ip-172-31-35-142.eu-west-1.compute.internal dlm_controld[14899]: 1569 fence status 5 receive -1 from 2 walltime 1778225163 local 1569
May 08 07:26:04 ip-172-31-35-142.eu-west-1.compute.internal dlm_controld[14899]: 1570 fence status 5 receive -1 from 3 walltime 1778225164 local 1570
May 08 07:26:05 ip-172-31-35-142.eu-west-1.compute.internal dlm_controld[14899]: 1571 fence status 5 receive -1 from 4 walltime 1778225165 local 1571
May 08 07:26:05 ip-172-31-35-142.eu-west-1.compute.internal dlm_controld[14899]: 1571 fence request 5 pid 25188 nodedown time 1778225021 fence_all dlm_stonith
May 08 07:26:06 ip-172-31-35-142.eu-west-1.compute.internal dlm_controld[14899]: 1572 fence result 5 pid 25188 result -1 term signal 6
May 08 07:26:06 ip-172-31-35-142.eu-west-1.compute.internal dlm_controld[14899]: 1572 fence status 5 receive -1 from 1 walltime 1778225166 local 1572
May 08 07:26:07 ip-172-31-35-142.eu-west-1.compute.internal dlm_controld[14899]: 1573 fence status 5 receive -1 from 2 walltime 1778225167 local 1573
May 08 07:26:08 ip-172-31-35-142.eu-west-1.compute.internal dlm_controld[14899]: 1574 fence status 5 receive -1 from 3 walltime 1778225168 local 1574
May 08 07:26:09 ip-172-31-35-142.eu-west-1.compute.internal dlm_controld[14899]: 1575 fence status 5 receive -1 from 4 walltime 1778225169 local 1575
May 08 07:26:09 ip-172-31-35-142.eu-west-1.compute.internal dlm_controld[14899]: 1575 fence request 5 pid 25205 nodedown time 1778225021 fence_all dlm_stonith
May 08 07:26:10 ip-172-31-35-142.eu-west-1.compute.internal dlm_controld[14899]: 1576 fence result 5 pid 25205 result -1 term signal 6
May 08 07:26:10 ip-172-31-35-142.eu-west-1.compute.internal dlm_controld[14899]: 1576 fence status 5 receive -1 from 1 walltime 1778225170 local 1576
May 08 07:26:11 ip-172-31-35-142.eu-west-1.compute.internal dlm_controld[14899]: 1577 fence status 5 receive -1 from 2 walltime 1778225171 local 1577
May 08 07:26:12 ip-172-31-35-142.eu-west-1.compute.internal dlm_controld[14899]: 1578 fence status 5 receive -1 from 3 walltime 1778225172 local 1578
May 08 07:26:13 ip-172-31-35-142.eu-west-1.compute.internal dlm_controld[14899]: 1579 fence status 5 receive -1 from 4 walltime 1778225173 local 1579
May 08 07:26:13 ip-172-31-35-142.eu-west-1.compute.internal dlm_controld[14899]: 1579 fence request 5 pid 25274 nodedown time 1778225021 fence_all dlm_stonith
May 08 07:26:14 ip-172-31-35-142.eu-west-1.compute.internal dlm_controld[14899]: 1580 fence result 5 pid 25274 result -1 term signal 6
May 08 07:26:14 ip-172-31-35-142.eu-west-1.compute.internal dlm_controld[14899]: 1580 fence status 5 receive -1 from 1 walltime 1778225174 local 1580
May 08 07:26:15 ip-172-31-35-142.eu-west-1.compute.internal dlm_controld[14899]: 1581 fence status 5 receive -1 from 2 walltime 1778225175 local 1581
May 08 07:26:16 ip-172-31-35-142.eu-west-1.compute.internal dlm_controld[14899]: 1582 fence status 5 receive -1 from 3 walltime 1778225176 local 1582
May 08 07:26:17 ip-172-31-35-142.eu-west-1.compute.internal dlm_controld[14899]: 1583 fence status 5 receive -1 from 4 walltime 1778225177 local 1583
May 08 07:26:17 ip-172-31-35-142.eu-west-1.compute.internal dlm_controld[14899]: 1583 fence request 5 pid 25314 nodedown time 1778225021 fence_all dlm_stonith
May 08 07:26:18 ip-172-31-35-142.eu-west-1.compute.internal dlm_controld[14899]: 1584 fence result 5 pid 25314 result -1 term signal 6
May 08 07:26:18 ip-172-31-35-142.eu-west-1.compute.internal dlm_controld[14899]: 1584 fence status 5 receive -1 from 1 walltime 1778225178 local 1584
May 08 07:26:19 ip-172-31-35-142.eu-west-1.compute.internal dlm_controld[14899]: 1585 fence status 5 receive -1 from 2 walltime 1778225179 local 1585
May 08 07:26:20 ip-172-31-35-142.eu-west-1.compute.internal dlm_controld[14899]: 1586 fence status 5 receive -1 from 3 walltime 1778225180 local 1586
May 08 07:26:21 ip-172-31-35-142.eu-west-1.compute.internal dlm_controld[14899]: 1587 fence status 5 receive -1 from 4 walltime 1778225181 local 1587
May 08 07:26:21 ip-172-31-35-142.eu-west-1.compute.internal dlm_controld[14899]: 1587 fence request 5 pid 25347 nodedown time 1778225021 fence_all dlm_stonith
May 08 07:26:22 ip-172-31-35-142.eu-west-1.compute.internal dlm_controld[14899]: 1588 fence result 5 pid 25347 result -1 term signal 6
May 08 07:26:22 ip-172-31-35-142.eu-west-1.compute.internal dlm_controld[14899]: 1588 fence status 5 receive -1 from 1 walltime 1778225182 local 1588
May 08 07:26:23 ip-172-31-35-142.eu-west-1.compute.internal dlm_controld[14899]: 1589 fence status 5 receive -1 from 2 walltime 1778225183 local 1589
May 08 07:26:24 ip-172-31-35-142.eu-west-1.compute.internal dlm_controld[14899]: 1590 fence status 5 receive -1 from 3 walltime 1778225184 local 1590
May 08 07:26:25 ip-172-31-35-142.eu-west-1.compute.internal dlm_controld[14899]: 1591 fence status 5 receive -1 from 4 walltime 1778225185 local 1591
May 08 07:26:25 ip-172-31-35-142.eu-west-1.compute.internal dlm_controld[14899]: 1591 fence request 5 pid 25410 nodedown time 1778225021 fence_all dlm_stonith
May 08 07:26:26 ip-172-31-35-142.eu-west-1.compute.internal dlm_controld[14899]: 1592 fence result 5 pid 25410 result -1 term signal 6
May 08 07:26:26 ip-172-31-35-142.eu-west-1.compute.internal dlm_controld[14899]: 1592 fence status 5 receive -1 from 1 walltime 1778225186 local 1592
May 08 07:26:27 ip-172-31-35-142.eu-west-1.compute.internal dlm_controld[14899]: 1593 fence status 5 receive -1 from 2 walltime 1778225187 local 1593
May 08 07:26:28 ip-172-31-35-142.eu-west-1.compute.internal dlm_controld[14899]: 1594 fence status 5 receive -1 from 3 walltime 1778225188 local 1594
May 08 07:26:29 ip-172-31-35-142.eu-west-1.compute.internal dlm_controld[14899]: 1595 fence status 5 receive -1 from 4 walltime 1778225189 local 1595
May 08 07:26:29 ip-172-31-35-142.eu-west-1.compute.internal dlm_controld[14899]: 1595 fence request 5 pid 25439 nodedown time 1778225021 fence_all dlm_stonith
May 08 07:26:30 ip-172-31-35-142.eu-west-1.compute.internal dlm_controld[14899]: 1596 fence result 5 pid 25439 result -1 term signal 6
May 08 07:26:30 ip-172-31-35-142.eu-west-1.compute.internal dlm_controld[14899]: 1596 fence status 5 receive -1 from 1 walltime 1778225190 local 1596
May 08 07:26:31 ip-172-31-35-142.eu-west-1.compute.internal dlm_controld[14899]: 1597 fence status 5 receive -1 from 2 walltime 1778225191 local 1597
May 08 07:26:32 ip-172-31-35-142.eu-west-1.compute.internal dlm_controld[14899]: 1598 fence status 5 receive -1 from 3 walltime 1778225192 local 1598
May 08 07:26:33 ip-172-31-35-142.eu-west-1.compute.internal dlm_controld[14899]: 1599 fence status 5 receive -1 from 4 walltime 1778225193 local 1599
May 08 07:26:33 ip-172-31-35-142.eu-west-1.compute.internal dlm_controld[14899]: 1599 fence request 5 pid 25497 nodedown time 1778225021 fence_all dlm_stonith
May 08 07:26:34 ip-172-31-35-142.eu-west-1.compute.internal dlm_controld[14899]: 1600 fence result 5 pid 25497 result -1 term signal 6
May 08 07:26:34 ip-172-31-35-142.eu-west-1.compute.internal dlm_controld[14899]: 1600 fence status 5 receive -1 from 1 walltime 1778225194 local 1600
May 08 07:26:35 ip-172-31-35-142.eu-west-1.compute.internal dlm_controld[14899]: 1601 fence status 5 receive -1 from 2 walltime 1778225195 local 1601
May 08 07:26:36 ip-172-31-35-142.eu-west-1.compute.internal dlm_controld[14899]: 1602 fence status 5 receive -1 from 3 walltime 1778225196 local 1602
May 08 07:26:38 ip-172-31-35-142.eu-west-1.compute.internal dlm_controld[14899]: 1603 fence status 5 receive -1 from 4 walltime 1778225198 local 1603
May 08 07:26:38 ip-172-31-35-142.eu-west-1.compute.internal dlm_controld[14899]: 1603 fence request 5 pid 25517 nodedown time 1778225021 fence_all dlm_stonith
May 08 07:26:39 ip-172-31-35-142.eu-west-1.compute.internal dlm_controld[14899]: 1604 fence result 5 pid 25517 result -1 term signal 6
May 08 07:26:39 ip-172-31-35-142.eu-west-1.compute.internal dlm_controld[14899]: 1604 fence status 5 receive -1 from 1 walltime 1778225199 local 1604
May 08 07:26:40 ip-172-31-35-142.eu-west-1.compute.internal dlm_controld[14899]: 1605 fence status 5 receive -1 from 2 walltime 1778225200 local 1605
May 08 07:26:41 ip-172-31-35-142.eu-west-1.compute.internal dlm_controld[14899]: 1606 fence status 5 receive -1 from 3 walltime 1778225201 local 1606
May 08 07:26:42 ip-172-31-35-142.eu-west-1.compute.internal dlm_controld[14899]: 1607 fence status 5 receive -1 from 4 walltime 1778225202 local 1607
May 08 07:26:42 ip-172-31-35-142.eu-west-1.compute.internal dlm_controld[14899]: 1607 fence request 5 pid 25545 nodedown time 1778225021 fence_all dlm_stonith
May 08 07:26:43 ip-172-31-35-142.eu-west-1.compute.internal dlm_controld[14899]: 1608 fence result 5 pid 25545 result -1 term signal 6
May 08 07:26:43 ip-172-31-35-142.eu-west-1.compute.internal dlm_controld[14899]: 1608 fence status 5 receive -1 from 1 walltime 1778225203 local 1608
May 08 07:26:44 ip-172-31-35-142.eu-west-1.compute.internal dlm_controld[14899]: 1609 fence status 5 receive -1 from 2 walltime 1778225204 local 1609
May 08 07:26:45 ip-172-31-35-142.eu-west-1.compute.internal dlm_controld[14899]: 1610 fence status 5 receive -1 from 3 walltime 1778225205 local 1610
May 08 07:26:46 ip-172-31-35-142.eu-west-1.compute.internal dlm_controld[14899]: 1611 fence status 5 receive -1 from 4 walltime 1778225206 local 1611
May 08 07:26:46 ip-172-31-35-142.eu-west-1.compute.internal dlm_controld[14899]: 1611 fence request 5 pid 25623 nodedown time 1778225021 fence_all dlm_stonith
May 08 07:26:47 ip-172-31-35-142.eu-west-1.compute.internal dlm_controld[14899]: 1612 fence result 5 pid 25623 result -1 term signal 6
May 08 07:26:47 ip-172-31-35-142.eu-west-1.compute.internal dlm_controld[14899]: 1612 fence status 5 receive -1 from 1 walltime 1778225207 local 1612
May 08 07:26:48 ip-172-31-35-142.eu-west-1.compute.internal dlm_controld[14899]: 1613 fence status 5 receive -1 from 2 walltime 1778225208 local 1613
May 08 07:26:49 ip-172-31-35-142.eu-west-1.compute.internal dlm_controld[14899]: 1614 fence status 5 receive -1 from 3 walltime 1778225209 local 1614
May 08 07:26:50 ip-172-31-35-142.eu-west-1.compute.internal dlm_controld[14899]: 1615 fence status 5 receive -1 from 4 walltime 1778225210 local 1615
May 08 07:26:50 ip-172-31-35-142.eu-west-1.compute.internal dlm_controld[14899]: 1615 fence request 5 pid 25640 nodedown time 1778225021 fence_all dlm_stonith
May 08 07:26:51 ip-172-31-35-142.eu-west-1.compute.internal dlm_controld[14899]: 1616 fence result 5 pid 25640 result -1 term signal 6
May 08 07:26:51 ip-172-31-35-142.eu-west-1.compute.internal dlm_controld[14899]: 1616 fence status 5 receive -1 from 1 walltime 1778225211 local 1616
May 08 07:26:52 ip-172-31-35-142.eu-west-1.compute.internal dlm_controld[14899]: 1617 fence status 5 receive -1 from 2 walltime 1778225212 local 1617
May 08 07:26:53 ip-172-31-35-142.eu-west-1.compute.internal dlm_controld[14899]: 1618 fence status 5 receive -1 from 3 walltime 1778225213 local 1618
May 08 07:26:54 ip-172-31-35-142.eu-west-1.compute.internal dlm_controld[14899]: 1619 fence status 5 receive -1 from 4 walltime 1778225214 local 1619
May 08 07:26:54 ip-172-31-35-142.eu-west-1.compute.internal dlm_controld[14899]: 1619 fence request 5 pid 25724 nodedown time 1778225021 fence_all dlm_stonith
May 08 07:26:55 ip-172-31-35-142.eu-west-1.compute.internal dlm_controld[14899]: 1620 fence result 5 pid 25724 result -1 term signal 6
May 08 07:26:55 ip-172-31-35-142.eu-west-1.compute.internal dlm_controld[14899]: 1620 fence status 5 receive -1 from 1 walltime 1778225215 local 1620
May 08 07:26:56 ip-172-31-35-142.eu-west-1.compute.internal dlm_controld[14899]: 1621 fence status 5 receive -1 from 2 walltime 1778225216 local 1621
May 08 07:26:57 ip-172-31-35-142.eu-west-1.compute.internal dlm_controld[14899]: 1622 fence status 5 receive -1 from 3 walltime 1778225217 local 1622
May 08 07:26:58 ip-172-31-35-142.eu-west-1.compute.internal dlm_controld[14899]: 1623 fence status 5 receive -1 from 4 walltime 1778225218 local 1623
May 08 07:26:58 ip-172-31-35-142.eu-west-1.compute.internal dlm_controld[14899]: 1623 fence request 5 pid 25747 nodedown time 1778225021 fence_all dlm_stonith
May 08 07:26:59 ip-172-31-35-142.eu-west-1.compute.internal dlm_controld[14899]: 1624 fence result 5 pid 25747 result -1 term signal 6
May 08 07:26:59 ip-172-31-35-142.eu-west-1.compute.internal dlm_controld[14899]: 1624 fence status 5 receive -1 from 1 walltime 1778225219 local 1624
May 08 07:27:00 ip-172-31-35-142.eu-west-1.compute.internal dlm_controld[14899]: 1625 fence status 5 receive -1 from 2 walltime 1778225220 local 1625
May 08 07:27:01 ip-172-31-35-142.eu-west-1.compute.internal dlm_controld[14899]: 1626 fence status 5 receive -1 from 3 walltime 1778225221 local 1626
May 08 07:27:02 ip-172-31-35-142.eu-west-1.compute.internal dlm_controld[14899]: 1627 fence status 5 receive -1 from 4 walltime 1778225222 local 1627
May 08 07:27:02 ip-172-31-35-142.eu-west-1.compute.internal dlm_controld[14899]: 1627 fence request 5 pid 25764 nodedown time 1778225021 fence_all dlm_stonith
May 08 07:27:03 ip-172-31-35-142.eu-west-1.compute.internal dlm_controld[14899]: 1628 fence result 5 pid 25764 result -1 term signal 6
May 08 07:27:03 ip-172-31-35-142.eu-west-1.compute.internal dlm_controld[14899]: 1628 fence status 5 receive -1 from 1 walltime 1778225223 local 1628
May 08 07:27:04 ip-172-31-35-142.eu-west-1.compute.internal dlm_controld[14899]: 1629 fence status 5 receive -1 from 2 walltime 1778225224 local 1629
May 08 07:27:05 ip-172-31-35-142.eu-west-1.compute.internal dlm_controld[14899]: 1630 fence status 5 receive -1 from 3 walltime 1778225225 local 1630
May 08 07:27:06 ip-172-31-35-142.eu-west-1.compute.internal dlm_controld[14899]: 1631 fence status 5 receive -1 from 4 walltime 1778225226 local 1631
May 08 07:27:06 ip-172-31-35-142.eu-west-1.compute.internal dlm_controld[14899]: 1631 fence request 5 pid 25832 nodedown time 1778225021 fence_all dlm_stonith
May 08 07:27:07 ip-172-31-35-142.eu-west-1.compute.internal dlm_controld[14899]: 1632 fence result 5 pid 25832 result -1 term signal 6
May 08 07:27:07 ip-172-31-35-142.eu-west-1.compute.internal dlm_controld[14899]: 1632 fence status 5 receive -1 from 1 walltime 1778225227 local 1632
May 08 07:27:08 ip-172-31-35-142.eu-west-1.compute.internal dlm_controld[14899]: 1633 fence status 5 receive -1 from 2 walltime 1778225228 local 1633
May 08 07:27:09 ip-172-31-35-142.eu-west-1.compute.internal dlm_controld[14899]: 1634 fence status 5 receive -1 from 3 walltime 1778225229 local 1634
May 08 07:27:10 ip-172-31-35-142.eu-west-1.compute.internal dlm_controld[14899]: 1635 fence status 5 receive -1 from 4 walltime 1778225230 local 1635
May 08 07:27:10 ip-172-31-35-142.eu-west-1.compute.internal dlm_controld[14899]: 1635 fence request 5 pid 25849 nodedown time 1778225021 fence_all dlm_stonith
May 08 07:27:11 ip-172-31-35-142.eu-west-1.compute.internal dlm_controld[14899]: 1636 fence result 5 pid 25849 result -1 term signal 6
May 08 07:27:11 ip-172-31-35-142.eu-west-1.compute.internal dlm_controld[14899]: 1636 fence status 5 receive -1 from 1 walltime 1778225231 local 1636
May 08 07:27:12 ip-172-31-35-142.eu-west-1.compute.internal dlm_controld[14899]: 1637 fence status 5 receive -1 from 2 walltime 1778225232 local 1637
May 08 07:27:13 ip-172-31-35-142.eu-west-1.compute.internal dlm_controld[14899]: 1638 fence status 5 receive -1 from 3 walltime 1778225233 local 1638
May 08 07:27:14 ip-172-31-35-142.eu-west-1.compute.internal dlm_controld[14899]: 1639 fence status 5 receive -1 from 4 walltime 1778225234 local 1639
May 08 07:27:14 ip-172-31-35-142.eu-west-1.compute.internal dlm_controld[14899]: 1639 fence request 5 pid 25931 nodedown time 1778225021 fence_all dlm_stonith
May 08 07:27:15 ip-172-31-35-142.eu-west-1.compute.internal dlm_controld[14899]: 1640 fence result 5 pid 25931 result -1 term signal 6
May 08 07:27:15 ip-172-31-35-142.eu-west-1.compute.internal dlm_controld[14899]: 1640 fence status 5 receive -1 from 1 walltime 1778225235 local 1640
May 08 07:27:16 ip-172-31-35-142.eu-west-1.compute.internal dlm_controld[14899]: 1641 fence status 5 receive -1 from 2 walltime 1778225236 local 1641
May 08 07:27:17 ip-172-31-35-142.eu-west-1.compute.internal dlm_controld[14899]: 1642 fence status 5 receive -1 from 3 walltime 1778225237 local 1642
May 08 07:27:18 ip-172-31-35-142.eu-west-1.compute.internal dlm_controld[14899]: 1643 fence status 5 receive -1 from 4 walltime 1778225238 local 1643
May 08 07:27:18 ip-172-31-35-142.eu-west-1.compute.internal dlm_controld[14899]: 1643 fence request 5 pid 25958 nodedown time 1778225021 fence_all dlm_stonith
May 08 07:27:19 ip-172-31-35-142.eu-west-1.compute.internal dlm_controld[14899]: 1644 fence result 5 pid 25958 result -1 term signal 6
May 08 07:27:19 ip-172-31-35-142.eu-west-1.compute.internal dlm_controld[14899]: 1644 fence status 5 receive -1 from 1 walltime 1778225239 local 1644
May 08 07:27:20 ip-172-31-35-142.eu-west-1.compute.internal dlm_controld[14899]: 1645 fence status 5 receive -1 from 2 walltime 1778225240 local 1645
May 08 07:27:21 ip-172-31-35-142.eu-west-1.compute.internal dlm_controld[14899]: 1646 fence status 5 receive -1 from 3 walltime 1778225241 local 1646
May 08 07:27:22 ip-172-31-35-142.eu-west-1.compute.internal dlm_controld[14899]: 1647 fence status 5 receive -1 from 4 walltime 1778225242 local 1647
May 08 07:27:22 ip-172-31-35-142.eu-west-1.compute.internal dlm_controld[14899]: 1647 fence request 5 pid 25991 nodedown time 1778225021 fence_all dlm_stonith
May 08 07:27:23 ip-172-31-35-142.eu-west-1.compute.internal dlm_controld[14899]: 1648 fence result 5 pid 25991 result -1 term signal 6
May 08 07:27:23 ip-172-31-35-142.eu-west-1.compute.internal dlm_controld[14899]: 1648 fence status 5 receive -1 from 1 walltime 1778225243 local 1648
May 08 07:27:24 ip-172-31-35-142.eu-west-1.compute.internal dlm_controld[14899]: 1649 fence status 5 receive -1 from 2 walltime 1778225244 local 1649
May 08 07:27:25 ip-172-31-35-142.eu-west-1.compute.internal dlm_controld[14899]: 1650 fence status 5 receive -1 from 3 walltime 1778225245 local 1650
May 08 07:27:26 ip-172-31-35-142.eu-west-1.compute.internal dlm_controld[14899]: 1651 fence status 5 receive -1 from 4 walltime 1778225246 local 1651
May 08 07:27:26 ip-172-31-35-142.eu-west-1.compute.internal dlm_controld[14899]: 1651 fence request 5 pid 26055 nodedown time 1778225021 fence_all dlm_stonith
May 08 07:27:27 ip-172-31-35-142.eu-west-1.compute.internal dlm_controld[14899]: 1652 fence result 5 pid 26055 result -1 term signal 6
May 08 07:27:27 ip-172-31-35-142.eu-west-1.compute.internal dlm_controld[14899]: 1652 fence status 5 receive -1 from 1 walltime 1778225247 local 1652
May 08 07:27:28 ip-172-31-35-142.eu-west-1.compute.internal dlm_controld[14899]: 1653 fence status 5 receive -1 from 2 walltime 1778225248 local 1653
May 08 07:27:29 ip-172-31-35-142.eu-west-1.compute.internal dlm_controld[14899]: 1654 fence status 5 receive -1 from 3 walltime 1778225249 local 1654
May 08 07:27:30 ip-172-31-35-142.eu-west-1.compute.internal dlm_controld[14899]: 1655 fence status 5 receive -1 from 4 walltime 1778225250 local 1655
May 08 07:27:30 ip-172-31-35-142.eu-west-1.compute.internal dlm_controld[14899]: 1655 fence request 5 pid 26082 nodedown time 1778225021 fence_all dlm_stonith
May 08 07:27:31 ip-172-31-35-142.eu-west-1.compute.internal dlm_controld[14899]: 1656 fence result 5 pid 26082 result -1 term signal 6
May 08 07:27:31 ip-172-31-35-142.eu-west-1.compute.internal dlm_controld[14899]: 1656 fence status 5 receive -1 from 1 walltime 1778225251 local 1656
May 08 07:27:32 ip-172-31-35-142.eu-west-1.compute.internal dlm_controld[14899]: 1657 fence status 5 receive -1 from 2 walltime 1778225252 local 1657
May 08 07:27:33 ip-172-31-35-142.eu-west-1.compute.internal dlm_controld[14899]: 1658 fence status 5 receive -1 from 3 walltime 1778225253 local 1658
May 08 07:27:34 ip-172-31-35-142.eu-west-1.compute.internal dlm_controld[14899]: 1659 fence status 5 receive -1 from 4 walltime 1778225254 local 1659
May 08 07:27:34 ip-172-31-35-142.eu-west-1.compute.internal dlm_controld[14899]: 1659 fence request 5 pid 26141 nodedown time 1778225021 fence_all dlm_stonith
May 08 07:27:35 ip-172-31-35-142.eu-west-1.compute.internal dlm_controld[14899]: 1660 fence result 5 pid 26141 result -1 term signal 6
May 08 07:27:35 ip-172-31-35-142.eu-west-1.compute.internal dlm_controld[14899]: 1660 fence status 5 receive -1 from 1 walltime 1778225255 local 1660
May 08 07:27:36 ip-172-31-35-142.eu-west-1.compute.internal dlm_controld[14899]: 1661 fence status 5 receive -1 from 2 walltime 1778225256 local 1661
May 08 07:27:37 ip-172-31-35-142.eu-west-1.compute.internal dlm_controld[14899]: 1662 fence status 5 receive -1 from 3 walltime 1778225257 local 1662
May 08 07:27:38 ip-172-31-35-142.eu-west-1.compute.internal dlm_controld[14899]: 1663 fence status 5 receive -1 from 4 walltime 1778225258 local 1663
May 08 07:27:38 ip-172-31-35-142.eu-west-1.compute.internal dlm_controld[14899]: 1663 fence request 5 pid 26158 nodedown time 1778225021 fence_all dlm_stonith
May 08 07:27:39 ip-172-31-35-142.eu-west-1.compute.internal dlm_controld[14899]: 1664 fence result 5 pid 26158 result -1 term signal 6
May 08 07:27:39 ip-172-31-35-142.eu-west-1.compute.internal dlm_controld[14899]: 1664 fence status 5 receive -1 from 1 walltime 1778225259 local 1664
May 08 07:27:40 ip-172-31-35-142.eu-west-1.compute.internal dlm_controld[14899]: 1665 fence status 5 receive -1 from 2 walltime 1778225260 local 1665
May 08 07:27:41 ip-172-31-35-142.eu-west-1.compute.internal dlm_controld[14899]: 1666 fence status 5 receive -1 from 3 walltime 1778225261 local 1666
May 08 07:27:42 ip-172-31-35-142.eu-west-1.compute.internal dlm_controld[14899]: 1667 fence status 5 receive -1 from 4 walltime 1778225262 local 1667
May 08 07:27:42 ip-172-31-35-142.eu-west-1.compute.internal dlm_controld[14899]: 1667 fence request 5 pid 26191 nodedown time 1778225021 fence_all dlm_stonith
May 08 07:27:43 ip-172-31-35-142.eu-west-1.compute.internal dlm_controld[14899]: 1668 fence result 5 pid 26191 result -1 term signal 6
May 08 07:27:43 ip-172-31-35-142.eu-west-1.compute.internal dlm_controld[14899]: 1668 fence status 5 receive -1 from 1 walltime 1778225263 local 1668
May 08 07:27:44 ip-172-31-35-142.eu-west-1.compute.internal dlm_controld[14899]: 1669 fence status 5 receive -1 from 2 walltime 1778225264 local 1669
May 08 07:27:45 ip-172-31-35-142.eu-west-1.compute.internal dlm_controld[14899]: 1670 fence status 5 receive -1 from 3 walltime 1778225265 local 1670
May 08 07:27:46 ip-172-31-35-142.eu-west-1.compute.internal dlm_controld[14899]: 1671 fence status 5 receive -1 from 4 walltime 1778225266 local 1671
May 08 07:27:46 ip-172-31-35-142.eu-west-1.compute.internal dlm_controld[14899]: 1671 fence request 5 pid 26267 nodedown time 1778225021 fence_all dlm_stonith
May 08 07:27:47 ip-172-31-35-142.eu-west-1.compute.internal dlm_controld[14899]: 1672 fence result 5 pid 26267 result -1 term signal 6
May 08 07:27:47 ip-172-31-35-142.eu-west-1.compute.internal dlm_controld[14899]: 1672 fence status 5 receive -1 from 1 walltime 1778225267 local 1672
May 08 07:27:48 ip-172-31-35-142.eu-west-1.compute.internal dlm_controld[14899]: 1673 fence status 5 receive -1 from 2 walltime 1778225268 local 1673
May 08 07:27:49 ip-172-31-35-142.eu-west-1.compute.internal dlm_controld[14899]: 1674 fence status 5 receive -1 from 3 walltime 1778225269 local 1674
May 08 07:27:50 ip-172-31-35-142.eu-west-1.compute.internal dlm_controld[14899]: 1675 fence status 5 receive -1 from 4 walltime 1778225270 local 1675
May 08 07:27:50 ip-172-31-35-142.eu-west-1.compute.internal dlm_controld[14899]: 1675 fence request 5 pid 26284 nodedown time 1778225021 fence_all dlm_stonith
May 08 07:27:51 ip-172-31-35-142.eu-west-1.compute.internal dlm_controld[14899]: 1676 fence result 5 pid 26284 result -1 term signal 6
May 08 07:27:51 ip-172-31-35-142.eu-west-1.compute.internal dlm_controld[14899]: 1676 fence status 5 receive -1 from 1 walltime 1778225271 local 1676
May 08 07:27:52 ip-172-31-35-142.eu-west-1.compute.internal dlm_controld[14899]: 1677 fence status 5 receive -1 from 2 walltime 1778225272 local 1677
May 08 07:27:53 ip-172-31-35-142.eu-west-1.compute.internal dlm_controld[14899]: 1678 fence status 5 receive -1 from 3 walltime 1778225273 local 1678
May 08 07:27:54 ip-172-31-35-142.eu-west-1.compute.internal dlm_controld[14899]: 1679 fence status 5 receive -1 from 4 walltime 1778225274 local 1679
May 08 07:27:54 ip-172-31-35-142.eu-west-1.compute.internal dlm_controld[14899]: 1679 fence request 5 pid 26368 nodedown time 1778225021 fence_all dlm_stonith
May 08 07:27:55 ip-172-31-35-142.eu-west-1.compute.internal dlm_controld[14899]: 1680 fence result 5 pid 26368 result -1 term signal 6
May 08 07:27:55 ip-172-31-35-142.eu-west-1.compute.internal dlm_controld[14899]: 1680 fence status 5 receive -1 from 1 walltime 1778225275 local 1680
May 08 07:27:56 ip-172-31-35-142.eu-west-1.compute.internal dlm_controld[14899]: 1681 fence status 5 receive -1 from 2 walltime 1778225276 local 1681
May 08 07:27:57 ip-172-31-35-142.eu-west-1.compute.internal dlm_controld[14899]: 1682 fence status 5 receive -1 from 3 walltime 1778225277 local 1682
May 08 07:27:58 ip-172-31-35-142.eu-west-1.compute.internal dlm_controld[14899]: 1683 fence status 5 receive -1 from 4 walltime 1778225278 local 1683
May 08 07:27:58 ip-172-31-35-142.eu-west-1.compute.internal dlm_controld[14899]: 1683 fence request 5 pid 26391 nodedown time 1778225021 fence_all dlm_stonith
May 08 07:27:59 ip-172-31-35-142.eu-west-1.compute.internal dlm_controld[14899]: 1684 fence result 5 pid 26391 result -1 term signal 6
May 08 07:27:59 ip-172-31-35-142.eu-west-1.compute.internal dlm_controld[14899]: 1684 fence status 5 receive -1 from 1 walltime 1778225279 local 1684
May 08 07:28:00 ip-172-31-35-142.eu-west-1.compute.internal dlm_controld[14899]: 1685 fence status 5 receive -1 from 2 walltime 1778225280 local 1685
May 08 07:28:01 ip-172-31-35-142.eu-west-1.compute.internal dlm_controld[14899]: 1686 fence status 5 receive -1 from 3 walltime 1778225281 local 1686
May 08 07:28:02 ip-172-31-35-142.eu-west-1.compute.internal dlm_controld[14899]: 1687 fence status 5 receive -1 from 4 walltime 1778225282 local 1687
May 08 07:28:02 ip-172-31-35-142.eu-west-1.compute.internal dlm_controld[14899]: 1687 fence request 5 pid 26408 nodedown time 1778225021 fence_all dlm_stonith
May 08 07:28:03 ip-172-31-35-142.eu-west-1.compute.internal dlm_controld[14899]: 1688 fence result 5 pid 26408 result -1 term signal 6
May 08 07:28:03 ip-172-31-35-142.eu-west-1.compute.internal dlm_controld[14899]: 1688 fence status 5 receive -1 from 1 walltime 1778225283 local 1688
May 08 07:28:04 ip-172-31-35-142.eu-west-1.compute.internal dlm_controld[14899]: 1689 fence status 5 receive -1 from 2 walltime 1778225284 local 1689
May 08 07:28:05 ip-172-31-35-142.eu-west-1.compute.internal dlm_controld[14899]: 1690 fence status 5 receive -1 from 3 walltime 1778225285 local 1690
May 08 07:28:06 ip-172-31-35-142.eu-west-1.compute.internal stonith-ng[7465]:   notice: fence_aws_off_1:23604:stderr [ /usr/lib/python3.7/site-packages/boto3/compat.py:82: PythonDeprecationWarning: Boto3 will no longer support Python 3.7 starting December 13, 2023. To continue receiving service updates, bug fixes, and security updates please upgrade to Python 3.8 or later. More information can be found here: https://aws.amazon.com/blogs/developer/python-support-policy-updates-for-aws-sdks-and-tools/ ]
May 08 07:28:06 ip-172-31-35-142.eu-west-1.compute.internal stonith-ng[7465]:   notice: fence_aws_off_1:23604:stderr [   warnings.warn(warning, PythonDeprecationWarning) ]
May 08 07:28:06 ip-172-31-35-142.eu-west-1.compute.internal stonith-ng[7465]:   notice: fence_aws_off_1:23604:stderr [ 2026-05-08 07:23:42,709 WARNING: SkipOsShutdown not supported with the current boto3 version 1.33.13 - falling back to graceful shutdown ]
May 08 07:28:06 ip-172-31-35-142.eu-west-1.compute.internal stonith-ng[7465]:  warning: fence_aws[23604] stderr: [ /usr/lib/python3.7/site-packages/boto3/compat.py:82: PythonDeprecationWarning: Boto3 will no longer support Python 3.7 starting December 13, 2023. To continue receiving service updates, bug fixes, and security updates please upgrade to Python 3.8 or later. More information can be found here: https://aws.amazon.com/blogs/developer/python-support-policy-updates-for-aws-sdks-and-tools/ ]
May 08 07:28:06 ip-172-31-35-142.eu-west-1.compute.internal stonith-ng[7465]:  warning: fence_aws[23604] stderr: [   warnings.warn(warning, PythonDeprecationWarning) ]
May 08 07:28:06 ip-172-31-35-142.eu-west-1.compute.internal stonith-ng[7465]:  warning: fence_aws[23604] stderr: [ 2026-05-08 07:23:42,709 WARNING: SkipOsShutdown not supported with the current boto3 version 1.33.13 - falling back to graceful shutdown ]
May 08 07:28:06 ip-172-31-35-142.eu-west-1.compute.internal stonith-ng[7465]:   notice: Operation 'off' [23604] (call 3 from crmd.7258) for host 'ma-host-5' with device 'clusterfence' returned: 0 (OK)
May 08 07:28:06 ip-172-31-35-142.eu-west-1.compute.internal stonith-ng[7465]:   notice: Operation 'off' targeting ma-host-5 on ma-host-1 for crmd.7258@ma-host-4.5a7fba35: OK
May 08 07:28:06 ip-172-31-35-142.eu-west-1.compute.internal dlm_controld[14899]: 1691 fence status 5 receive -1 from 4 walltime 1778225286 local 1691
May 08 07:28:06 ip-172-31-35-142.eu-west-1.compute.internal dlm_controld[14899]: 1691 fence request 5 pid 26479 nodedown time 1778225021 fence_all dlm_stonith
May 08 07:28:06 ip-172-31-35-142.eu-west-1.compute.internal stonith-ng[7465]:   notice: fence_aws_monitor_1:26476:stderr [ /usr/lib/python3.7/site-packages/boto3/compat.py:82: PythonDeprecationWarning: Boto3 will no longer support Python 3.7 starting December 13, 2023. To continue receiving service updates, bug fixes, and security updates please upgrade to Python 3.8 or later. More information can be found here: https://aws.amazon.com/blogs/developer/python-support-policy-updates-for-aws-sdks-and-tools/ ]
May 08 07:28:06 ip-172-31-35-142.eu-west-1.compute.internal stonith-ng[7465]:   notice: fence_aws_monitor_1:26476:stderr [   warnings.warn(warning, PythonDeprecationWarning) ]
May 08 07:28:06 ip-172-31-35-142.eu-west-1.compute.internal stonith-ng[7465]:  warning: fence_aws[26476] stderr: [ /usr/lib/python3.7/site-packages/boto3/compat.py:82: PythonDeprecationWarning: Boto3 will no longer support Python 3.7 starting December 13, 2023. To continue receiving service updates, bug fixes, and security updates please upgrade to Python 3.8 or later. More information can be found here: https://aws.amazon.com/blogs/developer/python-support-policy-updates-for-aws-sdks-and-tools/ ]
May 08 07:28:06 ip-172-31-35-142.eu-west-1.compute.internal stonith-ng[7465]:  warning: fence_aws[26476] stderr: [   warnings.warn(warning, PythonDeprecationWarning) ]
May 08 07:28:07 ip-172-31-35-142.eu-west-1.compute.internal dlm_controld[14899]: 1692 fence result 5 pid 26479 result -1 term signal 6
May 08 07:28:07 ip-172-31-35-142.eu-west-1.compute.internal dlm_controld[14899]: 1692 fence status 5 receive -1 from 1 walltime 1778225287 local 1692
May 08 07:28:08 ip-172-31-35-142.eu-west-1.compute.internal dlm_controld[14899]: 1693 fence status 5 receive -1 from 2 walltime 1778225288 local 1693
May 08 07:28:09 ip-172-31-35-142.eu-west-1.compute.internal dlm_controld[14899]: 1694 fence status 5 receive -1 from 3 walltime 1778225289 local 1694
May 08 07:28:10 ip-172-31-35-142.eu-west-1.compute.internal dlm_controld[14899]: 1695 fence status 5 receive -1 from 4 walltime 1778225290 local 1695
May 08 07:28:10 ip-172-31-35-142.eu-west-1.compute.internal dlm_controld[14899]: 1695 fence request 5 pid 26502 nodedown time 1778225021 fence_all dlm_stonith
May 08 07:28:11 ip-172-31-35-142.eu-west-1.compute.internal dlm_controld[14899]: 1696 fence result 5 pid 26502 result -1 term signal 6
May 08 07:28:11 ip-172-31-35-142.eu-west-1.compute.internal dlm_controld[14899]: 1696 fence status 5 receive -1 from 1 walltime 1778225291 local 1696
May 08 07:28:12 ip-172-31-35-142.eu-west-1.compute.internal dlm_controld[14899]: 1697 fence status 5 receive -1 from 2 walltime 1778225292 local 1697
May 08 07:28:13 ip-172-31-35-142.eu-west-1.compute.internal dlm_controld[14899]: 1698 fence status 5 receive -1 from 3 walltime 1778225293 local 1698
May 08 07:28:14 ip-172-31-35-142.eu-west-1.compute.internal dlm_controld[14899]: 1699 fence status 5 receive -1 from 4 walltime 1778225294 local 1699
May 08 07:28:14 ip-172-31-35-142.eu-west-1.compute.internal dlm_controld[14899]: 1699 fence request 5 pid 26578 nodedown time 1778225021 fence_all dlm_stonith
May 08 07:28:15 ip-172-31-35-142.eu-west-1.compute.internal dlm_controld[14899]: 1700 fence result 5 pid 26578 result -1 term signal 6
May 08 07:28:15 ip-172-31-35-142.eu-west-1.compute.internal dlm_controld[14899]: 1700 fence status 5 receive -1 from 1 walltime 1778225295 local 1700
May 08 07:28:16 ip-172-31-35-142.eu-west-1.compute.internal dlm_controld[14899]: 1701 fence status 5 receive -1 from 2 walltime 1778225296 local 1701
May 08 07:28:17 ip-172-31-35-142.eu-west-1.compute.internal dlm_controld[14899]: 1702 fence status 5 receive -1 from 3 walltime 1778225297 local 1702
May 08 07:28:18 ip-172-31-35-142.eu-west-1.compute.internal dlm_controld[14899]: 1703 fence status 5 receive -1 from 4 walltime 1778225298 local 1703
May 08 07:28:18 ip-172-31-35-142.eu-west-1.compute.internal dlm_controld[14899]: 1703 fence request 5 pid 26605 nodedown time 1778225021 fence_all dlm_stonith
May 08 07:28:19 ip-172-31-35-142.eu-west-1.compute.internal dlm_controld[14899]: 1704 fence result 5 pid 26605 result -1 term signal 6
May 08 07:28:19 ip-172-31-35-142.eu-west-1.compute.internal dlm_controld[14899]: 1704 fence status 5 receive -1 from 1 walltime 1778225299 local 1704
May 08 07:28:20 ip-172-31-35-142.eu-west-1.compute.internal dlm_controld[14899]: 1705 fence status 5 receive -1 from 2 walltime 1778225300 local 1705
May 08 07:28:21 ip-172-31-35-142.eu-west-1.compute.internal dlm_controld[14899]: 1706 fence status 5 receive -1 from 3 walltime 1778225301 local 1706
May 08 07:28:22 ip-172-31-35-142.eu-west-1.compute.internal dlm_controld[14899]: 1707 fence status 5 receive -1 from 4 walltime 1778225302 local 1707
May 08 07:28:22 ip-172-31-35-142.eu-west-1.compute.internal dlm_controld[14899]: 1707 fence request 5 pid 26638 nodedown time 1778225021 fence_all dlm_stonith
May 08 07:28:23 ip-172-31-35-142.eu-west-1.compute.internal dlm_controld[14899]: 1708 fence result 5 pid 26638 result -1 term signal 6
May 08 07:28:23 ip-172-31-35-142.eu-west-1.compute.internal dlm_controld[14899]: 1708 fence status 5 receive -1 from 1 walltime 1778225303 local 1708
May 08 07:28:24 ip-172-31-35-142.eu-west-1.compute.internal dlm_controld[14899]: 1709 fence status 5 receive -1 from 2 walltime 1778225304 local 1709
May 08 07:28:25 ip-172-31-35-142.eu-west-1.compute.internal dlm_controld[14899]: 1710 fence status 5 receive -1 from 3 walltime 1778225305 local 1710
May 08 07:28:26 ip-172-31-35-142.eu-west-1.compute.internal dlm_controld[14899]: 1711 fence status 5 receive -1 from 4 walltime 1778225306 local 1711
May 08 07:28:26 ip-172-31-35-142.eu-west-1.compute.internal dlm_controld[14899]: 1711 fence request 5 pid 26702 nodedown time 1778225021 fence_all dlm_stonith
May 08 07:28:27 ip-172-31-35-142.eu-west-1.compute.internal dlm_controld[14899]: 1712 fence result 5 pid 26702 result -1 term signal 6
May 08 07:28:27 ip-172-31-35-142.eu-west-1.compute.internal dlm_controld[14899]: 1712 fence status 5 receive -1 from 1 walltime 1778225307 local 1712
May 08 07:28:28 ip-172-31-35-142.eu-west-1.compute.internal dlm_controld[14899]: 1713 fence status 5 receive -1 from 2 walltime 1778225308 local 1713
May 08 07:28:29 ip-172-31-35-142.eu-west-1.compute.internal dlm_controld[14899]: 1714 fence status 5 receive -1 from 3 walltime 1778225309 local 1714
May 08 07:28:30 ip-172-31-35-142.eu-west-1.compute.internal dlm_controld[14899]: 1715 fence status 5 receive -1 from 4 walltime 1778225310 local 1715
May 08 07:28:30 ip-172-31-35-142.eu-west-1.compute.internal dlm_controld[14899]: 1715 fence request 5 pid 26729 nodedown time 1778225021 fence_all dlm_stonith
May 08 07:28:31 ip-172-31-35-142.eu-west-1.compute.internal dlm_controld[14899]: 1716 fence result 5 pid 26729 result -1 term signal 6
May 08 07:28:31 ip-172-31-35-142.eu-west-1.compute.internal dlm_controld[14899]: 1716 fence status 5 receive -1 from 1 walltime 1778225311 local 1716
May 08 07:28:32 ip-172-31-35-142.eu-west-1.compute.internal dlm_controld[14899]: 1717 fence status 5 receive -1 from 2 walltime 1778225312 local 1717
May 08 07:28:33 ip-172-31-35-142.eu-west-1.compute.internal dlm_controld[14899]: 1718 fence status 5 receive -1 from 3 walltime 1778225313 local 1718
May 08 07:28:34 ip-172-31-35-142.eu-west-1.compute.internal dlm_controld[14899]: 1719 fence status 5 receive -1 from 4 walltime 1778225314 local 1719
May 08 07:28:34 ip-172-31-35-142.eu-west-1.compute.internal dlm_controld[14899]: 1719 fence request 5 pid 26788 nodedown time 1778225021 fence_all dlm_stonith
May 08 07:28:35 ip-172-31-35-142.eu-west-1.compute.internal dlm_controld[14899]: 1720 fence result 5 pid 26788 result -1 term signal 6
May 08 07:28:35 ip-172-31-35-142.eu-west-1.compute.internal dlm_controld[14899]: 1720 fence status 5 receive -1 from 1 walltime 1778225315 local 1720
May 08 07:28:36 ip-172-31-35-142.eu-west-1.compute.internal dlm_controld[14899]: 1721 fence status 5 receive -1 from 2 walltime 1778225316 local 1721
May 08 07:28:37 ip-172-31-35-142.eu-west-1.compute.internal dlm_controld[14899]: 1722 fence status 5 receive -1 from 3 walltime 1778225317 local 1722
May 08 07:28:38 ip-172-31-35-142.eu-west-1.compute.internal dlm_controld[14899]: 1723 fence status 5 receive -1 from 4 walltime 1778225318 local 1723
May 08 07:28:38 ip-172-31-35-142.eu-west-1.compute.internal dlm_controld[14899]: 1723 fence request 5 pid 26800 nodedown time 1778225021 fence_all dlm_stonith
May 08 07:28:39 ip-172-31-35-142.eu-west-1.compute.internal dlm_controld[14899]: 1724 fence result 5 pid 26800 result -1 term signal 6
May 08 07:28:39 ip-172-31-35-142.eu-west-1.compute.internal dlm_controld[14899]: 1724 fence status 5 receive -1 from 1 walltime 1778225319 local 1724
May 08 07:28:40 ip-172-31-35-142.eu-west-1.compute.internal dlm_controld[14899]: 1725 fence status 5 receive -1 from 2 walltime 1778225320 local 1725
May 08 07:28:41 ip-172-31-35-142.eu-west-1.compute.internal dlm_controld[14899]: 1726 fence status 5 receive -1 from 3 walltime 1778225321 local 1726
May 08 07:28:42 ip-172-31-35-142.eu-west-1.compute.internal dlm_controld[14899]: 1727 fence status 5 receive -1 from 4 walltime 1778225322 local 1727
May 08 07:28:42 ip-172-31-35-142.eu-west-1.compute.internal dlm_controld[14899]: 1727 fence request 5 pid 26802 nodedown time 1778225021 fence_all dlm_stonith
May 08 07:28:43 ip-172-31-35-142.eu-west-1.compute.internal dlm_controld[14899]: 1728 fence result 5 pid 26802 result -1 term signal 6
May 08 07:28:43 ip-172-31-35-142.eu-west-1.compute.internal dlm_controld[14899]: 1728 fence status 5 receive -1 from 1 walltime 1778225323 local 1728
May 08 07:28:44 ip-172-31-35-142.eu-west-1.compute.internal dlm_controld[14899]: 1729 fence status 5 receive -1 from 2 walltime 1778225324 local 1729
May 08 07:28:45 ip-172-31-35-142.eu-west-1.compute.internal dlm_controld[14899]: 1730 fence status 5 receive -1 from 3 walltime 1778225325 local 1730
May 08 07:28:46 ip-172-31-35-142.eu-west-1.compute.internal dlm_controld[14899]: 1731 fence status 5 receive -1 from 4 walltime 1778225326 local 1731
May 08 07:28:46 ip-172-31-35-142.eu-west-1.compute.internal dlm_controld[14899]: 1731 fence request 5 pid 26862 nodedown time 1778225021 fence_all dlm_stonith
May 08 07:28:47 ip-172-31-35-142.eu-west-1.compute.internal dlm_controld[14899]: 1732 fence result 5 pid 26862 result -1 term signal 6
May 08 07:28:47 ip-172-31-35-142.eu-west-1.compute.internal dlm_controld[14899]: 1732 fence status 5 receive -1 from 1 walltime 1778225327 local 1732
May 08 07:28:48 ip-172-31-35-142.eu-west-1.compute.internal dlm_controld[14899]: 1733 fence status 5 receive -1 from 2 walltime 1778225328 local 1733
May 08 07:28:49 ip-172-31-35-142.eu-west-1.compute.internal dlm_controld[14899]: 1734 fence status 5 receive -1 from 3 walltime 1778225329 local 1734
May 08 07:28:50 ip-172-31-35-142.eu-west-1.compute.internal dlm_controld[14899]: 1735 fence status 5 receive -1 from 4 walltime 1778225330 local 1735
May 08 07:28:50 ip-172-31-35-142.eu-west-1.compute.internal dlm_controld[14899]: 1735 fence request 5 pid 26863 nodedown time 1778225021 fence_all dlm_stonith
May 08 07:28:51 ip-172-31-35-142.eu-west-1.compute.internal dlm_controld[14899]: 1737 fence result 5 pid 26863 result -1 term signal 6
May 08 07:28:51 ip-172-31-35-142.eu-west-1.compute.internal dlm_controld[14899]: 1737 fence status 5 receive -1 from 1 walltime 1778225331 local 1737
May 08 07:28:52 ip-172-31-35-142.eu-west-1.compute.internal dlm_controld[14899]: 1738 fence status 5 receive -1 from 2 walltime 1778225332 local 1738
May 08 07:28:53 ip-172-31-35-142.eu-west-1.compute.internal dlm_controld[14899]: 1739 fence status 5 receive -1 from 3 walltime 1778225333 local 1739
May 08 07:28:54 ip-172-31-35-142.eu-west-1.compute.internal dlm_controld[14899]: 1740 fence status 5 receive -1 from 4 walltime 1778225334 local 1740
May 08 07:28:54 ip-172-31-35-142.eu-west-1.compute.internal dlm_controld[14899]: 1740 fence request 5 pid 26921 nodedown time 1778225021 fence_all dlm_stonith
May 08 07:28:55 ip-172-31-35-142.eu-west-1.compute.internal dlm_controld[14899]: 1741 fence result 5 pid 26921 result -1 term signal 6
May 08 07:28:55 ip-172-31-35-142.eu-west-1.compute.internal dlm_controld[14899]: 1741 fence status 5 receive -1 from 1 walltime 1778225335 local 1741
May 08 07:28:56 ip-172-31-35-142.eu-west-1.compute.internal dlm_controld[14899]: 1742 fence status 5 receive -1 from 2 walltime 1778225336 local 1742
May 08 07:28:57 ip-172-31-35-142.eu-west-1.compute.internal dlm_controld[14899]: 1743 fence status 5 receive -1 from 3 walltime 1778225337 local 1743
May 08 07:28:58 ip-172-31-35-142.eu-west-1.compute.internal dlm_controld[14899]: 1744 fence status 5 receive -1 from 4 walltime 1778225338 local 1744
May 08 07:28:58 ip-172-31-35-142.eu-west-1.compute.internal dlm_controld[14899]: 1744 fence request 5 pid 26922 nodedown time 1778225021 fence_all dlm_stonith
May 08 07:28:59 ip-172-31-35-142.eu-west-1.compute.internal dlm_controld[14899]: 1745 fence result 5 pid 26922 result -1 term signal 6
May 08 07:28:59 ip-172-31-35-142.eu-west-1.compute.internal dlm_controld[14899]: 1745 fence status 5 receive -1 from 1 walltime 1778225339 local 1745
May 08 07:29:00 ip-172-31-35-142.eu-west-1.compute.internal dlm_controld[14899]: 1746 fence status 5 receive -1 from 2 walltime 1778225340 local 1746
May 08 07:29:01 ip-172-31-35-142.eu-west-1.compute.internal dlm_controld[14899]: 1747 fence status 5 receive -1 from 3 walltime 1778225341 local 1747
May 08 07:29:02 ip-172-31-35-142.eu-west-1.compute.internal dlm_controld[14899]: 1748 fence status 5 receive -1 from 4 walltime 1778225342 local 1748
May 08 07:29:02 ip-172-31-35-142.eu-west-1.compute.internal dlm_controld[14899]: 1748 fence request 5 pid 26923 nodedown time 1778225021 fence_all dlm_stonith
May 08 07:29:03 ip-172-31-35-142.eu-west-1.compute.internal dlm_controld[14899]: 1749 fence result 5 pid 26923 result -1 term signal 6
May 08 07:29:03 ip-172-31-35-142.eu-west-1.compute.internal dlm_controld[14899]: 1749 fence status 5 receive -1 from 1 walltime 1778225343 local 1749
May 08 07:29:04 ip-172-31-35-142.eu-west-1.compute.internal dlm_controld[14899]: 1750 fence status 5 receive -1 from 2 walltime 1778225344 local 1750
May 08 07:29:05 ip-172-31-35-142.eu-west-1.compute.internal dlm_controld[14899]: 1751 fence status 5 receive -1 from 3 walltime 1778225345 local 1751
May 08 07:29:06 ip-172-31-35-142.eu-west-1.compute.internal dlm_controld[14899]: 1752 fence status 5 receive -1 from 4 walltime 1778225346 local 1752
May 08 07:29:06 ip-172-31-35-142.eu-west-1.compute.internal dlm_controld[14899]: 1752 fence request 5 pid 26966 nodedown time 1778225021 fence_all dlm_stonith
May 08 07:29:07 ip-172-31-35-142.eu-west-1.compute.internal stonith-ng[7465]:   notice: fence_aws_monitor_1:26965:stderr [ /usr/lib/python3.7/site-packages/boto3/compat.py:82: PythonDeprecationWarning: Boto3 will no longer support Python 3.7 starting December 13, 2023. To continue receiving service updates, bug fixes, and security updates please upgrade to Python 3.8 or later. More information can be found here: https://aws.amazon.com/blogs/developer/python-support-policy-updates-for-aws-sdks-and-tools/ ]
May 08 07:29:07 ip-172-31-35-142.eu-west-1.compute.internal stonith-ng[7465]:   notice: fence_aws_monitor_1:26965:stderr [   warnings.warn(warning, PythonDeprecationWarning) ]
May 08 07:29:07 ip-172-31-35-142.eu-west-1.compute.internal stonith-ng[7465]:  warning: fence_aws[26965] stderr: [ /usr/lib/python3.7/site-packages/boto3/compat.py:82: PythonDeprecationWarning: Boto3 will no longer support Python 3.7 starting December 13, 2023. To continue receiving service updates, bug fixes, and security updates please upgrade to Python 3.8 or later. More information can be found here: https://aws.amazon.com/blogs/developer/python-support-policy-updates-for-aws-sdks-and-tools/ ]
May 08 07:29:07 ip-172-31-35-142.eu-west-1.compute.internal stonith-ng[7465]:  warning: fence_aws[26965] stderr: [   warnings.warn(warning, PythonDeprecationWarning) ]
May 08 07:29:07 ip-172-31-35-142.eu-west-1.compute.internal dlm_controld[14899]: 1753 fence result 5 pid 26966 result -1 term signal 6
May 08 07:29:07 ip-172-31-35-142.eu-west-1.compute.internal dlm_controld[14899]: 1753 fence status 5 receive -1 from 1 walltime 1778225347 local 1753
May 08 07:29:08 ip-172-31-35-142.eu-west-1.compute.internal dlm_controld[14899]: 1754 fence status 5 receive -1 from 2 walltime 1778225348 local 1754
May 08 07:29:09 ip-172-31-35-142.eu-west-1.compute.internal dlm_controld[14899]: 1755 fence status 5 receive -1 from 3 walltime 1778225349 local 1755
May 08 07:29:10 ip-172-31-35-142.eu-west-1.compute.internal dlm_controld[14899]: 1756 fence status 5 receive -1 from 4 walltime 1778225350 local 1756
May 08 07:29:10 ip-172-31-35-142.eu-west-1.compute.internal dlm_controld[14899]: 1756 fence request 5 pid 26969 nodedown time 1778225021 fence_all dlm_stonith
May 08 07:29:11 ip-172-31-35-142.eu-west-1.compute.internal dlm_controld[14899]: 1757 fence result 5 pid 26969 result -1 term signal 6
May 08 07:29:11 ip-172-31-35-142.eu-west-1.compute.internal dlm_controld[14899]: 1757 fence status 5 receive -1 from 1 walltime 1778225351 local 1757
May 08 07:29:12 ip-172-31-35-142.eu-west-1.compute.internal dlm_controld[14899]: 1758 fence status 5 receive -1 from 2 walltime 1778225352 local 1758
May 08 07:29:13 ip-172-31-35-142.eu-west-1.compute.internal dlm_controld[14899]: 1759 fence status 5 receive -1 from 3 walltime 1778225353 local 1759
May 08 07:29:14 ip-172-31-35-142.eu-west-1.compute.internal dlm_controld[14899]: 1760 fence status 5 receive -1 from 4 walltime 1778225354 local 1760
May 08 07:29:14 ip-172-31-35-142.eu-west-1.compute.internal dlm_controld[14899]: 1760 fence request 5 pid 27029 nodedown time 1778225021 fence_all dlm_stonith
May 08 07:29:15 ip-172-31-35-142.eu-west-1.compute.internal dlm_controld[14899]: 1761 fence result 5 pid 27029 result -1 term signal 6
May 08 07:29:15 ip-172-31-35-142.eu-west-1.compute.internal dlm_controld[14899]: 1761 fence status 5 receive -1 from 1 walltime 1778225355 local 1761
May 08 07:29:16 ip-172-31-35-142.eu-west-1.compute.internal dlm_controld[14899]: 1762 fence status 5 receive -1 from 2 walltime 1778225356 local 1762
May 08 07:29:17 ip-172-31-35-142.eu-west-1.compute.internal dlm_controld[14899]: 1763 fence status 5 receive -1 from 3 walltime 1778225357 local 1763
May 08 07:29:18 ip-172-31-35-142.eu-west-1.compute.internal dlm_controld[14899]: 1764 fence status 5 receive -1 from 4 walltime 1778225358 local 1764
May 08 07:29:18 ip-172-31-35-142.eu-west-1.compute.internal dlm_controld[14899]: 1764 fence request 5 pid 27030 nodedown time 1778225021 fence_all dlm_stonith
May 08 07:29:19 ip-172-31-35-142.eu-west-1.compute.internal dlm_controld[14899]: 1765 fence result 5 pid 27030 result -1 term signal 6
May 08 07:29:19 ip-172-31-35-142.eu-west-1.compute.internal dlm_controld[14899]: 1765 fence status 5 receive -1 from 1 walltime 1778225359 local 1765
May 08 07:29:20 ip-172-31-35-142.eu-west-1.compute.internal dlm_controld[14899]: 1766 fence status 5 receive -1 from 2 walltime 1778225360 local 1766
May 08 07:29:21 ip-172-31-35-142.eu-west-1.compute.internal dlm_controld[14899]: 1767 fence status 5 receive -1 from 3 walltime 1778225361 local 1767
May 08 07:29:22 ip-172-31-35-142.eu-west-1.compute.internal dlm_controld[14899]: 1768 fence status 5 receive -1 from 4 walltime 1778225362 local 1768
May 08 07:29:22 ip-172-31-35-142.eu-west-1.compute.internal dlm_controld[14899]: 1768 fence request 5 pid 27089 nodedown time 1778225021 fence_all dlm_stonith
May 08 07:29:23 ip-172-31-35-142.eu-west-1.compute.internal dlm_controld[14899]: 1769 fence result 5 pid 27089 result -1 term signal 6
May 08 07:29:23 ip-172-31-35-142.eu-west-1.compute.internal dlm_controld[14899]: 1769 fence status 5 receive -1 from 1 walltime 1778225363 local 1769
May 08 07:29:24 ip-172-31-35-142.eu-west-1.compute.internal dlm_controld[14899]: 1770 fence status 5 receive -1 from 2 walltime 1778225364 local 1770
May 08 07:29:25 ip-172-31-35-142.eu-west-1.compute.internal dlm_controld[14899]: 1771 fence status 5 receive -1 from 3 walltime 1778225365 local 1771
May 08 07:29:26 ip-172-31-35-142.eu-west-1.compute.internal dlm_controld[14899]: 1772 fence status 5 receive -1 from 4 walltime 1778225366 local 1772
May 08 07:29:26 ip-172-31-35-142.eu-west-1.compute.internal dlm_controld[14899]: 1772 fence request 5 pid 27090 nodedown time 1778225021 fence_all dlm_stonith
May 08 07:29:27 ip-172-31-35-142.eu-west-1.compute.internal dlm_controld[14899]: 1773 fence result 5 pid 27090 result -1 term signal 6
May 08 07:29:27 ip-172-31-35-142.eu-west-1.compute.internal dlm_controld[14899]: 1773 fence status 5 receive -1 from 1 walltime 1778225367 local 1773
May 08 07:29:28 ip-172-31-35-142.eu-west-1.compute.internal dlm_controld[14899]: 1774 fence status 5 receive -1 from 2 walltime 1778225368 local 1774
May 08 07:29:29 ip-172-31-35-142.eu-west-1.compute.internal dlm_controld[14899]: 1775 fence status 5 receive -1 from 3 walltime 1778225369 local 1775
May 08 07:29:30 ip-172-31-35-142.eu-west-1.compute.internal dlm_controld[14899]: 1776 fence status 5 receive -1 from 4 walltime 1778225370 local 1776
May 08 07:29:30 ip-172-31-35-142.eu-west-1.compute.internal dlm_controld[14899]: 1776 fence request 5 pid 27091 nodedown time 1778225021 fence_all dlm_stonith
May 08 07:29:31 ip-172-31-35-142.eu-west-1.compute.internal dlm_controld[14899]: 1777 fence result 5 pid 27091 result -1 term signal 6
May 08 07:29:31 ip-172-31-35-142.eu-west-1.compute.internal dlm_controld[14899]: 1777 fence status 5 receive -1 from 1 walltime 1778225371 local 1777
May 08 07:29:32 ip-172-31-35-142.eu-west-1.compute.internal dlm_controld[14899]: 1778 fence status 5 receive -1 from 2 walltime 1778225372 local 1778
May 08 07:29:33 ip-172-31-35-142.eu-west-1.compute.internal dlm_controld[14899]: 1779 fence status 5 receive -1 from 3 walltime 1778225373 local 1779
May 08 07:29:34 ip-172-31-35-142.eu-west-1.compute.internal dlm_controld[14899]: 1780 fence status 5 receive -1 from 4 walltime 1778225374 local 1780
May 08 07:29:34 ip-172-31-35-142.eu-west-1.compute.internal dlm_controld[14899]: 1780 fence request 5 pid 27134 nodedown time 1778225021 fence_all dlm_stonith
May 08 07:29:35 ip-172-31-35-142.eu-west-1.compute.internal dlm_controld[14899]: 1781 fence result 5 pid 27134 result -1 term signal 6
May 08 07:29:35 ip-172-31-35-142.eu-west-1.compute.internal dlm_controld[14899]: 1781 fence status 5 receive -1 from 1 walltime 1778225375 local 1781
May 08 07:29:36 ip-172-31-35-142.eu-west-1.compute.internal dlm_controld[14899]: 1782 fence status 5 receive -1 from 2 walltime 1778225376 local 1782
May 08 07:29:37 ip-172-31-35-142.eu-west-1.compute.internal dlm_controld[14899]: 1783 fence status 5 receive -1 from 3 walltime 1778225377 local 1783
May 08 07:29:38 ip-172-31-35-142.eu-west-1.compute.internal dlm_controld[14899]: 1784 fence status 5 receive -1 from 4 walltime 1778225378 local 1784
May 08 07:29:38 ip-172-31-35-142.eu-west-1.compute.internal dlm_controld[14899]: 1784 fence request 5 pid 27185 nodedown time 1778225021 fence_all dlm_stonith
May 08 07:29:39 ip-172-31-35-142.eu-west-1.compute.internal dlm_controld[14899]: 1785 fence result 5 pid 27185 result -1 term signal 6
May 08 07:29:39 ip-172-31-35-142.eu-west-1.compute.internal dlm_controld[14899]: 1785 fence status 5 receive -1 from 1 walltime 1778225379 local 1785
May 08 07:29:40 ip-172-31-35-142.eu-west-1.compute.internal dlm_controld[14899]: 1786 fence status 5 receive -1 from 2 walltime 1778225380 local 1786
May 08 07:29:42 ip-172-31-35-142.eu-west-1.compute.internal dlm_controld[14899]: 1787 fence status 5 receive -1 from 3 walltime 1778225382 local 1787
May 08 07:29:43 ip-172-31-35-142.eu-west-1.compute.internal dlm_controld[14899]: 1788 fence status 5 receive -1 from 4 walltime 1778225383 local 1788
May 08 07:29:43 ip-172-31-35-142.eu-west-1.compute.internal dlm_controld[14899]: 1788 fence request 5 pid 27227 nodedown time 1778225021 fence_all dlm_stonith
May 08 07:29:44 ip-172-31-35-142.eu-west-1.compute.internal dlm_controld[14899]: 1789 fence result 5 pid 27227 result -1 term signal 6
May 08 07:29:44 ip-172-31-35-142.eu-west-1.compute.internal dlm_controld[14899]: 1789 fence status 5 receive -1 from 1 walltime 1778225384 local 1789
May 08 07:29:45 ip-172-31-35-142.eu-west-1.compute.internal dlm_controld[14899]: 1790 fence status 5 receive -1 from 2 walltime 1778225385 local 1790
May 08 07:29:46 ip-172-31-35-142.eu-west-1.compute.internal dlm_controld[14899]: 1791 fence status 5 receive -1 from 3 walltime 1778225386 local 1791
May 08 07:29:47 ip-172-31-35-142.eu-west-1.compute.internal dlm_controld[14899]: 1792 fence status 5 receive -1 from 4 walltime 1778225387 local 1792
May 08 07:29:47 ip-172-31-35-142.eu-west-1.compute.internal dlm_controld[14899]: 1792 fence request 5 pid 27246 nodedown time 1778225021 fence_all dlm_stonith
May 08 07:29:48 ip-172-31-35-142.eu-west-1.compute.internal dlm_controld[14899]: 1793 fence result 5 pid 27246 result -1 term signal 6
May 08 07:29:48 ip-172-31-35-142.eu-west-1.compute.internal dlm_controld[14899]: 1793 fence status 5 receive -1 from 1 walltime 1778225388 local 1793
May 08 07:29:49 ip-172-31-35-142.eu-west-1.compute.internal dlm_controld[14899]: 1794 fence status 5 receive -1 from 2 walltime 1778225389 local 1794
May 08 07:29:50 ip-172-31-35-142.eu-west-1.compute.internal dlm_controld[14899]: 1795 fence status 5 receive -1 from 3 walltime 1778225390 local 1795
May 08 07:29:51 ip-172-31-35-142.eu-west-1.compute.internal dlm_controld[14899]: 1796 fence status 5 receive -1 from 4 walltime 1778225391 local 1796
May 08 07:29:51 ip-172-31-35-142.eu-west-1.compute.internal dlm_controld[14899]: 1796 fence request 5 pid 27247 nodedown time 1778225021 fence_all dlm_stonith
May 08 07:29:52 ip-172-31-35-142.eu-west-1.compute.internal dlm_controld[14899]: 1797 fence result 5 pid 27247 result -1 term signal 6
May 08 07:29:52 ip-172-31-35-142.eu-west-1.compute.internal dlm_controld[14899]: 1797 fence status 5 receive -1 from 1 walltime 1778225392 local 1797
May 08 07:29:53 ip-172-31-35-142.eu-west-1.compute.internal dlm_controld[14899]: 1798 fence status 5 receive -1 from 2 walltime 1778225393 local 1798
May 08 07:29:54 ip-172-31-35-142.eu-west-1.compute.internal dlm_controld[14899]: 1799 fence status 5 receive -1 from 3 walltime 1778225394 local 1799
May 08 07:29:55 ip-172-31-35-142.eu-west-1.compute.internal dlm_controld[14899]: 1800 fence status 5 receive -1 from 4 walltime 1778225395 local 1800
May 08 07:29:55 ip-172-31-35-142.eu-west-1.compute.internal dlm_controld[14899]: 1800 fence request 5 pid 27339 nodedown time 1778225021 fence_all dlm_stonith
May 08 07:29:56 ip-172-31-35-142.eu-west-1.compute.internal dlm_controld[14899]: 1801 fence result 5 pid 27339 result -1 term signal 6
May 08 07:29:56 ip-172-31-35-142.eu-west-1.compute.internal dlm_controld[14899]: 1801 fence status 5 receive -1 from 1 walltime 1778225396 local 1801
May 08 07:29:57 ip-172-31-35-142.eu-west-1.compute.internal dlm_controld[14899]: 1802 fence status 5 receive -1 from 2 walltime 1778225397 local 1802
May 08 07:29:58 ip-172-31-35-142.eu-west-1.compute.internal dlm_controld[14899]: 1803 fence status 5 receive -1 from 3 walltime 1778225398 local 1803
May 08 07:29:59 ip-172-31-35-142.eu-west-1.compute.internal dlm_controld[14899]: 1804 fence status 5 receive -1 from 4 walltime 1778225399 local 1804
May 08 07:29:59 ip-172-31-35-142.eu-west-1.compute.internal dlm_controld[14899]: 1804 fence request 5 pid 27340 nodedown time 1778225021 fence_all dlm_stonith
May 08 07:30:00 ip-172-31-35-142.eu-west-1.compute.internal dlm_controld[14899]: 1805 fence result 5 pid 27340 result -1 term signal 6
May 08 07:30:00 ip-172-31-35-142.eu-west-1.compute.internal dlm_controld[14899]: 1805 fence status 5 receive -1 from 1 walltime 1778225400 local 1805
May 08 07:30:01 ip-172-31-35-142.eu-west-1.compute.internal dlm_controld[14899]: 1806 fence status 5 receive -1 from 2 walltime 1778225401 local 1806
May 08 07:30:02 ip-172-31-35-142.eu-west-1.compute.internal dlm_controld[14899]: 1807 fence status 5 receive -1 from 3 walltime 1778225402 local 1807
May 08 07:30:03 ip-172-31-35-142.eu-west-1.compute.internal dlm_controld[14899]: 1808 fence status 5 receive -1 from 4 walltime 1778225403 local 1808
May 08 07:30:03 ip-172-31-35-142.eu-west-1.compute.internal dlm_controld[14899]: 1808 fence request 5 pid 27389 nodedown time 1778225021 fence_all dlm_stonith
May 08 07:30:04 ip-172-31-35-142.eu-west-1.compute.internal dlm_controld[14899]: 1809 fence result 5 pid 27389 result -1 term signal 6
May 08 07:30:04 ip-172-31-35-142.eu-west-1.compute.internal dlm_controld[14899]: 1809 fence status 5 receive -1 from 1 walltime 1778225404 local 1809
May 08 07:30:05 ip-172-31-35-142.eu-west-1.compute.internal dlm_controld[14899]: 1810 fence status 5 receive -1 from 2 walltime 1778225405 local 1810
May 08 07:30:06 ip-172-31-35-142.eu-west-1.compute.internal dlm_controld[14899]: 1811 fence status 5 receive -1 from 3 walltime 1778225406 local 1811
May 08 07:30:07 ip-172-31-35-142.eu-west-1.compute.internal dlm_controld[14899]: 1812 fence status 5 receive -1 from 4 walltime 1778225407 local 1812
May 08 07:30:07 ip-172-31-35-142.eu-west-1.compute.internal dlm_controld[14899]: 1812 fence request 5 pid 27390 nodedown time 1778225021 fence_all dlm_stonith
May 08 07:30:07 ip-172-31-35-142.eu-west-1.compute.internal stonith-ng[7465]:   notice: fence_aws_monitor_1:27391:stderr [ /usr/lib/python3.7/site-packages/boto3/compat.py:82: PythonDeprecationWarning: Boto3 will no longer support Python 3.7 starting December 13, 2023. To continue receiving service updates, bug fixes, and security updates please upgrade to Python 3.8 or later. More information can be found here: https://aws.amazon.com/blogs/developer/python-support-policy-updates-for-aws-sdks-and-tools/ ]
May 08 07:30:07 ip-172-31-35-142.eu-west-1.compute.internal stonith-ng[7465]:   notice: fence_aws_monitor_1:27391:stderr [   warnings.warn(warning, PythonDeprecationWarning) ]
May 08 07:30:07 ip-172-31-35-142.eu-west-1.compute.internal stonith-ng[7465]:  warning: fence_aws[27391] stderr: [ /usr/lib/python3.7/site-packages/boto3/compat.py:82: PythonDeprecationWarning: Boto3 will no longer support Python 3.7 starting December 13, 2023. To continue receiving service updates, bug fixes, and security updates please upgrade to Python 3.8 or later. More information can be found here: https://aws.amazon.com/blogs/developer/python-support-policy-updates-for-aws-sdks-and-tools/ ]
May 08 07:30:07 ip-172-31-35-142.eu-west-1.compute.internal stonith-ng[7465]:  warning: fence_aws[27391] stderr: [   warnings.warn(warning, PythonDeprecationWarning) ]
May 08 07:30:08 ip-172-31-35-142.eu-west-1.compute.internal dlm_controld[14899]: 1813 fence result 5 pid 27390 result -1 term signal 6
May 08 07:30:08 ip-172-31-35-142.eu-west-1.compute.internal dlm_controld[14899]: 1813 fence status 5 receive -1 from 1 walltime 1778225408 local 1813
May 08 07:30:09 ip-172-31-35-142.eu-west-1.compute.internal dlm_controld[14899]: 1814 fence status 5 receive -1 from 2 walltime 1778225409 local 1814
May 08 07:30:10 ip-172-31-35-142.eu-west-1.compute.internal dlm_controld[14899]: 1815 fence status 5 receive -1 from 3 walltime 1778225410 local 1815
May 08 07:30:11 ip-172-31-35-142.eu-west-1.compute.internal dlm_controld[14899]: 1816 fence status 5 receive -1 from 4 walltime 1778225411 local 1816
May 08 07:30:11 ip-172-31-35-142.eu-west-1.compute.internal dlm_controld[14899]: 1816 fence request 5 pid 27394 nodedown time 1778225021 fence_all dlm_stonith
May 08 07:30:12 ip-172-31-35-142.eu-west-1.compute.internal dlm_controld[14899]: 1817 fence result 5 pid 27394 result -1 term signal 6
May 08 07:30:12 ip-172-31-35-142.eu-west-1.compute.internal dlm_controld[14899]: 1817 fence status 5 receive -1 from 1 walltime 1778225412 local 1817
May 08 07:30:13 ip-172-31-35-142.eu-west-1.compute.internal dlm_controld[14899]: 1818 fence status 5 receive -1 from 2 walltime 1778225413 local 1818
May 08 07:30:14 ip-172-31-35-142.eu-west-1.compute.internal dlm_controld[14899]: 1819 fence status 5 receive -1 from 3 walltime 1778225414 local 1819
May 08 07:30:15 ip-172-31-35-142.eu-west-1.compute.internal dlm_controld[14899]: 1820 fence status 5 receive -1 from 4 walltime 1778225415 local 1820
May 08 07:30:15 ip-172-31-35-142.eu-west-1.compute.internal dlm_controld[14899]: 1820 fence request 5 pid 27454 nodedown time 1778225021 fence_all dlm_stonith
May 08 07:30:16 ip-172-31-35-142.eu-west-1.compute.internal dlm_controld[14899]: 1821 fence result 5 pid 27454 result -1 term signal 6
May 08 07:30:16 ip-172-31-35-142.eu-west-1.compute.internal dlm_controld[14899]: 1821 fence status 5 receive -1 from 1 walltime 1778225416 local 1821
May 08 07:30:17 ip-172-31-35-142.eu-west-1.compute.internal dlm_controld[14899]: 1822 fence status 5 receive -1 from 2 walltime 1778225417 local 1822
May 08 07:30:18 ip-172-31-35-142.eu-west-1.compute.internal dlm_controld[14899]: 1823 fence status 5 receive -1 from 3 walltime 1778225418 local 1823
May 08 07:30:19 ip-172-31-35-142.eu-west-1.compute.internal dlm_controld[14899]: 1824 fence status 5 receive -1 from 4 walltime 1778225419 local 1824
May 08 07:30:19 ip-172-31-35-142.eu-west-1.compute.internal dlm_controld[14899]: 1824 fence request 5 pid 27455 nodedown time 1778225021 fence_all dlm_stonith
May 08 07:30:20 ip-172-31-35-142.eu-west-1.compute.internal dlm_controld[14899]: 1825 fence result 5 pid 27455 result -1 term signal 6
May 08 07:30:20 ip-172-31-35-142.eu-west-1.compute.internal dlm_controld[14899]: 1825 fence status 5 receive -1 from 1 walltime 1778225420 local 1825
May 08 07:30:21 ip-172-31-35-142.eu-west-1.compute.internal dlm_controld[14899]: 1826 fence status 5 receive -1 from 2 walltime 1778225421 local 1826
May 08 07:30:22 ip-172-31-35-142.eu-west-1.compute.internal dlm_controld[14899]: 1827 fence status 5 receive -1 from 3 walltime 1778225422 local 1827
May 08 07:30:23 ip-172-31-35-142.eu-west-1.compute.internal dlm_controld[14899]: 1828 fence status 5 receive -1 from 4 walltime 1778225423 local 1828
May 08 07:30:23 ip-172-31-35-142.eu-west-1.compute.internal dlm_controld[14899]: 1828 fence request 5 pid 27513 nodedown time 1778225021 fence_all dlm_stonith
May 08 07:30:24 ip-172-31-35-142.eu-west-1.compute.internal dlm_controld[14899]: 1829 fence result 5 pid 27513 result -1 term signal 6
May 08 07:30:24 ip-172-31-35-142.eu-west-1.compute.internal dlm_controld[14899]: 1829 fence status 5 receive -1 from 1 walltime 1778225424 local 1829
May 08 07:30:25 ip-172-31-35-142.eu-west-1.compute.internal dlm_controld[14899]: 1830 fence status 5 receive -1 from 2 walltime 1778225425 local 1830
May 08 07:30:26 ip-172-31-35-142.eu-west-1.compute.internal dlm_controld[14899]: 1831 fence status 5 receive -1 from 3 walltime 1778225426 local 1831
May 08 07:30:27 ip-172-31-35-142.eu-west-1.compute.internal dlm_controld[14899]: 1832 fence status 5 receive -1 from 4 walltime 1778225427 local 1832
May 08 07:30:27 ip-172-31-35-142.eu-west-1.compute.internal dlm_controld[14899]: 1832 fence request 5 pid 27516 nodedown time 1778225021 fence_all dlm_stonith
May 08 07:30:28 ip-172-31-35-142.eu-west-1.compute.internal dlm_controld[14899]: 1833 fence result 5 pid 27516 result -1 term signal 6
May 08 07:30:28 ip-172-31-35-142.eu-west-1.compute.internal dlm_controld[14899]: 1833 fence status 5 receive -1 from 1 walltime 1778225428 local 1833
May 08 07:30:29 ip-172-31-35-142.eu-west-1.compute.internal dlm_controld[14899]: 1834 fence status 5 receive -1 from 2 walltime 1778225429 local 1834
May 08 07:30:30 ip-172-31-35-142.eu-west-1.compute.internal dlm_controld[14899]: 1835 fence status 5 receive -1 from 3 walltime 1778225430 local 1835
May 08 07:30:31 ip-172-31-35-142.eu-west-1.compute.internal dlm_controld[14899]: 1836 fence status 5 receive -1 from 4 walltime 1778225431 local 1836
May 08 07:30:31 ip-172-31-35-142.eu-west-1.compute.internal dlm_controld[14899]: 1836 fence request 5 pid 27822 nodedown time 1778225021 fence_all dlm_stonith
May 08 07:30:32 ip-172-31-35-142.eu-west-1.compute.internal dlm_controld[14899]: 1837 fence result 5 pid 27822 result -1 term signal 6
May 08 07:30:32 ip-172-31-35-142.eu-west-1.compute.internal dlm_controld[14899]: 1837 fence status 5 receive -1 from 1 walltime 1778225432 local 1837
May 08 07:30:33 ip-172-31-35-142.eu-west-1.compute.internal dlm_controld[14899]: 1838 fence status 5 receive -1 from 2 walltime 1778225433 local 1838
May 08 07:30:34 ip-172-31-35-142.eu-west-1.compute.internal dlm_controld[14899]: 1839 fence status 5 receive -1 from 3 walltime 1778225434 local 1839
May 08 07:30:35 ip-172-31-35-142.eu-west-1.compute.internal dlm_controld[14899]: 1840 fence status 5 receive -1 from 4 walltime 1778225435 local 1840
May 08 07:30:35 ip-172-31-35-142.eu-west-1.compute.internal dlm_controld[14899]: 1840 fence request 5 pid 27869 nodedown time 1778225021 fence_all dlm_stonith
May 08 07:30:36 ip-172-31-35-142.eu-west-1.compute.internal dlm_controld[14899]: 1841 fence result 5 pid 27869 result -1 term signal 6
May 08 07:30:36 ip-172-31-35-142.eu-west-1.compute.internal dlm_controld[14899]: 1841 fence status 5 receive -1 from 1 walltime 1778225436 local 1841
May 08 07:30:37 ip-172-31-35-142.eu-west-1.compute.internal dlm_controld[14899]: 1842 fence status 5 receive -1 from 2 walltime 1778225437 local 1842
May 08 07:30:38 ip-172-31-35-142.eu-west-1.compute.internal dlm_controld[14899]: 1843 fence status 5 receive -1 from 3 walltime 1778225438 local 1843
May 08 07:30:39 ip-172-31-35-142.eu-west-1.compute.internal dlm_controld[14899]: 1844 fence status 5 receive -1 from 4 walltime 1778225439 local 1844
May 08 07:30:39 ip-172-31-35-142.eu-west-1.compute.internal dlm_controld[14899]: 1844 fence request 5 pid 27870 nodedown time 1778225021 fence_all dlm_stonith
May 08 07:30:40 ip-172-31-35-142.eu-west-1.compute.internal dlm_controld[14899]: 1845 fence result 5 pid 27870 result -1 term signal 6
May 08 07:30:40 ip-172-31-35-142.eu-west-1.compute.internal dlm_controld[14899]: 1845 fence status 5 receive -1 from 1 walltime 1778225440 local 1845
May 08 07:30:41 ip-172-31-35-142.eu-west-1.compute.internal dlm_controld[14899]: 1846 fence status 5 receive -1 from 2 walltime 1778225441 local 1846
May 08 07:30:42 ip-172-31-35-142.eu-west-1.compute.internal dlm_controld[14899]: 1847 fence status 5 receive -1 from 3 walltime 1778225442 local 1847
May 08 07:30:43 ip-172-31-35-142.eu-west-1.compute.internal dlm_controld[14899]: 1848 fence status 5 receive -1 from 4 walltime 1778225443 local 1848
May 08 07:30:43 ip-172-31-35-142.eu-west-1.compute.internal dlm_controld[14899]: 1848 fence request 5 pid 27912 nodedown time 1778225021 fence_all dlm_stonith
May 08 07:30:44 ip-172-31-35-142.eu-west-1.compute.internal dlm_controld[14899]: 1849 fence result 5 pid 27912 result -1 term signal 6
May 08 07:30:44 ip-172-31-35-142.eu-west-1.compute.internal dlm_controld[14899]: 1849 fence status 5 receive -1 from 1 walltime 1778225444 local 1849
May 08 07:30:45 ip-172-31-35-142.eu-west-1.compute.internal dlm_controld[14899]: 1850 fence status 5 receive -1 from 2 walltime 1778225445 local 1850
May 08 07:30:46 ip-172-31-35-142.eu-west-1.compute.internal dlm_controld[14899]: 1851 fence status 5 receive -1 from 3 walltime 1778225446 local 1851
May 08 07:30:47 ip-172-31-35-142.eu-west-1.compute.internal dlm_controld[14899]: 1852 fence status 5 receive -1 from 4 walltime 1778225447 local 1852
May 08 07:30:47 ip-172-31-35-142.eu-west-1.compute.internal dlm_controld[14899]: 1852 fence request 5 pid 27931 nodedown time 1778225021 fence_all dlm_stonith
May 08 07:30:48 ip-172-31-35-142.eu-west-1.compute.internal dlm_controld[14899]: 1853 fence result 5 pid 27931 result -1 term signal 6
May 08 07:30:48 ip-172-31-35-142.eu-west-1.compute.internal dlm_controld[14899]: 1853 fence status 5 receive -1 from 1 walltime 1778225448 local 1853
May 08 07:30:49 ip-172-31-35-142.eu-west-1.compute.internal dlm_controld[14899]: 1854 fence status 5 receive -1 from 2 walltime 1778225449 local 1854
May 08 07:30:50 ip-172-31-35-142.eu-west-1.compute.internal dlm_controld[14899]: 1855 fence status 5 receive -1 from 3 walltime 1778225450 local 1855
May 08 07:30:51 ip-172-31-35-142.eu-west-1.compute.internal dlm_controld[14899]: 1856 fence status 5 receive -1 from 4 walltime 1778225451 local 1856
May 08 07:30:51 ip-172-31-35-142.eu-west-1.compute.internal dlm_controld[14899]: 1856 fence request 5 pid 27948 nodedown time 1778225021 fence_all dlm_stonith
May 08 07:30:52 ip-172-31-35-142.eu-west-1.compute.internal dlm_controld[14899]: 1857 fence result 5 pid 27948 result -1 term signal 6
May 08 07:30:52 ip-172-31-35-142.eu-west-1.compute.internal dlm_controld[14899]: 1857 fence status 5 receive -1 from 1 walltime 1778225452 local 1857
May 08 07:30:53 ip-172-31-35-142.eu-west-1.compute.internal dlm_controld[14899]: 1858 fence status 5 receive -1 from 2 walltime 1778225453 local 1858
May 08 07:30:54 ip-172-31-35-142.eu-west-1.compute.internal dlm_controld[14899]: 1859 fence status 5 receive -1 from 3 walltime 1778225454 local 1859
May 08 07:30:55 ip-172-31-35-142.eu-west-1.compute.internal dlm_controld[14899]: 1860 fence status 5 receive -1 from 4 walltime 1778225455 local 1860
May 08 07:30:55 ip-172-31-35-142.eu-west-1.compute.internal dlm_controld[14899]: 1860 fence request 5 pid 27990 nodedown time 1778225021 fence_all dlm_stonith
May 08 07:30:56 ip-172-31-35-142.eu-west-1.compute.internal dlm_controld[14899]: 1861 fence result 5 pid 27990 result -1 term signal 6
May 08 07:30:56 ip-172-31-35-142.eu-west-1.compute.internal dlm_controld[14899]: 1861 fence status 5 receive -1 from 1 walltime 1778225456 local 1861
May 08 07:30:57 ip-172-31-35-142.eu-west-1.compute.internal dlm_controld[14899]: 1862 fence status 5 receive -1 from 2 walltime 1778225457 local 1862
May 08 07:30:58 ip-172-31-35-142.eu-west-1.compute.internal dlm_controld[14899]: 1863 fence status 5 receive -1 from 3 walltime 1778225458 local 1863
May 08 07:30:59 ip-172-31-35-142.eu-west-1.compute.internal dlm_controld[14899]: 1864 fence status 5 receive -1 from 4 walltime 1778225459 local 1864
May 08 07:30:59 ip-172-31-35-142.eu-west-1.compute.internal dlm_controld[14899]: 1864 fence request 5 pid 27991 nodedown time 1778225021 fence_all dlm_stonith
May 08 07:31:00 ip-172-31-35-142.eu-west-1.compute.internal dlm_controld[14899]: 1865 fence result 5 pid 27991 result -1 term signal 6
May 08 07:31:00 ip-172-31-35-142.eu-west-1.compute.internal dlm_controld[14899]: 1865 fence status 5 receive -1 from 1 walltime 1778225460 local 1865
May 08 07:31:01 ip-172-31-35-142.eu-west-1.compute.internal dlm_controld[14899]: 1866 fence status 5 receive -1 from 2 walltime 1778225461 local 1866
May 08 07:31:02 ip-172-31-35-142.eu-west-1.compute.internal dlm_controld[14899]: 1867 fence status 5 receive -1 from 3 walltime 1778225462 local 1867
May 08 07:31:03 ip-172-31-35-142.eu-west-1.compute.internal dlm_controld[14899]: 1868 fence status 5 receive -1 from 4 walltime 1778225463 local 1868
May 08 07:31:03 ip-172-31-35-142.eu-west-1.compute.internal dlm_controld[14899]: 1868 fence request 5 pid 28036 nodedown time 1778225021 fence_all dlm_stonith
May 08 07:31:04 ip-172-31-35-142.eu-west-1.compute.internal dlm_controld[14899]: 1869 fence result 5 pid 28036 result -1 term signal 6
May 08 07:31:04 ip-172-31-35-142.eu-west-1.compute.internal dlm_controld[14899]: 1869 fence status 5 receive -1 from 1 walltime 1778225464 local 1869
May 08 07:31:05 ip-172-31-35-142.eu-west-1.compute.internal dlm_controld[14899]: 1870 fence status 5 receive -1 from 2 walltime 1778225465 local 1870
May 08 07:31:06 ip-172-31-35-142.eu-west-1.compute.internal dlm_controld[14899]: 1871 fence status 5 receive -1 from 3 walltime 1778225466 local 1871
May 08 07:31:07 ip-172-31-35-142.eu-west-1.compute.internal dlm_controld[14899]: 1872 fence status 5 receive -1 from 4 walltime 1778225467 local 1872
May 08 07:31:07 ip-172-31-35-142.eu-west-1.compute.internal dlm_controld[14899]: 1872 fence request 5 pid 28121 nodedown time 1778225021 fence_all dlm_stonith
May 08 07:31:08 ip-172-31-35-142.eu-west-1.compute.internal stonith-ng[7465]:   notice: fence_aws_monitor_1:28122:stderr [ /usr/lib/python3.7/site-packages/boto3/compat.py:82: PythonDeprecationWarning: Boto3 will no longer support Python 3.7 starting December 13, 2023. To continue receiving service updates, bug fixes, and security updates please upgrade to Python 3.8 or later. More information can be found here: https://aws.amazon.com/blogs/developer/python-support-policy-updates-for-aws-sdks-and-tools/ ]
May 08 07:31:08 ip-172-31-35-142.eu-west-1.compute.internal stonith-ng[7465]:   notice: fence_aws_monitor_1:28122:stderr [   warnings.warn(warning, PythonDeprecationWarning) ]
May 08 07:31:08 ip-172-31-35-142.eu-west-1.compute.internal stonith-ng[7465]:  warning: fence_aws[28122] stderr: [ /usr/lib/python3.7/site-packages/boto3/compat.py:82: PythonDeprecationWarning: Boto3 will no longer support Python 3.7 starting December 13, 2023. To continue receiving service updates, bug fixes, and security updates please upgrade to Python 3.8 or later. More information can be found here: https://aws.amazon.com/blogs/developer/python-support-policy-updates-for-aws-sdks-and-tools/ ]
May 08 07:31:08 ip-172-31-35-142.eu-west-1.compute.internal stonith-ng[7465]:  warning: fence_aws[28122] stderr: [   warnings.warn(warning, PythonDeprecationWarning) ]
May 08 07:31:08 ip-172-31-35-142.eu-west-1.compute.internal dlm_controld[14899]: 1873 fence result 5 pid 28121 result -1 term signal 6
May 08 07:31:08 ip-172-31-35-142.eu-west-1.compute.internal dlm_controld[14899]: 1873 fence status 5 receive -1 from 1 walltime 1778225468 local 1873
May 08 07:31:09 ip-172-31-35-142.eu-west-1.compute.internal dlm_controld[14899]: 1874 fence status 5 receive -1 from 2 walltime 1778225469 local 1874
May 08 07:31:10 ip-172-31-35-142.eu-west-1.compute.internal dlm_controld[14899]: 1875 fence status 5 receive -1 from 3 walltime 1778225470 local 1875
May 08 07:31:11 ip-172-31-35-142.eu-west-1.compute.internal dlm_controld[14899]: 1876 fence status 5 receive -1 from 4 walltime 1778225471 local 1876
May 08 07:31:11 ip-172-31-35-142.eu-west-1.compute.internal dlm_controld[14899]: 1876 fence request 5 pid 28125 nodedown time 1778225021 fence_all dlm_stonith
May 08 07:31:12 ip-172-31-35-142.eu-west-1.compute.internal dlm_controld[14899]: 1877 fence result 5 pid 28125 result -1 term signal 6
May 08 07:31:12 ip-172-31-35-142.eu-west-1.compute.internal dlm_controld[14899]: 1877 fence status 5 receive -1 from 1 walltime 1778225472 local 1877
May 08 07:31:13 ip-172-31-35-142.eu-west-1.compute.internal dlm_controld[14899]: 1878 fence status 5 receive -1 from 2 walltime 1778225473 local 1878
May 08 07:31:14 ip-172-31-35-142.eu-west-1.compute.internal dlm_controld[14899]: 1879 fence status 5 receive -1 from 3 walltime 1778225474 local 1879
May 08 07:31:15 ip-172-31-35-142.eu-west-1.compute.internal dlm_controld[14899]: 1880 fence status 5 receive -1 from 4 walltime 1778225475 local 1880
May 08 07:31:15 ip-172-31-35-142.eu-west-1.compute.internal dlm_controld[14899]: 1880 fence request 5 pid 28185 nodedown time 1778225021 fence_all dlm_stonith
May 08 07:31:16 ip-172-31-35-142.eu-west-1.compute.internal dlm_controld[14899]: 1881 fence result 5 pid 28185 result -1 term signal 6
May 08 07:31:16 ip-172-31-35-142.eu-west-1.compute.internal dlm_controld[14899]: 1881 fence status 5 receive -1 from 1 walltime 1778225476 local 1881
May 08 07:31:17 ip-172-31-35-142.eu-west-1.compute.internal dlm_controld[14899]: 1882 fence status 5 receive -1 from 2 walltime 1778225477 local 1882
May 08 07:31:18 ip-172-31-35-142.eu-west-1.compute.internal dlm_controld[14899]: 1883 fence status 5 receive -1 from 3 walltime 1778225478 local 1883
May 08 07:31:19 ip-172-31-35-142.eu-west-1.compute.internal dlm_controld[14899]: 1884 fence status 5 receive -1 from 4 walltime 1778225479 local 1884
May 08 07:31:19 ip-172-31-35-142.eu-west-1.compute.internal dlm_controld[14899]: 1884 fence request 5 pid 28493 nodedown time 1778225021 fence_all dlm_stonith
May 08 07:31:20 ip-172-31-35-142.eu-west-1.compute.internal dlm_controld[14899]: 1885 fence result 5 pid 28493 result -1 term signal 6
May 08 07:31:20 ip-172-31-35-142.eu-west-1.compute.internal dlm_controld[14899]: 1885 fence status 5 receive -1 from 1 walltime 1778225480 local 1885
May 08 07:31:21 ip-172-31-35-142.eu-west-1.compute.internal dlm_controld[14899]: 1886 fence status 5 receive -1 from 2 walltime 1778225481 local 1886
May 08 07:31:22 ip-172-31-35-142.eu-west-1.compute.internal dlm_controld[14899]: 1887 fence status 5 receive -1 from 3 walltime 1778225482 local 1887
May 08 07:31:23 ip-172-31-35-142.eu-west-1.compute.internal dlm_controld[14899]: 1888 fence status 5 receive -1 from 4 walltime 1778225483 local 1888
May 08 07:31:23 ip-172-31-35-142.eu-west-1.compute.internal dlm_controld[14899]: 1888 fence request 5 pid 28552 nodedown time 1778225021 fence_all dlm_stonith
May 08 07:31:24 ip-172-31-35-142.eu-west-1.compute.internal dlm_controld[14899]: 1889 fence result 5 pid 28552 result -1 term signal 6
May 08 07:31:24 ip-172-31-35-142.eu-west-1.compute.internal dlm_controld[14899]: 1889 fence status 5 receive -1 from 1 walltime 1778225484 local 1889
May 08 07:31:25 ip-172-31-35-142.eu-west-1.compute.internal dlm_controld[14899]: 1890 fence status 5 receive -1 from 2 walltime 1778225485 local 1890
May 08 07:31:26 ip-172-31-35-142.eu-west-1.compute.internal dlm_controld[14899]: 1891 fence status 5 receive -1 from 3 walltime 1778225486 local 1891
May 08 07:31:27 ip-172-31-35-142.eu-west-1.compute.internal dlm_controld[14899]: 1892 fence status 5 receive -1 from 4 walltime 1778225487 local 1892
May 08 07:31:27 ip-172-31-35-142.eu-west-1.compute.internal dlm_controld[14899]: 1892 fence request 5 pid 28553 nodedown time 1778225021 fence_all dlm_stonith
May 08 07:31:28 ip-172-31-35-142.eu-west-1.compute.internal dlm_controld[14899]: 1893 fence result 5 pid 28553 result -1 term signal 6
May 08 07:31:28 ip-172-31-35-142.eu-west-1.compute.internal dlm_controld[14899]: 1893 fence status 5 receive -1 from 1 walltime 1778225488 local 1893
May 08 07:31:29 ip-172-31-35-142.eu-west-1.compute.internal dlm_controld[14899]: 1894 fence status 5 receive -1 from 2 walltime 1778225489 local 1894
May 08 07:31:30 ip-172-31-35-142.eu-west-1.compute.internal dlm_controld[14899]: 1895 fence status 5 receive -1 from 3 walltime 1778225490 local 1895
May 08 07:31:31 ip-172-31-35-142.eu-west-1.compute.internal dlm_controld[14899]: 1896 fence status 5 receive -1 from 4 walltime 1778225491 local 1896
May 08 07:31:31 ip-172-31-35-142.eu-west-1.compute.internal dlm_controld[14899]: 1896 fence request 5 pid 28554 nodedown time 1778225021 fence_all dlm_stonith
May 08 07:31:32 ip-172-31-35-142.eu-west-1.compute.internal dlm_controld[14899]: 1897 fence result 5 pid 28554 result -1 term signal 6
May 08 07:31:32 ip-172-31-35-142.eu-west-1.compute.internal dlm_controld[14899]: 1897 fence status 5 receive -1 from 1 walltime 1778225492 local 1897
May 08 07:31:33 ip-172-31-35-142.eu-west-1.compute.internal dlm_controld[14899]: 1898 fence status 5 receive -1 from 2 walltime 1778225493 local 1898
May 08 07:31:34 ip-172-31-35-142.eu-west-1.compute.internal dlm_controld[14899]: 1899 fence status 5 receive -1 from 3 walltime 1778225494 local 1899
May 08 07:31:35 ip-172-31-35-142.eu-west-1.compute.internal dlm_controld[14899]: 1900 fence status 5 receive -1 from 4 walltime 1778225495 local 1900
May 08 07:31:35 ip-172-31-35-142.eu-west-1.compute.internal dlm_controld[14899]: 1900 fence request 5 pid 28597 nodedown time 1778225021 fence_all dlm_stonith
May 08 07:31:36 ip-172-31-35-142.eu-west-1.compute.internal dlm_controld[14899]: 1901 fence result 5 pid 28597 result -1 term signal 6
May 08 07:31:36 ip-172-31-35-142.eu-west-1.compute.internal dlm_controld[14899]: 1901 fence status 5 receive -1 from 1 walltime 1778225496 local 1901
May 08 07:31:37 ip-172-31-35-142.eu-west-1.compute.internal dlm_controld[14899]: 1902 fence status 5 receive -1 from 2 walltime 1778225497 local 1902
May 08 07:31:38 ip-172-31-35-142.eu-west-1.compute.internal dlm_controld[14899]: 1903 fence status 5 receive -1 from 3 walltime 1778225498 local 1903
May 08 07:31:39 ip-172-31-35-142.eu-west-1.compute.internal dlm_controld[14899]: 1904 fence status 5 receive -1 from 4 walltime 1778225499 local 1904
May 08 07:31:39 ip-172-31-35-142.eu-west-1.compute.internal dlm_controld[14899]: 1904 fence request 5 pid 28598 nodedown time 1778225021 fence_all dlm_stonith
May 08 07:31:40 ip-172-31-35-142.eu-west-1.compute.internal dlm_controld[14899]: 1905 fence result 5 pid 28598 result -1 term signal 6
May 08 07:31:40 ip-172-31-35-142.eu-west-1.compute.internal dlm_controld[14899]: 1905 fence status 5 receive -1 from 1 walltime 1778225500 local 1905
May 08 07:31:41 ip-172-31-35-142.eu-west-1.compute.internal dlm_controld[14899]: 1906 fence status 5 receive -1 from 2 walltime 1778225501 local 1906
May 08 07:31:42 ip-172-31-35-142.eu-west-1.compute.internal dlm_controld[14899]: 1907 fence status 5 receive -1 from 3 walltime 1778225502 local 1907
May 08 07:31:43 ip-172-31-35-142.eu-west-1.compute.internal dlm_controld[14899]: 1908 fence status 5 receive -1 from 4 walltime 1778225503 local 1908
May 08 07:31:43 ip-172-31-35-142.eu-west-1.compute.internal dlm_controld[14899]: 1908 fence request 5 pid 28640 nodedown time 1778225021 fence_all dlm_stonith
May 08 07:31:44 ip-172-31-35-142.eu-west-1.compute.internal dlm_controld[14899]: 1909 fence result 5 pid 28640 result -1 term signal 6
May 08 07:31:44 ip-172-31-35-142.eu-west-1.compute.internal dlm_controld[14899]: 1909 fence status 5 receive -1 from 1 walltime 1778225504 local 1909
May 08 07:31:45 ip-172-31-35-142.eu-west-1.compute.internal dlm_controld[14899]: 1910 fence status 5 receive -1 from 2 walltime 1778225505 local 1910
May 08 07:31:46 ip-172-31-35-142.eu-west-1.compute.internal dlm_controld[14899]: 1911 fence status 5 receive -1 from 3 walltime 1778225506 local 1911
May 08 07:31:47 ip-172-31-35-142.eu-west-1.compute.internal dlm_controld[14899]: 1912 fence status 5 receive -1 from 4 walltime 1778225507 local 1912
May 08 07:31:47 ip-172-31-35-142.eu-west-1.compute.internal dlm_controld[14899]: 1912 fence request 5 pid 28659 nodedown time 1778225021 fence_all dlm_stonith
May 08 07:31:48 ip-172-31-35-142.eu-west-1.compute.internal dlm_controld[14899]: 1913 fence result 5 pid 28659 result -1 term signal 6
May 08 07:31:48 ip-172-31-35-142.eu-west-1.compute.internal dlm_controld[14899]: 1913 fence status 5 receive -1 from 1 walltime 1778225508 local 1913
May 08 07:31:49 ip-172-31-35-142.eu-west-1.compute.internal dlm_controld[14899]: 1914 fence status 5 receive -1 from 2 walltime 1778225509 local 1914
May 08 07:31:50 ip-172-31-35-142.eu-west-1.compute.internal dlm_controld[14899]: 1915 fence status 5 receive -1 from 3 walltime 1778225510 local 1915
May 08 07:31:51 ip-172-31-35-142.eu-west-1.compute.internal dlm_controld[14899]: 1916 fence status 5 receive -1 from 4 walltime 1778225511 local 1916
May 08 07:31:51 ip-172-31-35-142.eu-west-1.compute.internal dlm_controld[14899]: 1916 fence request 5 pid 28676 nodedown time 1778225021 fence_all dlm_stonith
May 08 07:31:52 ip-172-31-35-142.eu-west-1.compute.internal dlm_controld[14899]: 1917 fence result 5 pid 28676 result -1 term signal 6
May 08 07:31:52 ip-172-31-35-142.eu-west-1.compute.internal dlm_controld[14899]: 1917 fence status 5 receive -1 from 1 walltime 1778225512 local 1917
May 08 07:31:53 ip-172-31-35-142.eu-west-1.compute.internal dlm_controld[14899]: 1918 fence status 5 receive -1 from 2 walltime 1778225513 local 1918
May 08 07:31:54 ip-172-31-35-142.eu-west-1.compute.internal dlm_controld[14899]: 1919 fence status 5 receive -1 from 3 walltime 1778225514 local 1919
May 08 07:31:55 ip-172-31-35-142.eu-west-1.compute.internal dlm_controld[14899]: 1920 fence status 5 receive -1 from 4 walltime 1778225515 local 1920
May 08 07:31:55 ip-172-31-35-142.eu-west-1.compute.internal dlm_controld[14899]: 1920 fence request 5 pid 28718 nodedown time 1778225021 fence_all dlm_stonith
May 08 07:31:56 ip-172-31-35-142.eu-west-1.compute.internal dlm_controld[14899]: 1921 fence result 5 pid 28718 result -1 term signal 6
May 08 07:31:56 ip-172-31-35-142.eu-west-1.compute.internal dlm_controld[14899]: 1921 fence status 5 receive -1 from 1 walltime 1778225516 local 1921
May 08 07:31:57 ip-172-31-35-142.eu-west-1.compute.internal dlm_controld[14899]: 1922 fence status 5 receive -1 from 2 walltime 1778225517 local 1922
May 08 07:31:58 ip-172-31-35-142.eu-west-1.compute.internal dlm_controld[14899]: 1924 fence status 5 receive -1 from 3 walltime 1778225518 local 1924
May 08 07:31:59 ip-172-31-35-142.eu-west-1.compute.internal dlm_controld[14899]: 1925 fence status 5 receive -1 from 4 walltime 1778225519 local 1925
May 08 07:31:59 ip-172-31-35-142.eu-west-1.compute.internal dlm_controld[14899]: 1925 fence request 5 pid 28719 nodedown time 1778225021 fence_all dlm_stonith
May 08 07:32:00 ip-172-31-35-142.eu-west-1.compute.internal dlm_controld[14899]: 1926 fence result 5 pid 28719 result -1 term signal 6
May 08 07:32:00 ip-172-31-35-142.eu-west-1.compute.internal dlm_controld[14899]: 1926 fence status 5 receive -1 from 1 walltime 1778225520 local 1926
May 08 07:32:01 ip-172-31-35-142.eu-west-1.compute.internal dlm_controld[14899]: 1927 fence status 5 receive -1 from 2 walltime 1778225521 local 1927
May 08 07:32:02 ip-172-31-35-142.eu-west-1.compute.internal dlm_controld[14899]: 1928 fence status 5 receive -1 from 3 walltime 1778225522 local 1928
May 08 07:32:03 ip-172-31-35-142.eu-west-1.compute.internal dlm_controld[14899]: 1929 fence status 5 receive -1 from 4 walltime 1778225523 local 1929
May 08 07:32:03 ip-172-31-35-142.eu-west-1.compute.internal dlm_controld[14899]: 1929 fence request 5 pid 28761 nodedown time 1778225021 fence_all dlm_stonith
May 08 07:32:04 ip-172-31-35-142.eu-west-1.compute.internal dlm_controld[14899]: 1930 fence result 5 pid 28761 result -1 term signal 6
May 08 07:32:04 ip-172-31-35-142.eu-west-1.compute.internal dlm_controld[14899]: 1930 fence status 5 receive -1 from 1 walltime 1778225524 local 1930
May 08 07:32:05 ip-172-31-35-142.eu-west-1.compute.internal dlm_controld[14899]: 1931 fence status 5 receive -1 from 2 walltime 1778225525 local 1931
May 08 07:32:06 ip-172-31-35-142.eu-west-1.compute.internal dlm_controld[14899]: 1932 fence status 5 receive -1 from 3 walltime 1778225526 local 1932
May 08 07:32:07 ip-172-31-35-142.eu-west-1.compute.internal dlm_controld[14899]: 1933 fence status 5 receive -1 from 4 walltime 1778225527 local 1933
May 08 07:32:07 ip-172-31-35-142.eu-west-1.compute.internal dlm_controld[14899]: 1933 fence request 5 pid 28762 nodedown time 1778225021 fence_all dlm_stonith
May 08 07:32:08 ip-172-31-35-142.eu-west-1.compute.internal stonith-ng[7465]:   notice: fence_aws_monitor_1:28763:stderr [ /usr/lib/python3.7/site-packages/boto3/compat.py:82: PythonDeprecationWarning: Boto3 will no longer support Python 3.7 starting December 13, 2023. To continue receiving service updates, bug fixes, and security updates please upgrade to Python 3.8 or later. More information can be found here: https://aws.amazon.com/blogs/developer/python-support-policy-updates-for-aws-sdks-and-tools/ ]
May 08 07:32:08 ip-172-31-35-142.eu-west-1.compute.internal stonith-ng[7465]:   notice: fence_aws_monitor_1:28763:stderr [   warnings.warn(warning, PythonDeprecationWarning) ]
May 08 07:32:08 ip-172-31-35-142.eu-west-1.compute.internal stonith-ng[7465]:  warning: fence_aws[28763] stderr: [ /usr/lib/python3.7/site-packages/boto3/compat.py:82: PythonDeprecationWarning: Boto3 will no longer support Python 3.7 starting December 13, 2023. To continue receiving service updates, bug fixes, and security updates please upgrade to Python 3.8 or later. More information can be found here: https://aws.amazon.com/blogs/developer/python-support-policy-updates-for-aws-sdks-and-tools/ ]
May 08 07:32:08 ip-172-31-35-142.eu-west-1.compute.internal stonith-ng[7465]:  warning: fence_aws[28763] stderr: [   warnings.warn(warning, PythonDeprecationWarning) ]
May 08 07:32:08 ip-172-31-35-142.eu-west-1.compute.internal dlm_controld[14899]: 1934 fence result 5 pid 28762 result -1 term signal 6
May 08 07:32:08 ip-172-31-35-142.eu-west-1.compute.internal dlm_controld[14899]: 1934 fence status 5 receive -1 from 1 walltime 1778225528 local 1934
May 08 07:32:09 ip-172-31-35-142.eu-west-1.compute.internal dlm_controld[14899]: 1935 fence status 5 receive -1 from 2 walltime 1778225529 local 1935
May 08 07:32:10 ip-172-31-35-142.eu-west-1.compute.internal dlm_controld[14899]: 1936 fence status 5 receive -1 from 3 walltime 1778225530 local 1936
May 08 07:32:11 ip-172-31-35-142.eu-west-1.compute.internal dlm_controld[14899]: 1937 fence status 5 receive -1 from 4 walltime 1778225531 local 1937
May 08 07:32:11 ip-172-31-35-142.eu-west-1.compute.internal dlm_controld[14899]: 1937 fence request 5 pid 28766 nodedown time 1778225021 fence_all dlm_stonith
May 08 07:32:12 ip-172-31-35-142.eu-west-1.compute.internal dlm_controld[14899]: 1938 fence result 5 pid 28766 result -1 term signal 6
May 08 07:32:12 ip-172-31-35-142.eu-west-1.compute.internal dlm_controld[14899]: 1938 fence status 5 receive -1 from 1 walltime 1778225532 local 1938
May 08 07:32:13 ip-172-31-35-142.eu-west-1.compute.internal dlm_controld[14899]: 1939 fence status 5 receive -1 from 2 walltime 1778225533 local 1939
May 08 07:32:14 ip-172-31-35-142.eu-west-1.compute.internal dlm_controld[14899]: 1940 fence status 5 receive -1 from 3 walltime 1778225534 local 1940
May 08 07:32:15 ip-172-31-35-142.eu-west-1.compute.internal dlm_controld[14899]: 1941 fence status 5 receive -1 from 4 walltime 1778225535 local 1941
May 08 07:32:15 ip-172-31-35-142.eu-west-1.compute.internal dlm_controld[14899]: 1941 fence request 5 pid 28826 nodedown time 1778225021 fence_all dlm_stonith
May 08 07:32:16 ip-172-31-35-142.eu-west-1.compute.internal dlm_controld[14899]: 1942 fence result 5 pid 28826 result -1 term signal 6
May 08 07:32:16 ip-172-31-35-142.eu-west-1.compute.internal dlm_controld[14899]: 1942 fence status 5 receive -1 from 1 walltime 1778225536 local 1942
May 08 07:32:17 ip-172-31-35-142.eu-west-1.compute.internal dlm_controld[14899]: 1943 fence status 5 receive -1 from 2 walltime 1778225537 local 1943
May 08 07:32:18 ip-172-31-35-142.eu-west-1.compute.internal dlm_controld[14899]: 1944 fence status 5 receive -1 from 3 walltime 1778225538 local 1944
May 08 07:32:19 ip-172-31-35-142.eu-west-1.compute.internal dlm_controld[14899]: 1945 fence status 5 receive -1 from 4 walltime 1778225539 local 1945
May 08 07:32:19 ip-172-31-35-142.eu-west-1.compute.internal dlm_controld[14899]: 1945 fence request 5 pid 28827 nodedown time 1778225021 fence_all dlm_stonith
May 08 07:32:20 ip-172-31-35-142.eu-west-1.compute.internal dlm_controld[14899]: 1946 fence result 5 pid 28827 result -1 term signal 6
May 08 07:32:20 ip-172-31-35-142.eu-west-1.compute.internal dlm_controld[14899]: 1946 fence status 5 receive -1 from 1 walltime 1778225540 local 1946
May 08 07:32:21 ip-172-31-35-142.eu-west-1.compute.internal dlm_controld[14899]: 1947 fence status 5 receive -1 from 2 walltime 1778225541 local 1947
May 08 07:32:22 ip-172-31-35-142.eu-west-1.compute.internal dlm_controld[14899]: 1948 fence status 5 receive -1 from 3 walltime 1778225542 local 1948
May 08 07:32:23 ip-172-31-35-142.eu-west-1.compute.internal dlm_controld[14899]: 1949 fence status 5 receive -1 from 4 walltime 1778225543 local 1949
May 08 07:32:23 ip-172-31-35-142.eu-west-1.compute.internal dlm_controld[14899]: 1949 fence request 5 pid 28885 nodedown time 1778225021 fence_all dlm_stonith
May 08 07:32:24 ip-172-31-35-142.eu-west-1.compute.internal dlm_controld[14899]: 1950 fence result 5 pid 28885 result -1 term signal 6
May 08 07:32:24 ip-172-31-35-142.eu-west-1.compute.internal dlm_controld[14899]: 1950 fence status 5 receive -1 from 1 walltime 1778225544 local 1950
May 08 07:32:25 ip-172-31-35-142.eu-west-1.compute.internal dlm_controld[14899]: 1951 fence status 5 receive -1 from 2 walltime 1778225545 local 1951
May 08 07:32:26 ip-172-31-35-142.eu-west-1.compute.internal dlm_controld[14899]: 1952 fence status 5 receive -1 from 3 walltime 1778225546 local 1952
May 08 07:32:27 ip-172-31-35-142.eu-west-1.compute.internal dlm_controld[14899]: 1953 fence status 5 receive -1 from 4 walltime 1778225547 local 1953
May 08 07:32:27 ip-172-31-35-142.eu-west-1.compute.internal dlm_controld[14899]: 1953 fence request 5 pid 28886 nodedown time 1778225021 fence_all dlm_stonith
May 08 07:32:28 ip-172-31-35-142.eu-west-1.compute.internal dlm_controld[14899]: 1954 fence result 5 pid 28886 result -1 term signal 6
May 08 07:32:28 ip-172-31-35-142.eu-west-1.compute.internal dlm_controld[14899]: 1954 fence status 5 receive -1 from 1 walltime 1778225548 local 1954
May 08 07:32:29 ip-172-31-35-142.eu-west-1.compute.internal dlm_controld[14899]: 1955 fence status 5 receive -1 from 2 walltime 1778225549 local 1955
May 08 07:32:30 ip-172-31-35-142.eu-west-1.compute.internal dlm_controld[14899]: 1956 fence status 5 receive -1 from 3 walltime 1778225550 local 1956
May 08 07:32:31 ip-172-31-35-142.eu-west-1.compute.internal dlm_controld[14899]: 1957 fence status 5 receive -1 from 4 walltime 1778225551 local 1957
May 08 07:32:31 ip-172-31-35-142.eu-west-1.compute.internal dlm_controld[14899]: 1957 fence request 5 pid 28887 nodedown time 1778225021 fence_all dlm_stonith
May 08 07:32:32 ip-172-31-35-142.eu-west-1.compute.internal dlm_controld[14899]: 1958 fence result 5 pid 28887 result -1 term signal 6
May 08 07:32:32 ip-172-31-35-142.eu-west-1.compute.internal dlm_controld[14899]: 1958 fence status 5 receive -1 from 1 walltime 1778225552 local 1958
May 08 07:32:33 ip-172-31-35-142.eu-west-1.compute.internal dlm_controld[14899]: 1959 fence status 5 receive -1 from 2 walltime 1778225553 local 1959
May 08 07:32:34 ip-172-31-35-142.eu-west-1.compute.internal dlm_controld[14899]: 1960 fence status 5 receive -1 from 3 walltime 1778225554 local 1960
May 08 07:32:35 ip-172-31-35-142.eu-west-1.compute.internal dlm_controld[14899]: 1961 fence status 5 receive -1 from 4 walltime 1778225555 local 1961
May 08 07:32:35 ip-172-31-35-142.eu-west-1.compute.internal dlm_controld[14899]: 1961 fence request 5 pid 29237 nodedown time 1778225021 fence_all dlm_stonith
May 08 07:32:36 ip-172-31-35-142.eu-west-1.compute.internal dlm_controld[14899]: 1962 fence result 5 pid 29237 result -1 term signal 6
May 08 07:32:36 ip-172-31-35-142.eu-west-1.compute.internal dlm_controld[14899]: 1962 fence status 5 receive -1 from 1 walltime 1778225556 local 1962
May 08 07:32:37 ip-172-31-35-142.eu-west-1.compute.internal dlm_controld[14899]: 1963 fence status 5 receive -1 from 2 walltime 1778225557 local 1963
May 08 07:32:38 ip-172-31-35-142.eu-west-1.compute.internal dlm_controld[14899]: 1964 fence status 5 receive -1 from 3 walltime 1778225558 local 1964
May 08 07:32:39 ip-172-31-35-142.eu-west-1.compute.internal dlm_controld[14899]: 1965 fence status 5 receive -1 from 4 walltime 1778225559 local 1965
May 08 07:32:39 ip-172-31-35-142.eu-west-1.compute.internal dlm_controld[14899]: 1965 fence request 5 pid 29239 nodedown time 1778225021 fence_all dlm_stonith
May 08 07:32:40 ip-172-31-35-142.eu-west-1.compute.internal dlm_controld[14899]: 1966 fence result 5 pid 29239 result -1 term signal 6
May 08 07:32:40 ip-172-31-35-142.eu-west-1.compute.internal dlm_controld[14899]: 1966 fence status 5 receive -1 from 1 walltime 1778225560 local 1966
May 08 07:32:41 ip-172-31-35-142.eu-west-1.compute.internal dlm_controld[14899]: 1967 fence status 5 receive -1 from 2 walltime 1778225561 local 1967
May 08 07:32:42 ip-172-31-35-142.eu-west-1.compute.internal dlm_controld[14899]: 1968 fence status 5 receive -1 from 3 walltime 1778225562 local 1968
May 08 07:32:43 ip-172-31-35-142.eu-west-1.compute.internal dlm_controld[14899]: 1969 fence status 5 receive -1 from 4 walltime 1778225563 local 1969
May 08 07:32:43 ip-172-31-35-142.eu-west-1.compute.internal dlm_controld[14899]: 1969 fence request 5 pid 29281 nodedown time 1778225021 fence_all dlm_stonith
May 08 07:32:44 ip-172-31-35-142.eu-west-1.compute.internal dlm_controld[14899]: 1970 fence result 5 pid 29281 result -1 term signal 6
May 08 07:32:44 ip-172-31-35-142.eu-west-1.compute.internal dlm_controld[14899]: 1970 fence status 5 receive -1 from 1 walltime 1778225564 local 1970
May 08 07:32:45 ip-172-31-35-142.eu-west-1.compute.internal dlm_controld[14899]: 1971 fence status 5 receive -1 from 2 walltime 1778225565 local 1971
May 08 07:32:47 ip-172-31-35-142.eu-west-1.compute.internal dlm_controld[14899]: 1972 fence status 5 receive -1 from 3 walltime 1778225566 local 1972
May 08 07:32:48 ip-172-31-35-142.eu-west-1.compute.internal dlm_controld[14899]: 1973 fence status 5 receive -1 from 4 walltime 1778225568 local 1973
May 08 07:32:48 ip-172-31-35-142.eu-west-1.compute.internal dlm_controld[14899]: 1973 fence request 5 pid 29300 nodedown time 1778225021 fence_all dlm_stonith
May 08 07:32:49 ip-172-31-35-142.eu-west-1.compute.internal dlm_controld[14899]: 1974 fence result 5 pid 29300 result -1 term signal 6
May 08 07:32:49 ip-172-31-35-142.eu-west-1.compute.internal dlm_controld[14899]: 1974 fence status 5 receive -1 from 1 walltime 1778225569 local 1974
May 08 07:32:50 ip-172-31-35-142.eu-west-1.compute.internal dlm_controld[14899]: 1975 fence status 5 receive -1 from 2 walltime 1778225570 local 1975
May 08 07:32:51 ip-172-31-35-142.eu-west-1.compute.internal dlm_controld[14899]: 1976 fence status 5 receive -1 from 3 walltime 1778225571 local 1976
May 08 07:32:52 ip-172-31-35-142.eu-west-1.compute.internal dlm_controld[14899]: 1977 fence status 5 receive -1 from 4 walltime 1778225572 local 1977
May 08 07:32:52 ip-172-31-35-142.eu-west-1.compute.internal dlm_controld[14899]: 1977 fence request 5 pid 29317 nodedown time 1778225021 fence_all dlm_stonith
May 08 07:32:53 ip-172-31-35-142.eu-west-1.compute.internal dlm_controld[14899]: 1978 fence result 5 pid 29317 result -1 term signal 6
May 08 07:32:53 ip-172-31-35-142.eu-west-1.compute.internal dlm_controld[14899]: 1978 fence status 5 receive -1 from 1 walltime 1778225573 local 1978
May 08 07:32:54 ip-172-31-35-142.eu-west-1.compute.internal dlm_controld[14899]: 1979 fence status 5 receive -1 from 2 walltime 1778225574 local 1979
May 08 07:32:55 ip-172-31-35-142.eu-west-1.compute.internal dlm_controld[14899]: 1980 fence status 5 receive -1 from 3 walltime 1778225575 local 1980
May 08 07:32:56 ip-172-31-35-142.eu-west-1.compute.internal dlm_controld[14899]: 1981 fence status 5 receive -1 from 4 walltime 1778225576 local 1981
May 08 07:32:56 ip-172-31-35-142.eu-west-1.compute.internal dlm_controld[14899]: 1981 fence request 5 pid 29359 nodedown time 1778225021 fence_all dlm_stonith
May 08 07:32:57 ip-172-31-35-142.eu-west-1.compute.internal dlm_controld[14899]: 1982 fence result 5 pid 29359 result -1 term signal 6
May 08 07:32:57 ip-172-31-35-142.eu-west-1.compute.internal dlm_controld[14899]: 1982 fence status 5 receive -1 from 1 walltime 1778225577 local 1982
May 08 07:32:58 ip-172-31-35-142.eu-west-1.compute.internal dlm_controld[14899]: 1983 fence status 5 receive -1 from 2 walltime 1778225578 local 1983
May 08 07:32:59 ip-172-31-35-142.eu-west-1.compute.internal dlm_controld[14899]: 1984 fence status 5 receive -1 from 3 walltime 1778225579 local 1984
May 08 07:33:00 ip-172-31-35-142.eu-west-1.compute.internal dlm_controld[14899]: 1985 fence status 5 receive -1 from 4 walltime 1778225580 local 1985
May 08 07:33:00 ip-172-31-35-142.eu-west-1.compute.internal dlm_controld[14899]: 1985 fence request 5 pid 29360 nodedown time 1778225021 fence_all dlm_stonith
May 08 07:33:01 ip-172-31-35-142.eu-west-1.compute.internal dlm_controld[14899]: 1986 fence result 5 pid 29360 result -1 term signal 6
May 08 07:33:01 ip-172-31-35-142.eu-west-1.compute.internal dlm_controld[14899]: 1986 fence status 5 receive -1 from 1 walltime 1778225581 local 1986
May 08 07:33:02 ip-172-31-35-142.eu-west-1.compute.internal dlm_controld[14899]: 1987 fence status 5 receive -1 from 2 walltime 1778225582 local 1987
May 08 07:33:03 ip-172-31-35-142.eu-west-1.compute.internal dlm_controld[14899]: 1988 fence status 5 receive -1 from 3 walltime 1778225583 local 1988
May 08 07:33:04 ip-172-31-35-142.eu-west-1.compute.internal dlm_controld[14899]: 1989 fence status 5 receive -1 from 4 walltime 1778225584 local 1989
May 08 07:33:04 ip-172-31-35-142.eu-west-1.compute.internal dlm_controld[14899]: 1989 fence request 5 pid 29402 nodedown time 1778225021 fence_all dlm_stonith
May 08 07:33:05 ip-172-31-35-142.eu-west-1.compute.internal dlm_controld[14899]: 1990 fence result 5 pid 29402 result -1 term signal 6
May 08 07:33:05 ip-172-31-35-142.eu-west-1.compute.internal dlm_controld[14899]: 1990 fence status 5 receive -1 from 1 walltime 1778225585 local 1990
May 08 07:33:06 ip-172-31-35-142.eu-west-1.compute.internal dlm_controld[14899]: 1991 fence status 5 receive -1 from 2 walltime 1778225586 local 1991
May 08 07:33:07 ip-172-31-35-142.eu-west-1.compute.internal dlm_controld[14899]: 1992 fence status 5 receive -1 from 3 walltime 1778225587 local 1992
May 08 07:33:08 ip-172-31-35-142.eu-west-1.compute.internal dlm_controld[14899]: 1993 fence status 5 receive -1 from 4 walltime 1778225588 local 1993
May 08 07:33:08 ip-172-31-35-142.eu-west-1.compute.internal dlm_controld[14899]: 1993 fence request 5 pid 29403 nodedown time 1778225021 fence_all dlm_stonith
May 08 07:33:09 ip-172-31-35-142.eu-west-1.compute.internal stonith-ng[7465]:   notice: fence_aws_monitor_1:29404:stderr [ /usr/lib/python3.7/site-packages/boto3/compat.py:82: PythonDeprecationWarning: Boto3 will no longer support Python 3.7 starting December 13, 2023. To continue receiving service updates, bug fixes, and security updates please upgrade to Python 3.8 or later. More information can be found here: https://aws.amazon.com/blogs/developer/python-support-policy-updates-for-aws-sdks-and-tools/ ]
May 08 07:33:09 ip-172-31-35-142.eu-west-1.compute.internal stonith-ng[7465]:   notice: fence_aws_monitor_1:29404:stderr [   warnings.warn(warning, PythonDeprecationWarning) ]
May 08 07:33:09 ip-172-31-35-142.eu-west-1.compute.internal stonith-ng[7465]:  warning: fence_aws[29404] stderr: [ /usr/lib/python3.7/site-packages/boto3/compat.py:82: PythonDeprecationWarning: Boto3 will no longer support Python 3.7 starting December 13, 2023. To continue receiving service updates, bug fixes, and security updates please upgrade to Python 3.8 or later. More information can be found here: https://aws.amazon.com/blogs/developer/python-support-policy-updates-for-aws-sdks-and-tools/ ]
May 08 07:33:09 ip-172-31-35-142.eu-west-1.compute.internal stonith-ng[7465]:  warning: fence_aws[29404] stderr: [   warnings.warn(warning, PythonDeprecationWarning) ]
May 08 07:33:09 ip-172-31-35-142.eu-west-1.compute.internal dlm_controld[14899]: 1994 fence result 5 pid 29403 result -1 term signal 6
May 08 07:33:09 ip-172-31-35-142.eu-west-1.compute.internal dlm_controld[14899]: 1994 fence status 5 receive -1 from 1 walltime 1778225589 local 1994
May 08 07:33:10 ip-172-31-35-142.eu-west-1.compute.internal dlm_controld[14899]: 1995 fence status 5 receive -1 from 2 walltime 1778225590 local 1995
May 08 07:33:11 ip-172-31-35-142.eu-west-1.compute.internal dlm_controld[14899]: 1996 fence status 5 receive -1 from 3 walltime 1778225591 local 1996
May 08 07:33:12 ip-172-31-35-142.eu-west-1.compute.internal dlm_controld[14899]: 1997 fence status 5 receive -1 from 4 walltime 1778225592 local 1997
May 08 07:33:12 ip-172-31-35-142.eu-west-1.compute.internal dlm_controld[14899]: 1997 fence request 5 pid 29437 nodedown time 1778225021 fence_all dlm_stonith
May 08 07:33:13 ip-172-31-35-142.eu-west-1.compute.internal dlm_controld[14899]: 1998 fence result 5 pid 29437 result -1 term signal 6
May 08 07:33:13 ip-172-31-35-142.eu-west-1.compute.internal dlm_controld[14899]: 1998 fence status 5 receive -1 from 1 walltime 1778225593 local 1998
May 08 07:33:14 ip-172-31-35-142.eu-west-1.compute.internal dlm_controld[14899]: 1999 fence status 5 receive -1 from 2 walltime 1778225594 local 1999
May 08 07:33:15 ip-172-31-35-142.eu-west-1.compute.internal dlm_controld[14899]: 2000 fence status 5 receive -1 from 3 walltime 1778225595 local 2000
May 08 07:33:16 ip-172-31-35-142.eu-west-1.compute.internal dlm_controld[14899]: 2001 fence status 5 receive -1 from 4 walltime 1778225596 local 2001
May 08 07:33:16 ip-172-31-35-142.eu-west-1.compute.internal dlm_controld[14899]: 2001 fence request 5 pid 29513 nodedown time 1778225021 fence_all dlm_stonith
May 08 07:33:17 ip-172-31-35-142.eu-west-1.compute.internal dlm_controld[14899]: 2002 fence result 5 pid 29513 result -1 term signal 6
May 08 07:33:17 ip-172-31-35-142.eu-west-1.compute.internal dlm_controld[14899]: 2002 fence status 5 receive -1 from 1 walltime 1778225597 local 2002
May 08 07:33:18 ip-172-31-35-142.eu-west-1.compute.internal dlm_controld[14899]: 2003 fence status 5 receive -1 from 2 walltime 1778225598 local 2003
May 08 07:33:19 ip-172-31-35-142.eu-west-1.compute.internal dlm_controld[14899]: 2004 fence status 5 receive -1 from 3 walltime 1778225599 local 2004
May 08 07:33:20 ip-172-31-35-142.eu-west-1.compute.internal dlm_controld[14899]: 2005 fence status 5 receive -1 from 4 walltime 1778225600 local 2005
May 08 07:33:20 ip-172-31-35-142.eu-west-1.compute.internal dlm_controld[14899]: 2005 fence request 5 pid 29514 nodedown time 1778225021 fence_all dlm_stonith
May 08 07:33:21 ip-172-31-35-142.eu-west-1.compute.internal dlm_controld[14899]: 2006 fence result 5 pid 29514 result -1 term signal 6
May 08 07:33:21 ip-172-31-35-142.eu-west-1.compute.internal dlm_controld[14899]: 2006 fence status 5 receive -1 from 1 walltime 1778225601 local 2006
May 08 07:33:22 ip-172-31-35-142.eu-west-1.compute.internal dlm_controld[14899]: 2007 fence status 5 receive -1 from 2 walltime 1778225602 local 2007
May 08 07:33:23 ip-172-31-35-142.eu-west-1.compute.internal dlm_controld[14899]: 2008 fence status 5 receive -1 from 3 walltime 1778225603 local 2008
May 08 07:33:24 ip-172-31-35-142.eu-west-1.compute.internal dlm_controld[14899]: 2009 fence status 5 receive -1 from 4 walltime 1778225604 local 2009
May 08 07:33:24 ip-172-31-35-142.eu-west-1.compute.internal dlm_controld[14899]: 2009 fence request 5 pid 29572 nodedown time 1778225021 fence_all dlm_stonith
May 08 07:33:25 ip-172-31-35-142.eu-west-1.compute.internal dlm_controld[14899]: 2010 fence result 5 pid 29572 result -1 term signal 6
May 08 07:33:25 ip-172-31-35-142.eu-west-1.compute.internal dlm_controld[14899]: 2010 fence status 5 receive -1 from 1 walltime 1778225605 local 2010
May 08 07:33:26 ip-172-31-35-142.eu-west-1.compute.internal dlm_controld[14899]: 2011 fence status 5 receive -1 from 2 walltime 1778225606 local 2011
May 08 07:33:27 ip-172-31-35-142.eu-west-1.compute.internal dlm_controld[14899]: 2012 fence status 5 receive -1 from 3 walltime 1778225607 local 2012
May 08 07:33:28 ip-172-31-35-142.eu-west-1.compute.internal dlm_controld[14899]: 2013 fence status 5 receive -1 from 4 walltime 1778225608 local 2013
May 08 07:33:28 ip-172-31-35-142.eu-west-1.compute.internal dlm_controld[14899]: 2013 fence request 5 pid 29573 nodedown time 1778225021 fence_all dlm_stonith
May 08 07:33:29 ip-172-31-35-142.eu-west-1.compute.internal dlm_controld[14899]: 2014 fence result 5 pid 29573 result -1 term signal 6
May 08 07:33:29 ip-172-31-35-142.eu-west-1.compute.internal dlm_controld[14899]: 2014 fence status 5 receive -1 from 1 walltime 1778225609 local 2014
May 08 07:33:30 ip-172-31-35-142.eu-west-1.compute.internal dlm_controld[14899]: 2015 fence status 5 receive -1 from 2 walltime 1778225610 local 2015
May 08 07:33:31 ip-172-31-35-142.eu-west-1.compute.internal dlm_controld[14899]: 2016 fence status 5 receive -1 from 3 walltime 1778225611 local 2016
May 08 07:33:32 ip-172-31-35-142.eu-west-1.compute.internal dlm_controld[14899]: 2017 fence status 5 receive -1 from 4 walltime 1778225612 local 2017
May 08 07:33:32 ip-172-31-35-142.eu-west-1.compute.internal dlm_controld[14899]: 2017 fence request 5 pid 29574 nodedown time 1778225021 fence_all dlm_stonith
May 08 07:33:33 ip-172-31-35-142.eu-west-1.compute.internal dlm_controld[14899]: 2018 fence result 5 pid 29574 result -1 term signal 6
May 08 07:33:33 ip-172-31-35-142.eu-west-1.compute.internal dlm_controld[14899]: 2018 fence status 5 receive -1 from 1 walltime 1778225613 local 2018
May 08 07:33:34 ip-172-31-35-142.eu-west-1.compute.internal dlm_controld[14899]: 2019 fence status 5 receive -1 from 2 walltime 1778225614 local 2019
May 08 07:33:35 ip-172-31-35-142.eu-west-1.compute.internal dlm_controld[14899]: 2020 fence status 5 receive -1 from 3 walltime 1778225615 local 2020
May 08 07:33:36 ip-172-31-35-142.eu-west-1.compute.internal dlm_controld[14899]: 2021 fence status 5 receive -1 from 4 walltime 1778225616 local 2021
May 08 07:33:36 ip-172-31-35-142.eu-west-1.compute.internal dlm_controld[14899]: 2021 fence request 5 pid 29616 nodedown time 1778225021 fence_all dlm_stonith
May 08 07:33:37 ip-172-31-35-142.eu-west-1.compute.internal dlm_controld[14899]: 2022 fence result 5 pid 29616 result -1 term signal 6
May 08 07:33:37 ip-172-31-35-142.eu-west-1.compute.internal dlm_controld[14899]: 2022 fence status 5 receive -1 from 1 walltime 1778225617 local 2022
May 08 07:33:38 ip-172-31-35-142.eu-west-1.compute.internal dlm_controld[14899]: 2023 fence status 5 receive -1 from 2 walltime 1778225618 local 2023
May 08 07:33:39 ip-172-31-35-142.eu-west-1.compute.internal dlm_controld[14899]: 2024 fence status 5 receive -1 from 3 walltime 1778225619 local 2024
May 08 07:33:40 ip-172-31-35-142.eu-west-1.compute.internal dlm_controld[14899]: 2025 fence status 5 receive -1 from 4 walltime 1778225620 local 2025
May 08 07:33:40 ip-172-31-35-142.eu-west-1.compute.internal dlm_controld[14899]: 2025 fence request 5 pid 29618 nodedown time 1778225021 fence_all dlm_stonith
May 08 07:33:41 ip-172-31-35-142.eu-west-1.compute.internal dlm_controld[14899]: 2026 fence result 5 pid 29618 result -1 term signal 6
May 08 07:33:41 ip-172-31-35-142.eu-west-1.compute.internal dlm_controld[14899]: 2026 fence status 5 receive -1 from 1 walltime 1778225621 local 2026
May 08 07:33:42 ip-172-31-35-142.eu-west-1.compute.internal dlm_controld[14899]: 2027 fence status 5 receive -1 from 2 walltime 1778225622 local 2027
May 08 07:33:43 ip-172-31-35-142.eu-west-1.compute.internal dlm_controld[14899]: 2028 fence status 5 receive -1 from 3 walltime 1778225623 local 2028
May 08 07:33:44 ip-172-31-35-142.eu-west-1.compute.internal dlm_controld[14899]: 2029 fence status 5 receive -1 from 4 walltime 1778225624 local 2029
May 08 07:33:44 ip-172-31-35-142.eu-west-1.compute.internal dlm_controld[14899]: 2029 fence request 5 pid 29678 nodedown time 1778225021 fence_all dlm_stonith
May 08 07:33:45 ip-172-31-35-142.eu-west-1.compute.internal dlm_controld[14899]: 2030 fence result 5 pid 29678 result -1 term signal 6
May 08 07:33:45 ip-172-31-35-142.eu-west-1.compute.internal dlm_controld[14899]: 2030 fence status 5 receive -1 from 1 walltime 1778225625 local 2030
May 08 07:33:46 ip-172-31-35-142.eu-west-1.compute.internal dlm_controld[14899]: 2031 fence status 5 receive -1 from 2 walltime 1778225626 local 2031
May 08 07:33:47 ip-172-31-35-142.eu-west-1.compute.internal dlm_controld[14899]: 2032 fence status 5 receive -1 from 3 walltime 1778225627 local 2032
May 08 07:33:48 ip-172-31-35-142.eu-west-1.compute.internal dlm_controld[14899]: 2033 fence status 5 receive -1 from 4 walltime 1778225628 local 2033
May 08 07:33:48 ip-172-31-35-142.eu-west-1.compute.internal dlm_controld[14899]: 2033 fence request 5 pid 29680 nodedown time 1778225021 fence_all dlm_stonith
May 08 07:33:49 ip-172-31-35-142.eu-west-1.compute.internal dlm_controld[14899]: 2034 fence result 5 pid 29680 result -1 term signal 6
May 08 07:33:49 ip-172-31-35-142.eu-west-1.compute.internal dlm_controld[14899]: 2034 fence status 5 receive -1 from 1 walltime 1778225629 local 2034
May 08 07:33:50 ip-172-31-35-142.eu-west-1.compute.internal dlm_controld[14899]: 2035 fence status 5 receive -1 from 2 walltime 1778225630 local 2035
May 08 07:33:51 ip-172-31-35-142.eu-west-1.compute.internal dlm_controld[14899]: 2036 fence status 5 receive -1 from 3 walltime 1778225631 local 2036
May 08 07:33:52 ip-172-31-35-142.eu-west-1.compute.internal dlm_controld[14899]: 2037 fence status 5 receive -1 from 4 walltime 1778225632 local 2037
May 08 07:33:52 ip-172-31-35-142.eu-west-1.compute.internal dlm_controld[14899]: 2037 fence request 5 pid 29697 nodedown time 1778225021 fence_all dlm_stonith
May 08 07:33:53 ip-172-31-35-142.eu-west-1.compute.internal dlm_controld[14899]: 2038 fence result 5 pid 29697 result -1 term signal 6
May 08 07:33:53 ip-172-31-35-142.eu-west-1.compute.internal dlm_controld[14899]: 2038 fence status 5 receive -1 from 1 walltime 1778225633 local 2038
May 08 07:33:54 ip-172-31-35-142.eu-west-1.compute.internal dlm_controld[14899]: 2039 fence status 5 receive -1 from 2 walltime 1778225634 local 2039
May 08 07:33:55 ip-172-31-35-142.eu-west-1.compute.internal dlm_controld[14899]: 2040 fence status 5 receive -1 from 3 walltime 1778225635 local 2040
May 08 07:33:56 ip-172-31-35-142.eu-west-1.compute.internal dlm_controld[14899]: 2041 fence status 5 receive -1 from 4 walltime 1778225636 local 2041
May 08 07:33:56 ip-172-31-35-142.eu-west-1.compute.internal dlm_controld[14899]: 2041 fence request 5 pid 29742 nodedown time 1778225021 fence_all dlm_stonith
May 08 07:33:57 ip-172-31-35-142.eu-west-1.compute.internal dlm_controld[14899]: 2042 fence result 5 pid 29742 result -1 term signal 6
May 08 07:33:57 ip-172-31-35-142.eu-west-1.compute.internal dlm_controld[14899]: 2042 fence status 5 receive -1 from 1 walltime 1778225637 local 2042
May 08 07:33:58 ip-172-31-35-142.eu-west-1.compute.internal dlm_controld[14899]: 2043 fence status 5 receive -1 from 2 walltime 1778225638 local 2043
May 08 07:33:59 ip-172-31-35-142.eu-west-1.compute.internal dlm_controld[14899]: 2044 fence status 5 receive -1 from 3 walltime 1778225639 local 2044
May 08 07:34:00 ip-172-31-35-142.eu-west-1.compute.internal dlm_controld[14899]: 2045 fence status 5 receive -1 from 4 walltime 1778225640 local 2045
May 08 07:34:00 ip-172-31-35-142.eu-west-1.compute.internal dlm_controld[14899]: 2045 fence request 5 pid 29773 nodedown time 1778225021 fence_all dlm_stonith
May 08 07:34:01 ip-172-31-35-142.eu-west-1.compute.internal dlm_controld[14899]: 2046 fence result 5 pid 29773 result -1 term signal 6
May 08 07:34:01 ip-172-31-35-142.eu-west-1.compute.internal dlm_controld[14899]: 2046 fence status 5 receive -1 from 1 walltime 1778225641 local 2046
May 08 07:34:02 ip-172-31-35-142.eu-west-1.compute.internal dlm_controld[14899]: 2047 fence status 5 receive -1 from 2 walltime 1778225642 local 2047
May 08 07:34:03 ip-172-31-35-142.eu-west-1.compute.internal dlm_controld[14899]: 2048 fence status 5 receive -1 from 3 walltime 1778225643 local 2048
May 08 07:34:04 ip-172-31-35-142.eu-west-1.compute.internal dlm_controld[14899]: 2049 fence status 5 receive -1 from 4 walltime 1778225644 local 2049
May 08 07:34:04 ip-172-31-35-142.eu-west-1.compute.internal dlm_controld[14899]: 2049 fence request 5 pid 29831 nodedown time 1778225021 fence_all dlm_stonith
May 08 07:34:05 ip-172-31-35-142.eu-west-1.compute.internal dlm_controld[14899]: 2050 fence result 5 pid 29831 result -1 term signal 6
May 08 07:34:05 ip-172-31-35-142.eu-west-1.compute.internal dlm_controld[14899]: 2050 fence status 5 receive -1 from 1 walltime 1778225645 local 2050
May 08 07:34:06 ip-172-31-35-142.eu-west-1.compute.internal dlm_controld[14899]: 2051 fence status 5 receive -1 from 2 walltime 1778225646 local 2051
May 08 07:34:07 ip-172-31-35-142.eu-west-1.compute.internal dlm_controld[14899]: 2052 fence status 5 receive -1 from 3 walltime 1778225647 local 2052
May 08 07:34:08 ip-172-31-35-142.eu-west-1.compute.internal dlm_controld[14899]: 2053 fence status 5 receive -1 from 4 walltime 1778225648 local 2053
May 08 07:34:08 ip-172-31-35-142.eu-west-1.compute.internal dlm_controld[14899]: 2053 fence request 5 pid 29864 nodedown time 1778225021 fence_all dlm_stonith
May 08 07:34:09 ip-172-31-35-142.eu-west-1.compute.internal dlm_controld[14899]: 2054 fence result 5 pid 29864 result -1 term signal 6
May 08 07:34:09 ip-172-31-35-142.eu-west-1.compute.internal dlm_controld[14899]: 2054 fence status 5 receive -1 from 1 walltime 1778225649 local 2054
May 08 07:34:09 ip-172-31-35-142.eu-west-1.compute.internal stonith-ng[7465]:   notice: fence_aws_monitor_1:29865:stderr [ /usr/lib/python3.7/site-packages/boto3/compat.py:82: PythonDeprecationWarning: Boto3 will no longer support Python 3.7 starting December 13, 2023. To continue receiving service updates, bug fixes, and security updates please upgrade to Python 3.8 or later. More information can be found here: https://aws.amazon.com/blogs/developer/python-support-policy-updates-for-aws-sdks-and-tools/ ]
May 08 07:34:09 ip-172-31-35-142.eu-west-1.compute.internal stonith-ng[7465]:   notice: fence_aws_monitor_1:29865:stderr [   warnings.warn(warning, PythonDeprecationWarning) ]
May 08 07:34:09 ip-172-31-35-142.eu-west-1.compute.internal stonith-ng[7465]:  warning: fence_aws[29865] stderr: [ /usr/lib/python3.7/site-packages/boto3/compat.py:82: PythonDeprecationWarning: Boto3 will no longer support Python 3.7 starting December 13, 2023. To continue receiving service updates, bug fixes, and security updates please upgrade to Python 3.8 or later. More information can be found here: https://aws.amazon.com/blogs/developer/python-support-policy-updates-for-aws-sdks-and-tools/ ]
May 08 07:34:09 ip-172-31-35-142.eu-west-1.compute.internal stonith-ng[7465]:  warning: fence_aws[29865] stderr: [   warnings.warn(warning, PythonDeprecationWarning) ]
May 08 07:34:10 ip-172-31-35-142.eu-west-1.compute.internal dlm_controld[14899]: 2055 fence status 5 receive -1 from 2 walltime 1778225650 local 2055
May 08 07:34:11 ip-172-31-35-142.eu-west-1.compute.internal dlm_controld[14899]: 2056 fence status 5 receive -1 from 3 walltime 1778225651 local 2056
May 08 07:34:12 ip-172-31-35-142.eu-west-1.compute.internal dlm_controld[14899]: 2057 fence status 5 receive -1 from 4 walltime 1778225652 local 2057
May 08 07:34:12 ip-172-31-35-142.eu-west-1.compute.internal dlm_controld[14899]: 2057 fence request 5 pid 29884 nodedown time 1778225021 fence_all dlm_stonith
May 08 07:34:13 ip-172-31-35-142.eu-west-1.compute.internal dlm_controld[14899]: 2058 fence result 5 pid 29884 result -1 term signal 6
May 08 07:34:13 ip-172-31-35-142.eu-west-1.compute.internal dlm_controld[14899]: 2058 fence status 5 receive -1 from 1 walltime 1778225653 local 2058
May 08 07:34:14 ip-172-31-35-142.eu-west-1.compute.internal dlm_controld[14899]: 2059 fence status 5 receive -1 from 2 walltime 1778225654 local 2059
May 08 07:34:15 ip-172-31-35-142.eu-west-1.compute.internal dlm_controld[14899]: 2060 fence status 5 receive -1 from 3 walltime 1778225655 local 2060
May 08 07:34:16 ip-172-31-35-142.eu-west-1.compute.internal dlm_controld[14899]: 2061 fence status 5 receive -1 from 4 walltime 1778225656 local 2061
May 08 07:34:16 ip-172-31-35-142.eu-west-1.compute.internal dlm_controld[14899]: 2061 fence request 5 pid 29960 nodedown time 1778225021 fence_all dlm_stonith
May 08 07:34:17 ip-172-31-35-142.eu-west-1.compute.internal dlm_controld[14899]: 2062 fence result 5 pid 29960 result -1 term signal 6
May 08 07:34:17 ip-172-31-35-142.eu-west-1.compute.internal dlm_controld[14899]: 2062 fence status 5 receive -1 from 1 walltime 1778225657 local 2062
May 08 07:34:24 ip-172-31-35-142.eu-west-1.compute.internal attrd[7467]:   notice: Node ma-host-4 state is now lost
May 08 07:34:24 ip-172-31-35-142.eu-west-1.compute.internal cib[7464]:   notice: Node ma-host-4 state is now lost
May 08 07:34:24 ip-172-31-35-142.eu-west-1.compute.internal stonith-ng[7465]:   notice: Node ma-host-4 state is now lost
May 08 07:34:24 ip-172-31-35-142.eu-west-1.compute.internal stonith-ng[7465]:   notice: Purged 1 peer with id=4 and/or uname=ma-host-4 from the membership cache
May 08 07:34:24 ip-172-31-35-142.eu-west-1.compute.internal crmd[7469]:   notice: Node ma-host-4 state is now lost
May 08 07:34:24 ip-172-31-35-142.eu-west-1.compute.internal pacemakerd[7463]:   notice: Node ma-host-4 state is now lost
May 08 07:34:24 ip-172-31-35-142.eu-west-1.compute.internal dlm_controld[14899]: 2069 fence request 4 pid 30067 nodedown time 1778225664 fence_all dlm_stonith
May 08 07:34:24 ip-172-31-35-142.eu-west-1.compute.internal dlm_controld[14899]: 2069 fence status 5 receive -1 from 2 walltime 1778225658 local 2069
May 08 07:34:24 ip-172-31-35-142.eu-west-1.compute.internal pengine[7468]:  warning: Cluster node ma-host-4 will be fenced: peer is no longer part of the cluster
May 08 07:34:24 ip-172-31-35-142.eu-west-1.compute.internal pengine[7468]:  warning: Node ma-host-4 is unclean
May 08 07:34:24 ip-172-31-35-142.eu-west-1.compute.internal pengine[7468]:  warning: Action dlm:2_stop_0 on ma-host-4 is unrunnable (offline)
May 08 07:34:24 ip-172-31-35-142.eu-west-1.compute.internal pengine[7468]:  warning: Action dlm:2_stop_0 on ma-host-4 is unrunnable (offline)
May 08 07:34:24 ip-172-31-35-142.eu-west-1.compute.internal pengine[7468]:  warning: Action clvmd:2_stop_0 on ma-host-4 is unrunnable (offline)
May 08 07:34:24 ip-172-31-35-142.eu-west-1.compute.internal pengine[7468]:  warning: Action clvmd:2_stop_0 on ma-host-4 is unrunnable (offline)
May 08 07:34:24 ip-172-31-35-142.eu-west-1.compute.internal pengine[7468]:  warning: Action clusterfs:2_stop_0 on ma-host-4 is unrunnable (offline)
May 08 07:34:24 ip-172-31-35-142.eu-west-1.compute.internal pengine[7468]:  warning: Action clusterfs:2_stop_0 on ma-host-4 is unrunnable (offline)
May 08 07:34:24 ip-172-31-35-142.eu-west-1.compute.internal pengine[7468]:  warning: Scheduling Node ma-host-4 for STONITH
May 08 07:34:24 ip-172-31-35-142.eu-west-1.compute.internal pengine[7468]:   notice:  * Fence (off) ma-host-4 'peer is no longer part of the cluster'
May 08 07:34:24 ip-172-31-35-142.eu-west-1.compute.internal stonith-ng[7465]:   notice: Client crmd.7469.9d3ced82 wants to fence (off) 'ma-host-4' with device '(any)'
May 08 07:34:24 ip-172-31-35-142.eu-west-1.compute.internal stonith-ng[7465]:   notice: Requesting peer fencing (off) targeting ma-host-4
May 08 07:34:24 ip-172-31-35-142.eu-west-1.compute.internal stonith-ng[7465]:   notice: clusterfence can fence (off) ma-host-4 (aka. 'i-028788d4eae457253'): static-list
May 08 07:34:24 ip-172-31-35-142.eu-west-1.compute.internal stonith-ng[7465]:   notice: Requesting that ma-host-1 perform 'off' action targeting ma-host-4
May 08 07:34:24 ip-172-31-35-142.eu-west-1.compute.internal stonith-ng[7465]:   notice: clusterfence can fence (off) ma-host-4 (aka. 'i-028788d4eae457253'): static-list
May 08 07:34:24 ip-172-31-35-142.eu-west-1.compute.internal /fence_aws[30069]: SkipOsShutdown not supported with the current boto3 version 1.33.13 - falling back to graceful shutdown
May 08 07:34:24 ip-172-31-35-142.eu-west-1.compute.internal /fence_aws[30069]: SkipOsShutdown not supported with the current boto3 version 1.33.13 - falling back to graceful shutdown
May 08 07:34:25 ip-172-31-35-142.eu-west-1.compute.internal dlm_controld[14899]: 2070 fence result 4 pid 30067 result -1 term signal 6
May 08 07:34:25 ip-172-31-35-142.eu-west-1.compute.internal dlm_controld[14899]: 2070 fence status 4 receive -1 from 1 walltime 1778225665 local 2070
May 08 07:34:25 ip-172-31-35-142.eu-west-1.compute.internal dlm_controld[14899]: 2070 fence status 5 receive -1 from 3 walltime 1778225665 local 2070
May 08 07:34:25 ip-172-31-35-142.eu-west-1.compute.internal dlm_controld[14899]: 2070 fence request 5 no actor
May 08 07:34:26 ip-172-31-35-142.eu-west-1.compute.internal dlm_controld[14899]: 2071 fence status 4 receive -1 from 2 walltime 1778225666 local 2071
May 08 07:34:26 ip-172-31-35-142.eu-west-1.compute.internal dlm_controld[14899]: 2071 fence request 5 no actor
May 08 07:34:27 ip-172-31-35-142.eu-west-1.compute.internal dlm_controld[14899]: 2072 fence status 4 receive -1 from 3 walltime 1778225667 local 2072
May 08 07:34:27 ip-172-31-35-142.eu-west-1.compute.internal dlm_controld[14899]: 2072 fence request 4 pid 30088 nodedown time 1778225664 fence_all dlm_stonith
May 08 07:34:28 ip-172-31-35-142.eu-west-1.compute.internal dlm_controld[14899]: 2073 fence result 4 pid 30088 result -1 term signal 6
May 08 07:34:28 ip-172-31-35-142.eu-west-1.compute.internal dlm_controld[14899]: 2073 fence status 4 receive -1 from 1 walltime 1778225668 local 2073
May 08 07:34:28 ip-172-31-35-142.eu-west-1.compute.internal dlm_controld[14899]: 2073 fence request 5 no actor
May 08 07:34:29 ip-172-31-35-142.eu-west-1.compute.internal dlm_controld[14899]: 2074 fence status 4 receive -1 from 2 walltime 1778225669 local 2074
May 08 07:34:29 ip-172-31-35-142.eu-west-1.compute.internal dlm_controld[14899]: 2074 fence request 5 no actor
May 08 07:34:30 ip-172-31-35-142.eu-west-1.compute.internal dlm_controld[14899]: 2075 fence status 4 receive -1 from 3 walltime 1778225670 local 2075
May 08 07:34:30 ip-172-31-35-142.eu-west-1.compute.internal dlm_controld[14899]: 2075 fence request 4 pid 30103 nodedown time 1778225664 fence_all dlm_stonith
May 08 07:34:31 ip-172-31-35-142.eu-west-1.compute.internal dlm_controld[14899]: 2076 fence result 4 pid 30103 result -1 term signal 6
May 08 07:34:31 ip-172-31-35-142.eu-west-1.compute.internal dlm_controld[14899]: 2076 fence status 4 receive -1 from 1 walltime 1778225671 local 2076
May 08 07:34:31 ip-172-31-35-142.eu-west-1.compute.internal dlm_controld[14899]: 2076 fence request 5 no actor
May 08 07:34:32 ip-172-31-35-142.eu-west-1.compute.internal dlm_controld[14899]: 2077 fence status 4 receive -1 from 2 walltime 1778225672 local 2077
May 08 07:34:32 ip-172-31-35-142.eu-west-1.compute.internal dlm_controld[14899]: 2077 fence request 5 no actor
May 08 07:34:33 ip-172-31-35-142.eu-west-1.compute.internal dlm_controld[14899]: 2078 fence status 4 receive -1 from 3 walltime 1778225673 local 2078
May 08 07:34:33 ip-172-31-35-142.eu-west-1.compute.internal dlm_controld[14899]: 2078 fence request 4 pid 30116 nodedown time 1778225664 fence_all dlm_stonith
May 08 07:34:34 ip-172-31-35-142.eu-west-1.compute.internal dlm_controld[14899]: 2079 fence result 4 pid 30116 result -1 term signal 6
May 08 07:34:34 ip-172-31-35-142.eu-west-1.compute.internal dlm_controld[14899]: 2079 fence status 4 receive -1 from 1 walltime 1778225674 local 2079
May 08 07:34:34 ip-172-31-35-142.eu-west-1.compute.internal dlm_controld[14899]: 2079 fence request 5 no actor
May 08 07:34:35 ip-172-31-35-142.eu-west-1.compute.internal dlm_controld[14899]: 2080 fence status 4 receive -1 from 2 walltime 1778225675 local 2080
May 08 07:34:35 ip-172-31-35-142.eu-west-1.compute.internal dlm_controld[14899]: 2080 fence request 5 no actor
May 08 07:34:36 ip-172-31-35-142.eu-west-1.compute.internal dlm_controld[14899]: 2081 fence status 4 receive -1 from 3 walltime 1778225676 local 2081
May 08 07:34:36 ip-172-31-35-142.eu-west-1.compute.internal dlm_controld[14899]: 2081 fence request 4 pid 30174 nodedown time 1778225664 fence_all dlm_stonith
May 08 07:34:37 ip-172-31-35-142.eu-west-1.compute.internal dlm_controld[14899]: 2082 fence result 4 pid 30174 result -1 term signal 6
May 08 07:34:37 ip-172-31-35-142.eu-west-1.compute.internal dlm_controld[14899]: 2082 fence status 4 receive -1 from 1 walltime 1778225677 local 2082
May 08 07:34:37 ip-172-31-35-142.eu-west-1.compute.internal dlm_controld[14899]: 2082 fence request 5 no actor
May 08 07:34:38 ip-172-31-35-142.eu-west-1.compute.internal dlm_controld[14899]: 2083 fence status 4 receive -1 from 2 walltime 1778225678 local 2083
May 08 07:34:38 ip-172-31-35-142.eu-west-1.compute.internal dlm_controld[14899]: 2083 fence request 5 no actor
May 08 07:34:39 ip-172-31-35-142.eu-west-1.compute.internal dlm_controld[14899]: 2084 fence status 4 receive -1 from 3 walltime 1778225679 local 2084
May 08 07:34:39 ip-172-31-35-142.eu-west-1.compute.internal dlm_controld[14899]: 2084 fence request 4 pid 30192 nodedown time 1778225664 fence_all dlm_stonith
May 08 07:34:40 ip-172-31-35-142.eu-west-1.compute.internal dlm_controld[14899]: 2085 fence result 4 pid 30192 result -1 term signal 6
May 08 07:34:40 ip-172-31-35-142.eu-west-1.compute.internal dlm_controld[14899]: 2085 fence status 4 receive -1 from 1 walltime 1778225680 local 2085
May 08 07:34:40 ip-172-31-35-142.eu-west-1.compute.internal dlm_controld[14899]: 2085 fence request 5 no actor
May 08 07:34:41 ip-172-31-35-142.eu-west-1.compute.internal dlm_controld[14899]: 2086 fence status 4 receive -1 from 2 walltime 1778225681 local 2086
May 08 07:34:41 ip-172-31-35-142.eu-west-1.compute.internal dlm_controld[14899]: 2086 fence request 5 no actor
May 08 07:34:42 ip-172-31-35-142.eu-west-1.compute.internal dlm_controld[14899]: 2087 fence status 4 receive -1 from 3 walltime 1778225682 local 2087
May 08 07:34:42 ip-172-31-35-142.eu-west-1.compute.internal dlm_controld[14899]: 2087 fence request 4 pid 30209 nodedown time 1778225664 fence_all dlm_stonith
May 08 07:34:43 ip-172-31-35-142.eu-west-1.compute.internal dlm_controld[14899]: 2088 fence result 4 pid 30209 result -1 term signal 6
May 08 07:34:43 ip-172-31-35-142.eu-west-1.compute.internal dlm_controld[14899]: 2088 fence status 4 receive -1 from 1 walltime 1778225683 local 2088
May 08 07:34:43 ip-172-31-35-142.eu-west-1.compute.internal dlm_controld[14899]: 2088 fence request 5 no actor
May 08 07:34:44 ip-172-31-35-142.eu-west-1.compute.internal dlm_controld[14899]: 2089 fence status 4 receive -1 from 2 walltime 1778225684 local 2089
May 08 07:34:44 ip-172-31-35-142.eu-west-1.compute.internal dlm_controld[14899]: 2089 fence request 5 no actor
May 08 07:34:45 ip-172-31-35-142.eu-west-1.compute.internal dlm_controld[14899]: 2090 fence status 4 receive -1 from 3 walltime 1778225685 local 2090
May 08 07:34:45 ip-172-31-35-142.eu-west-1.compute.internal dlm_controld[14899]: 2090 fence request 4 pid 30285 nodedown time 1778225664 fence_all dlm_stonith
May 08 07:34:46 ip-172-31-35-142.eu-west-1.compute.internal dlm_controld[14899]: 2091 fence result 4 pid 30285 result -1 term signal 6
May 08 07:34:46 ip-172-31-35-142.eu-west-1.compute.internal dlm_controld[14899]: 2091 fence status 4 receive -1 from 1 walltime 1778225686 local 2091
May 08 07:34:46 ip-172-31-35-142.eu-west-1.compute.internal dlm_controld[14899]: 2091 fence request 5 no actor
May 08 07:34:47 ip-172-31-35-142.eu-west-1.compute.internal dlm_controld[14899]: 2092 fence status 4 receive -1 from 2 walltime 1778225687 local 2092
May 08 07:34:47 ip-172-31-35-142.eu-west-1.compute.internal dlm_controld[14899]: 2092 fence request 5 no actor
May 08 07:34:48 ip-172-31-35-142.eu-west-1.compute.internal dlm_controld[14899]: 2093 fence status 4 receive -1 from 3 walltime 1778225688 local 2093
May 08 07:34:48 ip-172-31-35-142.eu-west-1.compute.internal dlm_controld[14899]: 2093 fence request 4 pid 30302 nodedown time 1778225664 fence_all dlm_stonith
May 08 07:34:49 ip-172-31-35-142.eu-west-1.compute.internal dlm_controld[14899]: 2094 fence result 4 pid 30302 result -1 term signal 6
May 08 07:34:49 ip-172-31-35-142.eu-west-1.compute.internal dlm_controld[14899]: 2094 fence status 4 receive -1 from 1 walltime 1778225689 local 2094
May 08 07:34:49 ip-172-31-35-142.eu-west-1.compute.internal dlm_controld[14899]: 2094 fence request 5 no actor
May 08 07:34:50 ip-172-31-35-142.eu-west-1.compute.internal dlm_controld[14899]: 2095 fence status 4 receive -1 from 2 walltime 1778225690 local 2095
May 08 07:34:50 ip-172-31-35-142.eu-west-1.compute.internal dlm_controld[14899]: 2095 fence request 5 no actor
May 08 07:34:51 ip-172-31-35-142.eu-west-1.compute.internal dlm_controld[14899]: 2096 fence status 4 receive -1 from 3 walltime 1778225691 local 2096
May 08 07:34:51 ip-172-31-35-142.eu-west-1.compute.internal dlm_controld[14899]: 2096 fence request 4 pid 30319 nodedown time 1778225664 fence_all dlm_stonith
May 08 07:34:52 ip-172-31-35-142.eu-west-1.compute.internal dlm_controld[14899]: 2097 fence result 4 pid 30319 result -1 term signal 6
May 08 07:34:52 ip-172-31-35-142.eu-west-1.compute.internal dlm_controld[14899]: 2097 fence status 4 receive -1 from 1 walltime 1778225692 local 2097
May 08 07:34:52 ip-172-31-35-142.eu-west-1.compute.internal dlm_controld[14899]: 2097 fence request 5 no actor
May 08 07:34:53 ip-172-31-35-142.eu-west-1.compute.internal dlm_controld[14899]: 2098 fence status 4 receive -1 from 2 walltime 1778225693 local 2098
May 08 07:34:53 ip-172-31-35-142.eu-west-1.compute.internal dlm_controld[14899]: 2098 fence request 5 no actor
May 08 07:34:54 ip-172-31-35-142.eu-west-1.compute.internal dlm_controld[14899]: 2099 fence status 4 receive -1 from 3 walltime 1778225694 local 2099
May 08 07:34:54 ip-172-31-35-142.eu-west-1.compute.internal dlm_controld[14899]: 2099 fence request 4 pid 30393 nodedown time 1778225664 fence_all dlm_stonith
May 08 07:34:55 ip-172-31-35-142.eu-west-1.compute.internal dlm_controld[14899]: 2100 fence result 4 pid 30393 result -1 term signal 6
May 08 07:34:55 ip-172-31-35-142.eu-west-1.compute.internal dlm_controld[14899]: 2100 fence status 4 receive -1 from 1 walltime 1778225695 local 2100
May 08 07:34:55 ip-172-31-35-142.eu-west-1.compute.internal dlm_controld[14899]: 2100 fence request 5 no actor
May 08 07:34:56 ip-172-31-35-142.eu-west-1.compute.internal dlm_controld[14899]: 2101 fence status 4 receive -1 from 2 walltime 1778225696 local 2101
May 08 07:34:56 ip-172-31-35-142.eu-west-1.compute.internal dlm_controld[14899]: 2101 fence request 5 no actor
May 08 07:34:57 ip-172-31-35-142.eu-west-1.compute.internal dlm_controld[14899]: 2102 fence status 4 receive -1 from 3 walltime 1778225697 local 2102
May 08 07:34:57 ip-172-31-35-142.eu-west-1.compute.internal dlm_controld[14899]: 2102 fence request 4 pid 30410 nodedown time 1778225664 fence_all dlm_stonith
May 08 07:34:58 ip-172-31-35-142.eu-west-1.compute.internal dlm_controld[14899]: 2103 fence result 4 pid 30410 result -1 term signal 6
May 08 07:34:58 ip-172-31-35-142.eu-west-1.compute.internal dlm_controld[14899]: 2103 fence status 4 receive -1 from 1 walltime 1778225698 local 2103
May 08 07:34:58 ip-172-31-35-142.eu-west-1.compute.internal dlm_controld[14899]: 2103 fence request 5 no actor
May 08 07:34:59 ip-172-31-35-142.eu-west-1.compute.internal dlm_controld[14899]: 2104 fence status 4 receive -1 from 2 walltime 1778225699 local 2104
May 08 07:34:59 ip-172-31-35-142.eu-west-1.compute.internal dlm_controld[14899]: 2104 fence request 5 no actor
May 08 07:35:00 ip-172-31-35-142.eu-west-1.compute.internal dlm_controld[14899]: 2105 fence status 4 receive -1 from 3 walltime 1778225700 local 2105
May 08 07:35:00 ip-172-31-35-142.eu-west-1.compute.internal dlm_controld[14899]: 2105 fence request 4 pid 30427 nodedown time 1778225664 fence_all dlm_stonith
May 08 07:35:01 ip-172-31-35-142.eu-west-1.compute.internal dlm_controld[14899]: 2106 fence result 4 pid 30427 result -1 term signal 6
May 08 07:35:01 ip-172-31-35-142.eu-west-1.compute.internal dlm_controld[14899]: 2106 fence status 4 receive -1 from 1 walltime 1778225701 local 2106
May 08 07:35:01 ip-172-31-35-142.eu-west-1.compute.internal dlm_controld[14899]: 2106 fence request 5 no actor
May 08 07:35:02 ip-172-31-35-142.eu-west-1.compute.internal dlm_controld[14899]: 2107 fence status 4 receive -1 from 2 walltime 1778225702 local 2107
May 08 07:35:02 ip-172-31-35-142.eu-west-1.compute.internal dlm_controld[14899]: 2107 fence request 5 no actor
May 08 07:35:03 ip-172-31-35-142.eu-west-1.compute.internal dlm_controld[14899]: 2108 fence status 4 receive -1 from 3 walltime 1778225703 local 2108
May 08 07:35:03 ip-172-31-35-142.eu-west-1.compute.internal dlm_controld[14899]: 2108 fence request 4 pid 30444 nodedown time 1778225664 fence_all dlm_stonith
May 08 07:35:04 ip-172-31-35-142.eu-west-1.compute.internal dlm_controld[14899]: 2109 fence result 4 pid 30444 result -1 term signal 6
May 08 07:35:04 ip-172-31-35-142.eu-west-1.compute.internal dlm_controld[14899]: 2109 fence status 4 receive -1 from 1 walltime 1778225704 local 2109
May 08 07:35:04 ip-172-31-35-142.eu-west-1.compute.internal dlm_controld[14899]: 2109 fence request 5 no actor
May 08 07:35:05 ip-172-31-35-142.eu-west-1.compute.internal dlm_controld[14899]: 2110 fence status 4 receive -1 from 2 walltime 1778225705 local 2110
May 08 07:35:05 ip-172-31-35-142.eu-west-1.compute.internal dlm_controld[14899]: 2110 fence request 5 no actor
May 08 07:35:06 ip-172-31-35-142.eu-west-1.compute.internal dlm_controld[14899]: 2111 fence status 4 receive -1 from 3 walltime 1778225706 local 2111
May 08 07:35:06 ip-172-31-35-142.eu-west-1.compute.internal dlm_controld[14899]: 2111 fence request 4 pid 30502 nodedown time 1778225664 fence_all dlm_stonith
May 08 07:35:07 ip-172-31-35-142.eu-west-1.compute.internal dlm_controld[14899]: 2112 fence result 4 pid 30502 result -1 term signal 6
May 08 07:35:07 ip-172-31-35-142.eu-west-1.compute.internal dlm_controld[14899]: 2112 fence status 4 receive -1 from 1 walltime 1778225707 local 2112
May 08 07:35:07 ip-172-31-35-142.eu-west-1.compute.internal dlm_controld[14899]: 2112 fence request 5 no actor
May 08 07:35:08 ip-172-31-35-142.eu-west-1.compute.internal dlm_controld[14899]: 2113 fence status 4 receive -1 from 2 walltime 1778225708 local 2113
May 08 07:35:08 ip-172-31-35-142.eu-west-1.compute.internal dlm_controld[14899]: 2113 fence request 5 no actor
May 08 07:35:09 ip-172-31-35-142.eu-west-1.compute.internal dlm_controld[14899]: 2114 fence status 4 receive -1 from 3 walltime 1778225709 local 2114
May 08 07:35:09 ip-172-31-35-142.eu-west-1.compute.internal dlm_controld[14899]: 2114 fence request 4 pid 30519 nodedown time 1778225664 fence_all dlm_stonith
May 08 07:35:10 ip-172-31-35-142.eu-west-1.compute.internal dlm_controld[14899]: 2115 fence result 4 pid 30519 result -1 term signal 6
May 08 07:35:10 ip-172-31-35-142.eu-west-1.compute.internal dlm_controld[14899]: 2115 fence status 4 receive -1 from 1 walltime 1778225710 local 2115
May 08 07:35:10 ip-172-31-35-142.eu-west-1.compute.internal dlm_controld[14899]: 2115 fence request 5 no actor
May 08 07:35:11 ip-172-31-35-142.eu-west-1.compute.internal dlm_controld[14899]: 2116 fence status 4 receive -1 from 2 walltime 1778225711 local 2116
May 08 07:35:11 ip-172-31-35-142.eu-west-1.compute.internal dlm_controld[14899]: 2116 fence request 5 no actor
May 08 07:35:12 ip-172-31-35-142.eu-west-1.compute.internal dlm_controld[14899]: 2117 fence status 4 receive -1 from 3 walltime 1778225712 local 2117
May 08 07:35:12 ip-172-31-35-142.eu-west-1.compute.internal dlm_controld[14899]: 2117 fence request 4 pid 30536 nodedown time 1778225664 fence_all dlm_stonith
May 08 07:35:13 ip-172-31-35-142.eu-west-1.compute.internal dlm_controld[14899]: 2118 fence result 4 pid 30536 result -1 term signal 6
May 08 07:35:13 ip-172-31-35-142.eu-west-1.compute.internal dlm_controld[14899]: 2118 fence status 4 receive -1 from 1 walltime 1778225713 local 2118
May 08 07:35:13 ip-172-31-35-142.eu-west-1.compute.internal dlm_controld[14899]: 2118 fence request 5 no actor
May 08 07:35:14 ip-172-31-35-142.eu-west-1.compute.internal dlm_controld[14899]: 2119 fence status 4 receive -1 from 2 walltime 1778225714 local 2119
May 08 07:35:14 ip-172-31-35-142.eu-west-1.compute.internal dlm_controld[14899]: 2119 fence request 5 no actor
May 08 07:35:15 ip-172-31-35-142.eu-west-1.compute.internal dlm_controld[14899]: 2120 fence status 4 receive -1 from 3 walltime 1778225715 local 2120
May 08 07:35:15 ip-172-31-35-142.eu-west-1.compute.internal dlm_controld[14899]: 2120 fence request 4 pid 30612 nodedown time 1778225664 fence_all dlm_stonith
May 08 07:35:16 ip-172-31-35-142.eu-west-1.compute.internal dlm_controld[14899]: 2121 fence result 4 pid 30612 result -1 term signal 6
May 08 07:35:16 ip-172-31-35-142.eu-west-1.compute.internal dlm_controld[14899]: 2121 fence status 4 receive -1 from 1 walltime 1778225716 local 2121
May 08 07:35:16 ip-172-31-35-142.eu-west-1.compute.internal dlm_controld[14899]: 2121 fence request 5 no actor
May 08 07:35:17 ip-172-31-35-142.eu-west-1.compute.internal dlm_controld[14899]: 2122 fence status 4 receive -1 from 2 walltime 1778225717 local 2122
May 08 07:35:17 ip-172-31-35-142.eu-west-1.compute.internal dlm_controld[14899]: 2122 fence request 5 no actor
May 08 07:35:18 ip-172-31-35-142.eu-west-1.compute.internal dlm_controld[14899]: 2123 fence status 4 receive -1 from 3 walltime 1778225718 local 2123
May 08 07:35:18 ip-172-31-35-142.eu-west-1.compute.internal dlm_controld[14899]: 2123 fence request 4 pid 30629 nodedown time 1778225664 fence_all dlm_stonith
May 08 07:35:19 ip-172-31-35-142.eu-west-1.compute.internal dlm_controld[14899]: 2124 fence result 4 pid 30629 result -1 term signal 6
May 08 07:35:19 ip-172-31-35-142.eu-west-1.compute.internal dlm_controld[14899]: 2124 fence status 4 receive -1 from 1 walltime 1778225719 local 2124
May 08 07:35:19 ip-172-31-35-142.eu-west-1.compute.internal dlm_controld[14899]: 2124 fence request 5 no actor
May 08 07:35:20 ip-172-31-35-142.eu-west-1.compute.internal dlm_controld[14899]: 2125 fence status 4 receive -1 from 2 walltime 1778225720 local 2125
May 08 07:35:20 ip-172-31-35-142.eu-west-1.compute.internal dlm_controld[14899]: 2125 fence request 5 no actor
May 08 07:35:21 ip-172-31-35-142.eu-west-1.compute.internal dlm_controld[14899]: 2126 fence status 4 receive -1 from 3 walltime 1778225721 local 2126
May 08 07:35:21 ip-172-31-35-142.eu-west-1.compute.internal dlm_controld[14899]: 2126 fence request 4 pid 30663 nodedown time 1778225664 fence_all dlm_stonith
May 08 07:35:22 ip-172-31-35-142.eu-west-1.compute.internal dlm_controld[14899]: 2127 fence result 4 pid 30663 result -1 term signal 6
May 08 07:35:22 ip-172-31-35-142.eu-west-1.compute.internal dlm_controld[14899]: 2127 fence status 4 receive -1 from 1 walltime 1778225722 local 2127
May 08 07:35:22 ip-172-31-35-142.eu-west-1.compute.internal dlm_controld[14899]: 2127 fence request 5 no actor
May 08 07:35:23 ip-172-31-35-142.eu-west-1.compute.internal dlm_controld[14899]: 2128 fence status 4 receive -1 from 2 walltime 1778225723 local 2128
May 08 07:35:23 ip-172-31-35-142.eu-west-1.compute.internal dlm_controld[14899]: 2128 fence request 5 no actor
May 08 07:35:24 ip-172-31-35-142.eu-west-1.compute.internal dlm_controld[14899]: 2129 fence status 4 receive -1 from 3 walltime 1778225724 local 2129
May 08 07:35:24 ip-172-31-35-142.eu-west-1.compute.internal dlm_controld[14899]: 2129 fence request 4 pid 30721 nodedown time 1778225664 fence_all dlm_stonith
May 08 07:35:25 ip-172-31-35-142.eu-west-1.compute.internal dlm_controld[14899]: 2130 fence result 4 pid 30721 result -1 term signal 6
May 08 07:35:25 ip-172-31-35-142.eu-west-1.compute.internal dlm_controld[14899]: 2130 fence status 4 receive -1 from 1 walltime 1778225725 local 2130
May 08 07:35:25 ip-172-31-35-142.eu-west-1.compute.internal dlm_controld[14899]: 2130 fence request 5 no actor
May 08 07:35:26 ip-172-31-35-142.eu-west-1.compute.internal dlm_controld[14899]: 2131 fence status 4 receive -1 from 2 walltime 1778225726 local 2131
May 08 07:35:26 ip-172-31-35-142.eu-west-1.compute.internal dlm_controld[14899]: 2131 fence request 5 no actor
May 08 07:35:27 ip-172-31-35-142.eu-west-1.compute.internal dlm_controld[14899]: 2132 fence status 4 receive -1 from 3 walltime 1778225727 local 2132
May 08 07:35:27 ip-172-31-35-142.eu-west-1.compute.internal dlm_controld[14899]: 2132 fence request 4 pid 30738 nodedown time 1778225664 fence_all dlm_stonith
May 08 07:35:28 ip-172-31-35-142.eu-west-1.compute.internal dlm_controld[14899]: 2133 fence result 4 pid 30738 result -1 term signal 6
May 08 07:35:28 ip-172-31-35-142.eu-west-1.compute.internal dlm_controld[14899]: 2133 fence status 4 receive -1 from 1 walltime 1778225728 local 2133
May 08 07:35:28 ip-172-31-35-142.eu-west-1.compute.internal dlm_controld[14899]: 2133 fence request 5 no actor
May 08 07:35:29 ip-172-31-35-142.eu-west-1.compute.internal dlm_controld[14899]: 2134 fence status 4 receive -1 from 2 walltime 1778225729 local 2134
May 08 07:35:29 ip-172-31-35-142.eu-west-1.compute.internal dlm_controld[14899]: 2134 fence request 5 no actor
May 08 07:35:30 ip-172-31-35-142.eu-west-1.compute.internal dlm_controld[14899]: 2135 fence status 4 receive -1 from 3 walltime 1778225730 local 2135
May 08 07:35:30 ip-172-31-35-142.eu-west-1.compute.internal dlm_controld[14899]: 2135 fence request 4 pid 30755 nodedown time 1778225664 fence_all dlm_stonith
May 08 07:35:31 ip-172-31-35-142.eu-west-1.compute.internal dlm_controld[14899]: 2136 fence result 4 pid 30755 result -1 term signal 6
May 08 07:35:31 ip-172-31-35-142.eu-west-1.compute.internal dlm_controld[14899]: 2136 fence status 4 receive -1 from 1 walltime 1778225731 local 2136
May 08 07:35:31 ip-172-31-35-142.eu-west-1.compute.internal dlm_controld[14899]: 2136 fence request 5 no actor
May 08 07:35:32 ip-172-31-35-142.eu-west-1.compute.internal dlm_controld[14899]: 2137 fence status 4 receive -1 from 2 walltime 1778225732 local 2137
May 08 07:35:32 ip-172-31-35-142.eu-west-1.compute.internal dlm_controld[14899]: 2137 fence request 5 no actor
May 08 07:35:33 ip-172-31-35-142.eu-west-1.compute.internal dlm_controld[14899]: 2138 fence status 4 receive -1 from 3 walltime 1778225733 local 2138
May 08 07:35:33 ip-172-31-35-142.eu-west-1.compute.internal dlm_controld[14899]: 2138 fence request 4 pid 30772 nodedown time 1778225664 fence_all dlm_stonith
May 08 07:35:34 ip-172-31-35-142.eu-west-1.compute.internal dlm_controld[14899]: 2139 fence result 4 pid 30772 result -1 term signal 6
May 08 07:35:34 ip-172-31-35-142.eu-west-1.compute.internal dlm_controld[14899]: 2139 fence status 4 receive -1 from 1 walltime 1778225734 local 2139
May 08 07:35:34 ip-172-31-35-142.eu-west-1.compute.internal dlm_controld[14899]: 2139 fence request 5 no actor
May 08 07:35:35 ip-172-31-35-142.eu-west-1.compute.internal dlm_controld[14899]: 2140 fence status 4 receive -1 from 2 walltime 1778225735 local 2140
May 08 07:35:35 ip-172-31-35-142.eu-west-1.compute.internal dlm_controld[14899]: 2140 fence request 5 no actor
May 08 07:35:36 ip-172-31-35-142.eu-west-1.compute.internal dlm_controld[14899]: 2141 fence status 4 receive -1 from 3 walltime 1778225736 local 2141
May 08 07:35:36 ip-172-31-35-142.eu-west-1.compute.internal dlm_controld[14899]: 2141 fence request 4 pid 30830 nodedown time 1778225664 fence_all dlm_stonith
May 08 07:35:37 ip-172-31-35-142.eu-west-1.compute.internal dlm_controld[14899]: 2142 fence result 4 pid 30830 result -1 term signal 6
May 08 07:35:37 ip-172-31-35-142.eu-west-1.compute.internal dlm_controld[14899]: 2142 fence status 4 receive -1 from 1 walltime 1778225737 local 2142
May 08 07:35:37 ip-172-31-35-142.eu-west-1.compute.internal dlm_controld[14899]: 2142 fence request 5 no actor
May 08 07:35:38 ip-172-31-35-142.eu-west-1.compute.internal dlm_controld[14899]: 2143 fence status 4 receive -1 from 2 walltime 1778225738 local 2143
May 08 07:35:38 ip-172-31-35-142.eu-west-1.compute.internal dlm_controld[14899]: 2143 fence request 5 no actor
May 08 07:35:39 ip-172-31-35-142.eu-west-1.compute.internal dlm_controld[14899]: 2144 fence status 4 receive -1 from 3 walltime 1778225739 local 2144
May 08 07:35:39 ip-172-31-35-142.eu-west-1.compute.internal dlm_controld[14899]: 2144 fence request 4 pid 30847 nodedown time 1778225664 fence_all dlm_stonith
May 08 07:35:40 ip-172-31-35-142.eu-west-1.compute.internal dlm_controld[14899]: 2145 fence result 4 pid 30847 result -1 term signal 6
May 08 07:35:40 ip-172-31-35-142.eu-west-1.compute.internal dlm_controld[14899]: 2145 fence status 4 receive -1 from 1 walltime 1778225740 local 2145
May 08 07:35:40 ip-172-31-35-142.eu-west-1.compute.internal dlm_controld[14899]: 2145 fence request 5 no actor
May 08 07:35:41 ip-172-31-35-142.eu-west-1.compute.internal dlm_controld[14899]: 2146 fence status 4 receive -1 from 2 walltime 1778225741 local 2146
May 08 07:35:41 ip-172-31-35-142.eu-west-1.compute.internal dlm_controld[14899]: 2146 fence request 5 no actor
May 08 07:35:42 ip-172-31-35-142.eu-west-1.compute.internal dlm_controld[14899]: 2147 fence status 4 receive -1 from 3 walltime 1778225742 local 2147
May 08 07:35:42 ip-172-31-35-142.eu-west-1.compute.internal dlm_controld[14899]: 2147 fence request 4 pid 30859 nodedown time 1778225664 fence_all dlm_stonith
May 08 07:35:43 ip-172-31-35-142.eu-west-1.compute.internal dlm_controld[14899]: 2148 fence result 4 pid 30859 result -1 term signal 6
May 08 07:35:43 ip-172-31-35-142.eu-west-1.compute.internal dlm_controld[14899]: 2148 fence status 4 receive -1 from 1 walltime 1778225743 local 2148
May 08 07:35:43 ip-172-31-35-142.eu-west-1.compute.internal dlm_controld[14899]: 2148 fence request 5 no actor
May 08 07:35:44 ip-172-31-35-142.eu-west-1.compute.internal dlm_controld[14899]: 2149 fence status 4 receive -1 from 2 walltime 1778225744 local 2149
May 08 07:35:44 ip-172-31-35-142.eu-west-1.compute.internal dlm_controld[14899]: 2149 fence request 5 no actor
May 08 07:35:45 ip-172-31-35-142.eu-west-1.compute.internal dlm_controld[14899]: 2150 fence status 4 receive -1 from 3 walltime 1778225745 local 2150
May 08 07:35:45 ip-172-31-35-142.eu-west-1.compute.internal dlm_controld[14899]: 2150 fence request 4 pid 30935 nodedown time 1778225664 fence_all dlm_stonith
May 08 07:35:46 ip-172-31-35-142.eu-west-1.compute.internal dlm_controld[14899]: 2151 fence result 4 pid 30935 result -1 term signal 6
May 08 07:35:46 ip-172-31-35-142.eu-west-1.compute.internal dlm_controld[14899]: 2151 fence status 4 receive -1 from 1 walltime 1778225746 local 2151
May 08 07:35:46 ip-172-31-35-142.eu-west-1.compute.internal dlm_controld[14899]: 2151 fence request 5 no actor
May 08 07:35:47 ip-172-31-35-142.eu-west-1.compute.internal dlm_controld[14899]: 2152 fence status 4 receive -1 from 2 walltime 1778225747 local 2152
May 08 07:35:47 ip-172-31-35-142.eu-west-1.compute.internal dlm_controld[14899]: 2152 fence request 5 no actor
May 08 07:35:48 ip-172-31-35-142.eu-west-1.compute.internal dlm_controld[14899]: 2153 fence status 4 receive -1 from 3 walltime 1778225748 local 2153
May 08 07:35:48 ip-172-31-35-142.eu-west-1.compute.internal dlm_controld[14899]: 2153 fence request 4 pid 30952 nodedown time 1778225664 fence_all dlm_stonith
May 08 07:35:49 ip-172-31-35-142.eu-west-1.compute.internal dlm_controld[14899]: 2154 fence result 4 pid 30952 result -1 term signal 6
May 08 07:35:49 ip-172-31-35-142.eu-west-1.compute.internal dlm_controld[14899]: 2154 fence status 4 receive -1 from 1 walltime 1778225749 local 2154
May 08 07:35:49 ip-172-31-35-142.eu-west-1.compute.internal dlm_controld[14899]: 2154 fence request 5 no actor
May 08 07:35:50 ip-172-31-35-142.eu-west-1.compute.internal dlm_controld[14899]: 2155 fence status 4 receive -1 from 2 walltime 1778225750 local 2155
May 08 07:35:50 ip-172-31-35-142.eu-west-1.compute.internal dlm_controld[14899]: 2155 fence request 5 no actor
May 08 07:35:51 ip-172-31-35-142.eu-west-1.compute.internal dlm_controld[14899]: 2156 fence status 4 receive -1 from 3 walltime 1778225751 local 2156
May 08 07:35:51 ip-172-31-35-142.eu-west-1.compute.internal dlm_controld[14899]: 2156 fence request 4 pid 30985 nodedown time 1778225664 fence_all dlm_stonith
May 08 07:35:52 ip-172-31-35-142.eu-west-1.compute.internal dlm_controld[14899]: 2157 fence result 4 pid 30985 result -1 term signal 6
May 08 07:35:52 ip-172-31-35-142.eu-west-1.compute.internal dlm_controld[14899]: 2157 fence status 4 receive -1 from 1 walltime 1778225752 local 2157
May 08 07:35:52 ip-172-31-35-142.eu-west-1.compute.internal dlm_controld[14899]: 2157 fence request 5 no actor
May 08 07:35:53 ip-172-31-35-142.eu-west-1.compute.internal dlm_controld[14899]: 2158 fence status 4 receive -1 from 2 walltime 1778225753 local 2158
May 08 07:35:53 ip-172-31-35-142.eu-west-1.compute.internal dlm_controld[14899]: 2158 fence request 5 no actor
May 08 07:35:54 ip-172-31-35-142.eu-west-1.compute.internal dlm_controld[14899]: 2159 fence status 4 receive -1 from 3 walltime 1778225754 local 2159
May 08 07:35:54 ip-172-31-35-142.eu-west-1.compute.internal dlm_controld[14899]: 2159 fence request 4 pid 31043 nodedown time 1778225664 fence_all dlm_stonith
May 08 07:35:55 ip-172-31-35-142.eu-west-1.compute.internal dlm_controld[14899]: 2160 fence result 4 pid 31043 result -1 term signal 6
May 08 07:35:55 ip-172-31-35-142.eu-west-1.compute.internal dlm_controld[14899]: 2160 fence status 4 receive -1 from 1 walltime 1778225755 local 2160
May 08 07:35:55 ip-172-31-35-142.eu-west-1.compute.internal dlm_controld[14899]: 2160 fence request 5 no actor
May 08 07:35:56 ip-172-31-35-142.eu-west-1.compute.internal dlm_controld[14899]: 2161 fence status 4 receive -1 from 2 walltime 1778225756 local 2161
May 08 07:35:56 ip-172-31-35-142.eu-west-1.compute.internal dlm_controld[14899]: 2161 fence request 5 no actor
May 08 07:35:57 ip-172-31-35-142.eu-west-1.compute.internal dlm_controld[14899]: 2162 fence status 4 receive -1 from 3 walltime 1778225757 local 2162
May 08 07:35:57 ip-172-31-35-142.eu-west-1.compute.internal dlm_controld[14899]: 2162 fence request 4 pid 31060 nodedown time 1778225664 fence_all dlm_stonith
May 08 07:35:58 ip-172-31-35-142.eu-west-1.compute.internal dlm_controld[14899]: 2163 fence result 4 pid 31060 result -1 term signal 6
May 08 07:35:58 ip-172-31-35-142.eu-west-1.compute.internal dlm_controld[14899]: 2163 fence status 4 receive -1 from 1 walltime 1778225758 local 2163
May 08 07:35:58 ip-172-31-35-142.eu-west-1.compute.internal dlm_controld[14899]: 2163 fence request 5 no actor
May 08 07:35:59 ip-172-31-35-142.eu-west-1.compute.internal dlm_controld[14899]: 2164 fence status 4 receive -1 from 2 walltime 1778225759 local 2164
May 08 07:35:59 ip-172-31-35-142.eu-west-1.compute.internal dlm_controld[14899]: 2164 fence request 5 no actor
May 08 07:36:00 ip-172-31-35-142.eu-west-1.compute.internal dlm_controld[14899]: 2165 fence status 4 receive -1 from 3 walltime 1778225760 local 2165
May 08 07:36:00 ip-172-31-35-142.eu-west-1.compute.internal dlm_controld[14899]: 2165 fence request 4 pid 31077 nodedown time 1778225664 fence_all dlm_stonith
May 08 07:36:01 ip-172-31-35-142.eu-west-1.compute.internal dlm_controld[14899]: 2166 fence result 4 pid 31077 result -1 term signal 6
May 08 07:36:01 ip-172-31-35-142.eu-west-1.compute.internal dlm_controld[14899]: 2166 fence status 4 receive -1 from 1 walltime 1778225761 local 2166
May 08 07:36:01 ip-172-31-35-142.eu-west-1.compute.internal dlm_controld[14899]: 2166 fence request 5 no actor
May 08 07:36:02 ip-172-31-35-142.eu-west-1.compute.internal dlm_controld[14899]: 2167 fence status 4 receive -1 from 2 walltime 1778225762 local 2167
May 08 07:36:02 ip-172-31-35-142.eu-west-1.compute.internal dlm_controld[14899]: 2167 fence request 5 no actor
May 08 07:36:03 ip-172-31-35-142.eu-west-1.compute.internal dlm_controld[14899]: 2168 fence status 4 receive -1 from 3 walltime 1778225763 local 2168
May 08 07:36:03 ip-172-31-35-142.eu-west-1.compute.internal dlm_controld[14899]: 2168 fence request 4 pid 31094 nodedown time 1778225664 fence_all dlm_stonith
May 08 07:36:04 ip-172-31-35-142.eu-west-1.compute.internal dlm_controld[14899]: 2169 fence result 4 pid 31094 result -1 term signal 6
May 08 07:36:04 ip-172-31-35-142.eu-west-1.compute.internal dlm_controld[14899]: 2169 fence status 4 receive -1 from 1 walltime 1778225764 local 2169
May 08 07:36:04 ip-172-31-35-142.eu-west-1.compute.internal dlm_controld[14899]: 2169 fence request 5 no actor
May 08 07:36:05 ip-172-31-35-142.eu-west-1.compute.internal dlm_controld[14899]: 2170 fence status 4 receive -1 from 2 walltime 1778225765 local 2170
May 08 07:36:05 ip-172-31-35-142.eu-west-1.compute.internal dlm_controld[14899]: 2170 fence request 5 no actor
May 08 07:36:06 ip-172-31-35-142.eu-west-1.compute.internal dlm_controld[14899]: 2171 fence status 4 receive -1 from 3 walltime 1778225766 local 2171
May 08 07:36:06 ip-172-31-35-142.eu-west-1.compute.internal dlm_controld[14899]: 2171 fence request 4 pid 31152 nodedown time 1778225664 fence_all dlm_stonith
May 08 07:36:07 ip-172-31-35-142.eu-west-1.compute.internal dlm_controld[14899]: 2172 fence result 4 pid 31152 result -1 term signal 6
May 08 07:36:07 ip-172-31-35-142.eu-west-1.compute.internal dlm_controld[14899]: 2172 fence status 4 receive -1 from 1 walltime 1778225767 local 2172
May 08 07:36:07 ip-172-31-35-142.eu-west-1.compute.internal dlm_controld[14899]: 2172 fence request 5 no actor
May 08 07:36:08 ip-172-31-35-142.eu-west-1.compute.internal dlm_controld[14899]: 2173 fence status 4 receive -1 from 2 walltime 1778225768 local 2173
May 08 07:36:08 ip-172-31-35-142.eu-west-1.compute.internal dlm_controld[14899]: 2173 fence request 5 no actor
May 08 07:36:09 ip-172-31-35-142.eu-west-1.compute.internal dlm_controld[14899]: 2174 fence status 4 receive -1 from 3 walltime 1778225769 local 2174
May 08 07:36:09 ip-172-31-35-142.eu-west-1.compute.internal dlm_controld[14899]: 2174 fence request 4 pid 31169 nodedown time 1778225664 fence_all dlm_stonith
May 08 07:36:10 ip-172-31-35-142.eu-west-1.compute.internal dlm_controld[14899]: 2175 fence result 4 pid 31169 result -1 term signal 6
May 08 07:36:10 ip-172-31-35-142.eu-west-1.compute.internal dlm_controld[14899]: 2175 fence status 4 receive -1 from 1 walltime 1778225770 local 2175
May 08 07:36:10 ip-172-31-35-142.eu-west-1.compute.internal dlm_controld[14899]: 2175 fence request 5 no actor
May 08 07:36:11 ip-172-31-35-142.eu-west-1.compute.internal dlm_controld[14899]: 2176 fence status 4 receive -1 from 2 walltime 1778225771 local 2176
May 08 07:36:11 ip-172-31-35-142.eu-west-1.compute.internal dlm_controld[14899]: 2176 fence request 5 no actor
May 08 07:36:12 ip-172-31-35-142.eu-west-1.compute.internal dlm_controld[14899]: 2177 fence status 4 receive -1 from 3 walltime 1778225772 local 2177
May 08 07:36:12 ip-172-31-35-142.eu-west-1.compute.internal dlm_controld[14899]: 2177 fence request 4 pid 31186 nodedown time 1778225664 fence_all dlm_stonith
May 08 07:36:13 ip-172-31-35-142.eu-west-1.compute.internal dlm_controld[14899]: 2178 fence result 4 pid 31186 result -1 term signal 6
May 08 07:36:13 ip-172-31-35-142.eu-west-1.compute.internal dlm_controld[14899]: 2178 fence status 4 receive -1 from 1 walltime 1778225773 local 2178
May 08 07:36:13 ip-172-31-35-142.eu-west-1.compute.internal dlm_controld[14899]: 2178 fence request 5 no actor
May 08 07:36:14 ip-172-31-35-142.eu-west-1.compute.internal dlm_controld[14899]: 2179 fence status 4 receive -1 from 2 walltime 1778225774 local 2179
May 08 07:36:14 ip-172-31-35-142.eu-west-1.compute.internal dlm_controld[14899]: 2179 fence request 5 no actor
May 08 07:36:15 ip-172-31-35-142.eu-west-1.compute.internal dlm_controld[14899]: 2180 fence status 4 receive -1 from 3 walltime 1778225775 local 2180
May 08 07:36:15 ip-172-31-35-142.eu-west-1.compute.internal dlm_controld[14899]: 2180 fence request 4 pid 31262 nodedown time 1778225664 fence_all dlm_stonith
May 08 07:36:16 ip-172-31-35-142.eu-west-1.compute.internal dlm_controld[14899]: 2181 fence result 4 pid 31262 result -1 term signal 6
May 08 07:36:16 ip-172-31-35-142.eu-west-1.compute.internal dlm_controld[14899]: 2181 fence status 4 receive -1 from 1 walltime 1778225776 local 2181
May 08 07:36:16 ip-172-31-35-142.eu-west-1.compute.internal dlm_controld[14899]: 2181 fence request 5 no actor
May 08 07:36:17 ip-172-31-35-142.eu-west-1.compute.internal dlm_controld[14899]: 2182 fence status 4 receive -1 from 2 walltime 1778225777 local 2182
May 08 07:36:17 ip-172-31-35-142.eu-west-1.compute.internal dlm_controld[14899]: 2182 fence request 5 no actor
May 08 07:36:18 ip-172-31-35-142.eu-west-1.compute.internal dlm_controld[14899]: 2183 fence status 4 receive -1 from 3 walltime 1778225778 local 2183
May 08 07:36:18 ip-172-31-35-142.eu-west-1.compute.internal dlm_controld[14899]: 2183 fence request 4 pid 31279 nodedown time 1778225664 fence_all dlm_stonith
May 08 07:36:19 ip-172-31-35-142.eu-west-1.compute.internal dlm_controld[14899]: 2184 fence result 4 pid 31279 result -1 term signal 6
May 08 07:36:19 ip-172-31-35-142.eu-west-1.compute.internal dlm_controld[14899]: 2184 fence status 4 receive -1 from 1 walltime 1778225779 local 2184
May 08 07:36:19 ip-172-31-35-142.eu-west-1.compute.internal dlm_controld[14899]: 2184 fence request 5 no actor
May 08 07:36:20 ip-172-31-35-142.eu-west-1.compute.internal dlm_controld[14899]: 2185 fence status 4 receive -1 from 2 walltime 1778225780 local 2185
May 08 07:36:20 ip-172-31-35-142.eu-west-1.compute.internal dlm_controld[14899]: 2185 fence request 5 no actor
May 08 07:36:21 ip-172-31-35-142.eu-west-1.compute.internal dlm_controld[14899]: 2186 fence status 4 receive -1 from 3 walltime 1778225781 local 2186
May 08 07:36:21 ip-172-31-35-142.eu-west-1.compute.internal dlm_controld[14899]: 2186 fence request 4 pid 31312 nodedown time 1778225664 fence_all dlm_stonith
May 08 07:36:22 ip-172-31-35-142.eu-west-1.compute.internal dlm_controld[14899]: 2187 fence result 4 pid 31312 result -1 term signal 6
May 08 07:36:22 ip-172-31-35-142.eu-west-1.compute.internal dlm_controld[14899]: 2187 fence status 4 receive -1 from 1 walltime 1778225782 local 2187
May 08 07:36:22 ip-172-31-35-142.eu-west-1.compute.internal dlm_controld[14899]: 2187 fence request 5 no actor
May 08 07:36:23 ip-172-31-35-142.eu-west-1.compute.internal dlm_controld[14899]: 2188 fence status 4 receive -1 from 2 walltime 1778225783 local 2188
May 08 07:36:23 ip-172-31-35-142.eu-west-1.compute.internal dlm_controld[14899]: 2188 fence request 5 no actor
May 08 07:36:24 ip-172-31-35-142.eu-west-1.compute.internal dlm_controld[14899]: 2189 fence status 4 receive -1 from 3 walltime 1778225784 local 2189
May 08 07:36:24 ip-172-31-35-142.eu-west-1.compute.internal dlm_controld[14899]: 2189 fence request 4 pid 31370 nodedown time 1778225664 fence_all dlm_stonith
May 08 07:36:25 ip-172-31-35-142.eu-west-1.compute.internal dlm_controld[14899]: 2190 fence result 4 pid 31370 result -1 term signal 6
May 08 07:36:25 ip-172-31-35-142.eu-west-1.compute.internal dlm_controld[14899]: 2190 fence status 4 receive -1 from 1 walltime 1778225785 local 2190
May 08 07:36:25 ip-172-31-35-142.eu-west-1.compute.internal dlm_controld[14899]: 2190 fence request 5 no actor
May 08 07:36:26 ip-172-31-35-142.eu-west-1.compute.internal dlm_controld[14899]: 2191 fence status 4 receive -1 from 2 walltime 1778225786 local 2191
May 08 07:36:26 ip-172-31-35-142.eu-west-1.compute.internal dlm_controld[14899]: 2191 fence request 5 no actor
May 08 07:36:27 ip-172-31-35-142.eu-west-1.compute.internal dlm_controld[14899]: 2193 fence status 4 receive -1 from 3 walltime 1778225787 local 2193
May 08 07:36:27 ip-172-31-35-142.eu-west-1.compute.internal dlm_controld[14899]: 2193 fence request 4 pid 31387 nodedown time 1778225664 fence_all dlm_stonith
May 08 07:36:28 ip-172-31-35-142.eu-west-1.compute.internal dlm_controld[14899]: 2194 fence result 4 pid 31387 result -1 term signal 6
May 08 07:36:28 ip-172-31-35-142.eu-west-1.compute.internal dlm_controld[14899]: 2194 fence status 4 receive -1 from 1 walltime 1778225788 local 2194
May 08 07:36:28 ip-172-31-35-142.eu-west-1.compute.internal dlm_controld[14899]: 2194 fence request 5 no actor
May 08 07:36:29 ip-172-31-35-142.eu-west-1.compute.internal dlm_controld[14899]: 2195 fence status 4 receive -1 from 2 walltime 1778225789 local 2195
May 08 07:36:29 ip-172-31-35-142.eu-west-1.compute.internal dlm_controld[14899]: 2195 fence request 5 no actor
May 08 07:36:30 ip-172-31-35-142.eu-west-1.compute.internal dlm_controld[14899]: 2196 fence status 4 receive -1 from 3 walltime 1778225790 local 2196
May 08 07:36:30 ip-172-31-35-142.eu-west-1.compute.internal dlm_controld[14899]: 2196 fence request 4 pid 31404 nodedown time 1778225664 fence_all dlm_stonith
May 08 07:36:31 ip-172-31-35-142.eu-west-1.compute.internal dlm_controld[14899]: 2197 fence result 4 pid 31404 result -1 term signal 6
May 08 07:36:31 ip-172-31-35-142.eu-west-1.compute.internal dlm_controld[14899]: 2197 fence status 4 receive -1 from 1 walltime 1778225791 local 2197
May 08 07:36:31 ip-172-31-35-142.eu-west-1.compute.internal dlm_controld[14899]: 2197 fence request 5 no actor
May 08 07:36:32 ip-172-31-35-142.eu-west-1.compute.internal dlm_controld[14899]: 2198 fence status 4 receive -1 from 2 walltime 1778225792 local 2198
May 08 07:36:32 ip-172-31-35-142.eu-west-1.compute.internal dlm_controld[14899]: 2198 fence request 5 no actor
May 08 07:36:33 ip-172-31-35-142.eu-west-1.compute.internal dlm_controld[14899]: 2199 fence status 4 receive -1 from 3 walltime 1778225793 local 2199
May 08 07:36:33 ip-172-31-35-142.eu-west-1.compute.internal dlm_controld[14899]: 2199 fence request 4 pid 31448 nodedown time 1778225664 fence_all dlm_stonith
May 08 07:36:34 ip-172-31-35-142.eu-west-1.compute.internal dlm_controld[14899]: 2200 fence result 4 pid 31448 result -1 term signal 6
May 08 07:36:34 ip-172-31-35-142.eu-west-1.compute.internal dlm_controld[14899]: 2200 fence status 4 receive -1 from 1 walltime 1778225794 local 2200
May 08 07:36:34 ip-172-31-35-142.eu-west-1.compute.internal dlm_controld[14899]: 2200 fence request 5 no actor
May 08 07:36:35 ip-172-31-35-142.eu-west-1.compute.internal dlm_controld[14899]: 2201 fence status 4 receive -1 from 2 walltime 1778225795 local 2201
May 08 07:36:35 ip-172-31-35-142.eu-west-1.compute.internal dlm_controld[14899]: 2201 fence request 5 no actor
May 08 07:36:36 ip-172-31-35-142.eu-west-1.compute.internal dlm_controld[14899]: 2202 fence status 4 receive -1 from 3 walltime 1778225796 local 2202
May 08 07:36:36 ip-172-31-35-142.eu-west-1.compute.internal dlm_controld[14899]: 2202 fence request 4 pid 31479 nodedown time 1778225664 fence_all dlm_stonith
May 08 07:36:37 ip-172-31-35-142.eu-west-1.compute.internal dlm_controld[14899]: 2203 fence result 4 pid 31479 result -1 term signal 6
May 08 07:36:37 ip-172-31-35-142.eu-west-1.compute.internal dlm_controld[14899]: 2203 fence status 4 receive -1 from 1 walltime 1778225797 local 2203
May 08 07:36:37 ip-172-31-35-142.eu-west-1.compute.internal dlm_controld[14899]: 2203 fence request 5 no actor
May 08 07:36:38 ip-172-31-35-142.eu-west-1.compute.internal dlm_controld[14899]: 2204 fence status 4 receive -1 from 2 walltime 1778225798 local 2204
May 08 07:36:38 ip-172-31-35-142.eu-west-1.compute.internal dlm_controld[14899]: 2204 fence request 5 no actor
May 08 07:36:39 ip-172-31-35-142.eu-west-1.compute.internal dlm_controld[14899]: 2205 fence status 4 receive -1 from 3 walltime 1778225799 local 2205
May 08 07:36:39 ip-172-31-35-142.eu-west-1.compute.internal dlm_controld[14899]: 2205 fence request 4 pid 31497 nodedown time 1778225664 fence_all dlm_stonith
May 08 07:36:40 ip-172-31-35-142.eu-west-1.compute.internal dlm_controld[14899]: 2206 fence result 4 pid 31497 result -1 term signal 6
May 08 07:36:40 ip-172-31-35-142.eu-west-1.compute.internal dlm_controld[14899]: 2206 fence status 4 receive -1 from 1 walltime 1778225800 local 2206
May 08 07:36:40 ip-172-31-35-142.eu-west-1.compute.internal dlm_controld[14899]: 2206 fence request 5 no actor
May 08 07:36:41 ip-172-31-35-142.eu-west-1.compute.internal dlm_controld[14899]: 2207 fence status 4 receive -1 from 2 walltime 1778225801 local 2207
May 08 07:36:41 ip-172-31-35-142.eu-west-1.compute.internal dlm_controld[14899]: 2207 fence request 5 no actor
May 08 07:36:42 ip-172-31-35-142.eu-west-1.compute.internal dlm_controld[14899]: 2208 fence status 4 receive -1 from 3 walltime 1778225802 local 2208
May 08 07:36:42 ip-172-31-35-142.eu-west-1.compute.internal dlm_controld[14899]: 2208 fence request 4 pid 31514 nodedown time 1778225664 fence_all dlm_stonith
May 08 07:36:43 ip-172-31-35-142.eu-west-1.compute.internal dlm_controld[14899]: 2209 fence result 4 pid 31514 result -1 term signal 6
May 08 07:36:43 ip-172-31-35-142.eu-west-1.compute.internal dlm_controld[14899]: 2209 fence status 4 receive -1 from 1 walltime 1778225803 local 2209
May 08 07:36:43 ip-172-31-35-142.eu-west-1.compute.internal dlm_controld[14899]: 2209 fence request 5 no actor
May 08 07:36:44 ip-172-31-35-142.eu-west-1.compute.internal dlm_controld[14899]: 2210 fence status 4 receive -1 from 2 walltime 1778225804 local 2210
May 08 07:36:44 ip-172-31-35-142.eu-west-1.compute.internal dlm_controld[14899]: 2210 fence request 5 no actor
May 08 07:36:45 ip-172-31-35-142.eu-west-1.compute.internal dlm_controld[14899]: 2211 fence status 4 receive -1 from 3 walltime 1778225805 local 2211
May 08 07:36:45 ip-172-31-35-142.eu-west-1.compute.internal dlm_controld[14899]: 2211 fence request 4 pid 31590 nodedown time 1778225664 fence_all dlm_stonith
May 08 07:36:46 ip-172-31-35-142.eu-west-1.compute.internal dlm_controld[14899]: 2212 fence result 4 pid 31590 result -1 term signal 6
May 08 07:36:46 ip-172-31-35-142.eu-west-1.compute.internal dlm_controld[14899]: 2212 fence status 4 receive -1 from 1 walltime 1778225806 local 2212
May 08 07:36:46 ip-172-31-35-142.eu-west-1.compute.internal dlm_controld[14899]: 2212 fence request 5 no actor
May 08 07:36:47 ip-172-31-35-142.eu-west-1.compute.internal dlm_controld[14899]: 2213 fence status 4 receive -1 from 2 walltime 1778225807 local 2213
May 08 07:36:47 ip-172-31-35-142.eu-west-1.compute.internal dlm_controld[14899]: 2213 fence request 5 no actor
May 08 07:36:48 ip-172-31-35-142.eu-west-1.compute.internal dlm_controld[14899]: 2214 fence status 4 receive -1 from 3 walltime 1778225808 local 2214
May 08 07:36:48 ip-172-31-35-142.eu-west-1.compute.internal dlm_controld[14899]: 2214 fence request 4 pid 31607 nodedown time 1778225664 fence_all dlm_stonith
May 08 07:36:49 ip-172-31-35-142.eu-west-1.compute.internal dlm_controld[14899]: 2215 fence result 4 pid 31607 result -1 term signal 6
May 08 07:36:49 ip-172-31-35-142.eu-west-1.compute.internal dlm_controld[14899]: 2215 fence status 4 receive -1 from 1 walltime 1778225809 local 2215
May 08 07:36:49 ip-172-31-35-142.eu-west-1.compute.internal dlm_controld[14899]: 2215 fence request 5 no actor
May 08 07:36:50 ip-172-31-35-142.eu-west-1.compute.internal dlm_controld[14899]: 2216 fence status 4 receive -1 from 2 walltime 1778225810 local 2216
May 08 07:36:50 ip-172-31-35-142.eu-west-1.compute.internal dlm_controld[14899]: 2216 fence request 5 no actor
May 08 07:36:51 ip-172-31-35-142.eu-west-1.compute.internal dlm_controld[14899]: 2217 fence status 4 receive -1 from 3 walltime 1778225811 local 2217
May 08 07:36:51 ip-172-31-35-142.eu-west-1.compute.internal dlm_controld[14899]: 2217 fence request 4 pid 31638 nodedown time 1778225664 fence_all dlm_stonith
May 08 07:36:52 ip-172-31-35-142.eu-west-1.compute.internal dlm_controld[14899]: 2218 fence result 4 pid 31638 result -1 term signal 6
May 08 07:36:52 ip-172-31-35-142.eu-west-1.compute.internal dlm_controld[14899]: 2218 fence status 4 receive -1 from 1 walltime 1778225812 local 2218
May 08 07:36:52 ip-172-31-35-142.eu-west-1.compute.internal dlm_controld[14899]: 2218 fence request 5 no actor
May 08 07:36:53 ip-172-31-35-142.eu-west-1.compute.internal dlm_controld[14899]: 2219 fence status 4 receive -1 from 2 walltime 1778225813 local 2219
May 08 07:36:53 ip-172-31-35-142.eu-west-1.compute.internal dlm_controld[14899]: 2219 fence request 5 no actor
May 08 07:36:54 ip-172-31-35-142.eu-west-1.compute.internal dlm_controld[14899]: 2220 fence status 4 receive -1 from 3 walltime 1778225814 local 2220
May 08 07:36:54 ip-172-31-35-142.eu-west-1.compute.internal dlm_controld[14899]: 2220 fence request 4 pid 31692 nodedown time 1778225664 fence_all dlm_stonith
May 08 07:36:55 ip-172-31-35-142.eu-west-1.compute.internal dlm_controld[14899]: 2221 fence result 4 pid 31692 result -1 term signal 6
May 08 07:36:55 ip-172-31-35-142.eu-west-1.compute.internal dlm_controld[14899]: 2221 fence status 4 receive -1 from 1 walltime 1778225815 local 2221
May 08 07:36:55 ip-172-31-35-142.eu-west-1.compute.internal dlm_controld[14899]: 2221 fence request 5 no actor
May 08 07:36:56 ip-172-31-35-142.eu-west-1.compute.internal dlm_controld[14899]: 2222 fence status 4 receive -1 from 2 walltime 1778225816 local 2222
May 08 07:36:56 ip-172-31-35-142.eu-west-1.compute.internal dlm_controld[14899]: 2222 fence request 5 no actor
May 08 07:36:57 ip-172-31-35-142.eu-west-1.compute.internal dlm_controld[14899]: 2223 fence status 4 receive -1 from 3 walltime 1778225817 local 2223
May 08 07:36:57 ip-172-31-35-142.eu-west-1.compute.internal dlm_controld[14899]: 2223 fence request 4 pid 31709 nodedown time 1778225664 fence_all dlm_stonith
May 08 07:36:58 ip-172-31-35-142.eu-west-1.compute.internal dlm_controld[14899]: 2224 fence result 4 pid 31709 result -1 term signal 6
May 08 07:36:58 ip-172-31-35-142.eu-west-1.compute.internal dlm_controld[14899]: 2224 fence status 4 receive -1 from 1 walltime 1778225818 local 2224
May 08 07:36:58 ip-172-31-35-142.eu-west-1.compute.internal dlm_controld[14899]: 2224 fence request 5 no actor
May 08 07:36:59 ip-172-31-35-142.eu-west-1.compute.internal dlm_controld[14899]: 2225 fence status 4 receive -1 from 2 walltime 1778225819 local 2225
May 08 07:36:59 ip-172-31-35-142.eu-west-1.compute.internal dlm_controld[14899]: 2225 fence request 5 no actor
May 08 07:37:00 ip-172-31-35-142.eu-west-1.compute.internal dlm_controld[14899]: 2226 fence status 4 receive -1 from 3 walltime 1778225820 local 2226
May 08 07:37:00 ip-172-31-35-142.eu-west-1.compute.internal dlm_controld[14899]: 2226 fence request 4 pid 31726 nodedown time 1778225664 fence_all dlm_stonith
May 08 07:37:01 ip-172-31-35-142.eu-west-1.compute.internal dlm_controld[14899]: 2227 fence result 4 pid 31726 result -1 term signal 6
May 08 07:37:01 ip-172-31-35-142.eu-west-1.compute.internal dlm_controld[14899]: 2227 fence status 4 receive -1 from 1 walltime 1778225821 local 2227
May 08 07:37:01 ip-172-31-35-142.eu-west-1.compute.internal dlm_controld[14899]: 2227 fence request 5 no actor
May 08 07:37:02 ip-172-31-35-142.eu-west-1.compute.internal dlm_controld[14899]: 2228 fence status 4 receive -1 from 2 walltime 1778225822 local 2228
May 08 07:37:02 ip-172-31-35-142.eu-west-1.compute.internal dlm_controld[14899]: 2228 fence request 5 no actor
May 08 07:37:03 ip-172-31-35-142.eu-west-1.compute.internal dlm_controld[14899]: 2229 fence status 4 receive -1 from 3 walltime 1778225823 local 2229
May 08 07:37:03 ip-172-31-35-142.eu-west-1.compute.internal dlm_controld[14899]: 2229 fence request 4 pid 31784 nodedown time 1778225664 fence_all dlm_stonith
May 08 07:37:04 ip-172-31-35-142.eu-west-1.compute.internal dlm_controld[14899]: 2230 fence result 4 pid 31784 result -1 term signal 6
May 08 07:37:04 ip-172-31-35-142.eu-west-1.compute.internal dlm_controld[14899]: 2230 fence status 4 receive -1 from 1 walltime 1778225824 local 2230
May 08 07:37:04 ip-172-31-35-142.eu-west-1.compute.internal dlm_controld[14899]: 2230 fence request 5 no actor
May 08 07:37:05 ip-172-31-35-142.eu-west-1.compute.internal dlm_controld[14899]: 2231 fence status 4 receive -1 from 2 walltime 1778225825 local 2231
May 08 07:37:05 ip-172-31-35-142.eu-west-1.compute.internal dlm_controld[14899]: 2231 fence request 5 no actor
May 08 07:37:06 ip-172-31-35-142.eu-west-1.compute.internal dlm_controld[14899]: 2232 fence status 4 receive -1 from 3 walltime 1778225826 local 2232
May 08 07:37:06 ip-172-31-35-142.eu-west-1.compute.internal dlm_controld[14899]: 2232 fence request 4 pid 31801 nodedown time 1778225664 fence_all dlm_stonith
May 08 07:37:07 ip-172-31-35-142.eu-west-1.compute.internal dlm_controld[14899]: 2233 fence result 4 pid 31801 result -1 term signal 6
May 08 07:37:07 ip-172-31-35-142.eu-west-1.compute.internal dlm_controld[14899]: 2233 fence status 4 receive -1 from 1 walltime 1778225827 local 2233
May 08 07:37:07 ip-172-31-35-142.eu-west-1.compute.internal dlm_controld[14899]: 2233 fence request 5 no actor
May 08 07:37:08 ip-172-31-35-142.eu-west-1.compute.internal dlm_controld[14899]: 2234 fence status 4 receive -1 from 2 walltime 1778225828 local 2234
May 08 07:37:08 ip-172-31-35-142.eu-west-1.compute.internal dlm_controld[14899]: 2234 fence request 5 no actor
May 08 07:37:09 ip-172-31-35-142.eu-west-1.compute.internal dlm_controld[14899]: 2235 fence status 4 receive -1 from 3 walltime 1778225829 local 2235
May 08 07:37:09 ip-172-31-35-142.eu-west-1.compute.internal dlm_controld[14899]: 2235 fence request 4 pid 31818 nodedown time 1778225664 fence_all dlm_stonith
May 08 07:37:10 ip-172-31-35-142.eu-west-1.compute.internal dlm_controld[14899]: 2236 fence result 4 pid 31818 result -1 term signal 6
May 08 07:37:10 ip-172-31-35-142.eu-west-1.compute.internal dlm_controld[14899]: 2236 fence status 4 receive -1 from 1 walltime 1778225830 local 2236
May 08 07:37:10 ip-172-31-35-142.eu-west-1.compute.internal dlm_controld[14899]: 2236 fence request 5 no actor
May 08 07:37:11 ip-172-31-35-142.eu-west-1.compute.internal dlm_controld[14899]: 2237 fence status 4 receive -1 from 2 walltime 1778225831 local 2237
May 08 07:37:11 ip-172-31-35-142.eu-west-1.compute.internal dlm_controld[14899]: 2237 fence request 5 no actor
May 08 07:37:12 ip-172-31-35-142.eu-west-1.compute.internal dlm_controld[14899]: 2238 fence status 4 receive -1 from 3 walltime 1778225832 local 2238
May 08 07:37:12 ip-172-31-35-142.eu-west-1.compute.internal dlm_controld[14899]: 2238 fence request 4 pid 31835 nodedown time 1778225664 fence_all dlm_stonith
May 08 07:37:13 ip-172-31-35-142.eu-west-1.compute.internal dlm_controld[14899]: 2239 fence result 4 pid 31835 result -1 term signal 6
May 08 07:37:13 ip-172-31-35-142.eu-west-1.compute.internal dlm_controld[14899]: 2239 fence status 4 receive -1 from 1 walltime 1778225833 local 2239
May 08 07:37:13 ip-172-31-35-142.eu-west-1.compute.internal dlm_controld[14899]: 2239 fence request 5 no actor
May 08 07:37:15 ip-172-31-35-142.eu-west-1.compute.internal dlm_controld[14899]: 2240 fence status 4 receive -1 from 2 walltime 1778225835 local 2240
May 08 07:37:15 ip-172-31-35-142.eu-west-1.compute.internal dlm_controld[14899]: 2240 fence request 5 no actor
May 08 07:37:16 ip-172-31-35-142.eu-west-1.compute.internal dlm_controld[14899]: 2241 fence status 4 receive -1 from 3 walltime 1778225836 local 2241
May 08 07:37:16 ip-172-31-35-142.eu-west-1.compute.internal dlm_controld[14899]: 2241 fence request 4 pid 31911 nodedown time 1778225664 fence_all dlm_stonith
May 08 07:37:17 ip-172-31-35-142.eu-west-1.compute.internal dlm_controld[14899]: 2242 fence result 4 pid 31911 result -1 term signal 6
May 08 07:37:17 ip-172-31-35-142.eu-west-1.compute.internal dlm_controld[14899]: 2242 fence status 4 receive -1 from 1 walltime 1778225837 local 2242
May 08 07:37:17 ip-172-31-35-142.eu-west-1.compute.internal dlm_controld[14899]: 2242 fence request 5 no actor
May 08 07:37:18 ip-172-31-35-142.eu-west-1.compute.internal dlm_controld[14899]: 2243 fence status 4 receive -1 from 2 walltime 1778225838 local 2243
May 08 07:37:18 ip-172-31-35-142.eu-west-1.compute.internal dlm_controld[14899]: 2243 fence request 5 no actor
May 08 07:37:19 ip-172-31-35-142.eu-west-1.compute.internal dlm_controld[14899]: 2244 fence status 4 receive -1 from 3 walltime 1778225839 local 2244
May 08 07:37:19 ip-172-31-35-142.eu-west-1.compute.internal dlm_controld[14899]: 2244 fence request 4 pid 31928 nodedown time 1778225664 fence_all dlm_stonith
May 08 07:37:20 ip-172-31-35-142.eu-west-1.compute.internal dlm_controld[14899]: 2245 fence result 4 pid 31928 result -1 term signal 6
May 08 07:37:20 ip-172-31-35-142.eu-west-1.compute.internal dlm_controld[14899]: 2245 fence status 4 receive -1 from 1 walltime 1778225840 local 2245
May 08 07:37:20 ip-172-31-35-142.eu-west-1.compute.internal dlm_controld[14899]: 2245 fence request 5 no actor
May 08 07:37:21 ip-172-31-35-142.eu-west-1.compute.internal dlm_controld[14899]: 2246 fence status 4 receive -1 from 2 walltime 1778225841 local 2246
May 08 07:37:21 ip-172-31-35-142.eu-west-1.compute.internal dlm_controld[14899]: 2246 fence request 5 no actor
May 08 07:37:22 ip-172-31-35-142.eu-west-1.compute.internal dlm_controld[14899]: 2247 fence status 4 receive -1 from 3 walltime 1778225842 local 2247
May 08 07:37:22 ip-172-31-35-142.eu-west-1.compute.internal dlm_controld[14899]: 2247 fence request 4 pid 31961 nodedown time 1778225664 fence_all dlm_stonith
May 08 07:37:23 ip-172-31-35-142.eu-west-1.compute.internal dlm_controld[14899]: 2248 fence result 4 pid 31961 result -1 term signal 6
May 08 07:37:23 ip-172-31-35-142.eu-west-1.compute.internal dlm_controld[14899]: 2248 fence status 4 receive -1 from 1 walltime 1778225843 local 2248
May 08 07:37:23 ip-172-31-35-142.eu-west-1.compute.internal dlm_controld[14899]: 2248 fence request 5 no actor
May 08 07:37:24 ip-172-31-35-142.eu-west-1.compute.internal dlm_controld[14899]: 2249 fence status 4 receive -1 from 2 walltime 1778225844 local 2249
May 08 07:37:24 ip-172-31-35-142.eu-west-1.compute.internal dlm_controld[14899]: 2249 fence request 5 no actor
May 08 07:37:25 ip-172-31-35-142.eu-west-1.compute.internal dlm_controld[14899]: 2250 fence status 4 receive -1 from 3 walltime 1778225845 local 2250
May 08 07:37:25 ip-172-31-35-142.eu-west-1.compute.internal dlm_controld[14899]: 2250 fence request 4 pid 32019 nodedown time 1778225664 fence_all dlm_stonith
May 08 07:37:26 ip-172-31-35-142.eu-west-1.compute.internal dlm_controld[14899]: 2251 fence result 4 pid 32019 result -1 term signal 6
May 08 07:37:26 ip-172-31-35-142.eu-west-1.compute.internal dlm_controld[14899]: 2251 fence status 4 receive -1 from 1 walltime 1778225846 local 2251
May 08 07:37:26 ip-172-31-35-142.eu-west-1.compute.internal dlm_controld[14899]: 2251 fence request 5 no actor
May 08 07:37:27 ip-172-31-35-142.eu-west-1.compute.internal dlm_controld[14899]: 2252 fence status 4 receive -1 from 2 walltime 1778225847 local 2252
May 08 07:37:27 ip-172-31-35-142.eu-west-1.compute.internal dlm_controld[14899]: 2252 fence request 5 no actor
May 08 07:37:28 ip-172-31-35-142.eu-west-1.compute.internal dlm_controld[14899]: 2253 fence status 4 receive -1 from 3 walltime 1778225848 local 2253
May 08 07:37:28 ip-172-31-35-142.eu-west-1.compute.internal dlm_controld[14899]: 2253 fence request 4 pid 32036 nodedown time 1778225664 fence_all dlm_stonith
May 08 07:37:29 ip-172-31-35-142.eu-west-1.compute.internal dlm_controld[14899]: 2254 fence result 4 pid 32036 result -1 term signal 6
May 08 07:37:29 ip-172-31-35-142.eu-west-1.compute.internal dlm_controld[14899]: 2254 fence status 4 receive -1 from 1 walltime 1778225849 local 2254
May 08 07:37:29 ip-172-31-35-142.eu-west-1.compute.internal dlm_controld[14899]: 2254 fence request 5 no actor
May 08 07:37:30 ip-172-31-35-142.eu-west-1.compute.internal dlm_controld[14899]: 2255 fence status 4 receive -1 from 2 walltime 1778225850 local 2255
May 08 07:37:30 ip-172-31-35-142.eu-west-1.compute.internal dlm_controld[14899]: 2255 fence request 5 no actor
May 08 07:37:31 ip-172-31-35-142.eu-west-1.compute.internal dlm_controld[14899]: 2256 fence status 4 receive -1 from 3 walltime 1778225851 local 2256
May 08 07:37:31 ip-172-31-35-142.eu-west-1.compute.internal dlm_controld[14899]: 2256 fence request 4 pid 32053 nodedown time 1778225664 fence_all dlm_stonith
May 08 07:37:32 ip-172-31-35-142.eu-west-1.compute.internal dlm_controld[14899]: 2257 fence result 4 pid 32053 result -1 term signal 6
May 08 07:37:32 ip-172-31-35-142.eu-west-1.compute.internal dlm_controld[14899]: 2257 fence status 4 receive -1 from 1 walltime 1778225852 local 2257
May 08 07:37:32 ip-172-31-35-142.eu-west-1.compute.internal dlm_controld[14899]: 2257 fence request 5 no actor
May 08 07:37:33 ip-172-31-35-142.eu-west-1.compute.internal dlm_controld[14899]: 2258 fence status 4 receive -1 from 2 walltime 1778225853 local 2258
May 08 07:37:33 ip-172-31-35-142.eu-west-1.compute.internal dlm_controld[14899]: 2258 fence request 5 no actor
May 08 07:37:34 ip-172-31-35-142.eu-west-1.compute.internal dlm_controld[14899]: 2259 fence status 4 receive -1 from 3 walltime 1778225854 local 2259
May 08 07:37:34 ip-172-31-35-142.eu-west-1.compute.internal dlm_controld[14899]: 2259 fence request 4 pid 32111 nodedown time 1778225664 fence_all dlm_stonith
May 08 07:37:35 ip-172-31-35-142.eu-west-1.compute.internal dlm_controld[14899]: 2260 fence result 4 pid 32111 result -1 term signal 6
May 08 07:37:35 ip-172-31-35-142.eu-west-1.compute.internal dlm_controld[14899]: 2260 fence status 4 receive -1 from 1 walltime 1778225855 local 2260
May 08 07:37:35 ip-172-31-35-142.eu-west-1.compute.internal dlm_controld[14899]: 2260 fence request 5 no actor
May 08 07:37:36 ip-172-31-35-142.eu-west-1.compute.internal dlm_controld[14899]: 2261 fence status 4 receive -1 from 2 walltime 1778225856 local 2261
May 08 07:37:36 ip-172-31-35-142.eu-west-1.compute.internal dlm_controld[14899]: 2261 fence request 5 no actor
May 08 07:37:37 ip-172-31-35-142.eu-west-1.compute.internal dlm_controld[14899]: 2262 fence status 4 receive -1 from 3 walltime 1778225857 local 2262
May 08 07:37:37 ip-172-31-35-142.eu-west-1.compute.internal dlm_controld[14899]: 2262 fence request 4 pid 32128 nodedown time 1778225664 fence_all dlm_stonith
May 08 07:37:38 ip-172-31-35-142.eu-west-1.compute.internal dlm_controld[14899]: 2263 fence result 4 pid 32128 result -1 term signal 6
May 08 07:37:38 ip-172-31-35-142.eu-west-1.compute.internal dlm_controld[14899]: 2263 fence status 4 receive -1 from 1 walltime 1778225858 local 2263
May 08 07:37:38 ip-172-31-35-142.eu-west-1.compute.internal dlm_controld[14899]: 2263 fence request 5 no actor
May 08 07:37:39 ip-172-31-35-142.eu-west-1.compute.internal dlm_controld[14899]: 2264 fence status 4 receive -1 from 2 walltime 1778225859 local 2264
May 08 07:37:39 ip-172-31-35-142.eu-west-1.compute.internal dlm_controld[14899]: 2264 fence request 5 no actor
May 08 07:37:40 ip-172-31-35-142.eu-west-1.compute.internal dlm_controld[14899]: 2265 fence status 4 receive -1 from 3 walltime 1778225860 local 2265
May 08 07:37:40 ip-172-31-35-142.eu-west-1.compute.internal dlm_controld[14899]: 2265 fence request 4 pid 32145 nodedown time 1778225664 fence_all dlm_stonith
May 08 07:37:41 ip-172-31-35-142.eu-west-1.compute.internal dlm_controld[14899]: 2266 fence result 4 pid 32145 result -1 term signal 6
May 08 07:37:41 ip-172-31-35-142.eu-west-1.compute.internal dlm_controld[14899]: 2266 fence status 4 receive -1 from 1 walltime 1778225861 local 2266
May 08 07:37:41 ip-172-31-35-142.eu-west-1.compute.internal dlm_controld[14899]: 2266 fence request 5 no actor
May 08 07:37:42 ip-172-31-35-142.eu-west-1.compute.internal dlm_controld[14899]: 2267 fence status 4 receive -1 from 2 walltime 1778225862 local 2267
May 08 07:37:42 ip-172-31-35-142.eu-west-1.compute.internal dlm_controld[14899]: 2267 fence request 5 no actor
May 08 07:37:43 ip-172-31-35-142.eu-west-1.compute.internal dlm_controld[14899]: 2268 fence status 4 receive -1 from 3 walltime 1778225863 local 2268
May 08 07:37:43 ip-172-31-35-142.eu-west-1.compute.internal dlm_controld[14899]: 2268 fence request 4 pid 32163 nodedown time 1778225664 fence_all dlm_stonith
May 08 07:37:44 ip-172-31-35-142.eu-west-1.compute.internal dlm_controld[14899]: 2269 fence result 4 pid 32163 result -1 term signal 6
May 08 07:37:44 ip-172-31-35-142.eu-west-1.compute.internal dlm_controld[14899]: 2269 fence status 4 receive -1 from 1 walltime 1778225864 local 2269
May 08 07:37:44 ip-172-31-35-142.eu-west-1.compute.internal dlm_controld[14899]: 2269 fence request 5 no actor
May 08 07:37:45 ip-172-31-35-142.eu-west-1.compute.internal dlm_controld[14899]: 2270 fence status 4 receive -1 from 2 walltime 1778225865 local 2270
May 08 07:37:45 ip-172-31-35-142.eu-west-1.compute.internal dlm_controld[14899]: 2270 fence request 5 no actor
May 08 07:37:46 ip-172-31-35-142.eu-west-1.compute.internal dlm_controld[14899]: 2271 fence status 4 receive -1 from 3 walltime 1778225866 local 2271
May 08 07:37:46 ip-172-31-35-142.eu-west-1.compute.internal dlm_controld[14899]: 2271 fence request 4 pid 32239 nodedown time 1778225664 fence_all dlm_stonith
May 08 07:37:47 ip-172-31-35-142.eu-west-1.compute.internal dlm_controld[14899]: 2272 fence result 4 pid 32239 result -1 term signal 6
May 08 07:37:47 ip-172-31-35-142.eu-west-1.compute.internal dlm_controld[14899]: 2272 fence status 4 receive -1 from 1 walltime 1778225867 local 2272
May 08 07:37:47 ip-172-31-35-142.eu-west-1.compute.internal dlm_controld[14899]: 2272 fence request 5 no actor
May 08 07:37:48 ip-172-31-35-142.eu-west-1.compute.internal dlm_controld[14899]: 2273 fence status 4 receive -1 from 2 walltime 1778225868 local 2273
May 08 07:37:48 ip-172-31-35-142.eu-west-1.compute.internal dlm_controld[14899]: 2273 fence request 5 no actor
May 08 07:37:49 ip-172-31-35-142.eu-west-1.compute.internal dlm_controld[14899]: 2274 fence status 4 receive -1 from 3 walltime 1778225869 local 2274
May 08 07:37:49 ip-172-31-35-142.eu-west-1.compute.internal dlm_controld[14899]: 2274 fence request 4 pid 32256 nodedown time 1778225664 fence_all dlm_stonith
May 08 07:37:50 ip-172-31-35-142.eu-west-1.compute.internal dlm_controld[14899]: 2275 fence result 4 pid 32256 result -1 term signal 6
May 08 07:37:50 ip-172-31-35-142.eu-west-1.compute.internal dlm_controld[14899]: 2275 fence status 4 receive -1 from 1 walltime 1778225870 local 2275
May 08 07:37:50 ip-172-31-35-142.eu-west-1.compute.internal dlm_controld[14899]: 2275 fence request 5 no actor
May 08 07:37:51 ip-172-31-35-142.eu-west-1.compute.internal dlm_controld[14899]: 2276 fence status 4 receive -1 from 2 walltime 1778225871 local 2276
May 08 07:37:51 ip-172-31-35-142.eu-west-1.compute.internal dlm_controld[14899]: 2276 fence request 5 no actor
May 08 07:37:52 ip-172-31-35-142.eu-west-1.compute.internal dlm_controld[14899]: 2277 fence status 4 receive -1 from 3 walltime 1778225872 local 2277
May 08 07:37:52 ip-172-31-35-142.eu-west-1.compute.internal dlm_controld[14899]: 2277 fence request 4 pid 32289 nodedown time 1778225664 fence_all dlm_stonith
May 08 07:37:53 ip-172-31-35-142.eu-west-1.compute.internal dlm_controld[14899]: 2278 fence result 4 pid 32289 result -1 term signal 6
May 08 07:37:53 ip-172-31-35-142.eu-west-1.compute.internal dlm_controld[14899]: 2278 fence status 4 receive -1 from 1 walltime 1778225873 local 2278
May 08 07:37:53 ip-172-31-35-142.eu-west-1.compute.internal dlm_controld[14899]: 2278 fence request 5 no actor
May 08 07:37:54 ip-172-31-35-142.eu-west-1.compute.internal dlm_controld[14899]: 2279 fence status 4 receive -1 from 2 walltime 1778225874 local 2279
May 08 07:37:54 ip-172-31-35-142.eu-west-1.compute.internal dlm_controld[14899]: 2279 fence request 5 no actor
May 08 07:37:55 ip-172-31-35-142.eu-west-1.compute.internal dlm_controld[14899]: 2280 fence status 4 receive -1 from 3 walltime 1778225875 local 2280
May 08 07:37:55 ip-172-31-35-142.eu-west-1.compute.internal dlm_controld[14899]: 2280 fence request 4 pid 32347 nodedown time 1778225664 fence_all dlm_stonith
May 08 07:37:56 ip-172-31-35-142.eu-west-1.compute.internal dlm_controld[14899]: 2281 fence result 4 pid 32347 result -1 term signal 6
May 08 07:37:56 ip-172-31-35-142.eu-west-1.compute.internal dlm_controld[14899]: 2281 fence status 4 receive -1 from 1 walltime 1778225876 local 2281
May 08 07:37:56 ip-172-31-35-142.eu-west-1.compute.internal dlm_controld[14899]: 2281 fence request 5 no actor
May 08 07:37:57 ip-172-31-35-142.eu-west-1.compute.internal dlm_controld[14899]: 2282 fence status 4 receive -1 from 2 walltime 1778225877 local 2282
May 08 07:37:57 ip-172-31-35-142.eu-west-1.compute.internal dlm_controld[14899]: 2282 fence request 5 no actor
May 08 07:37:58 ip-172-31-35-142.eu-west-1.compute.internal dlm_controld[14899]: 2283 fence status 4 receive -1 from 3 walltime 1778225878 local 2283
May 08 07:37:58 ip-172-31-35-142.eu-west-1.compute.internal dlm_controld[14899]: 2283 fence request 4 pid 32364 nodedown time 1778225664 fence_all dlm_stonith
May 08 07:37:59 ip-172-31-35-142.eu-west-1.compute.internal dlm_controld[14899]: 2284 fence result 4 pid 32364 result -1 term signal 6
May 08 07:37:59 ip-172-31-35-142.eu-west-1.compute.internal dlm_controld[14899]: 2284 fence status 4 receive -1 from 1 walltime 1778225879 local 2284
May 08 07:37:59 ip-172-31-35-142.eu-west-1.compute.internal dlm_controld[14899]: 2284 fence request 5 no actor
May 08 07:38:00 ip-172-31-35-142.eu-west-1.compute.internal dlm_controld[14899]: 2285 fence status 4 receive -1 from 2 walltime 1778225880 local 2285
May 08 07:38:00 ip-172-31-35-142.eu-west-1.compute.internal dlm_controld[14899]: 2285 fence request 5 no actor
May 08 07:38:01 ip-172-31-35-142.eu-west-1.compute.internal dlm_controld[14899]: 2286 fence status 4 receive -1 from 3 walltime 1778225881 local 2286
May 08 07:38:01 ip-172-31-35-142.eu-west-1.compute.internal dlm_controld[14899]: 2286 fence request 4 pid 32379 nodedown time 1778225664 fence_all dlm_stonith
May 08 07:38:02 ip-172-31-35-142.eu-west-1.compute.internal dlm_controld[14899]: 2287 fence result 4 pid 32379 result -1 term signal 6
May 08 07:38:02 ip-172-31-35-142.eu-west-1.compute.internal dlm_controld[14899]: 2287 fence status 4 receive -1 from 1 walltime 1778225882 local 2287
May 08 07:38:02 ip-172-31-35-142.eu-west-1.compute.internal dlm_controld[14899]: 2287 fence request 5 no actor
May 08 07:38:03 ip-172-31-35-142.eu-west-1.compute.internal dlm_controld[14899]: 2288 fence status 4 receive -1 from 2 walltime 1778225883 local 2288
May 08 07:38:03 ip-172-31-35-142.eu-west-1.compute.internal dlm_controld[14899]: 2288 fence request 5 no actor
May 08 07:38:04 ip-172-31-35-142.eu-west-1.compute.internal dlm_controld[14899]: 2289 fence status 4 receive -1 from 3 walltime 1778225884 local 2289
May 08 07:38:04 ip-172-31-35-142.eu-west-1.compute.internal dlm_controld[14899]: 2289 fence request 4 pid 32433 nodedown time 1778225664 fence_all dlm_stonith
May 08 07:38:05 ip-172-31-35-142.eu-west-1.compute.internal dlm_controld[14899]: 2290 fence result 4 pid 32433 result -1 term signal 6
May 08 07:38:05 ip-172-31-35-142.eu-west-1.compute.internal dlm_controld[14899]: 2290 fence status 4 receive -1 from 1 walltime 1778225885 local 2290
May 08 07:38:05 ip-172-31-35-142.eu-west-1.compute.internal dlm_controld[14899]: 2290 fence request 5 no actor
May 08 07:38:06 ip-172-31-35-142.eu-west-1.compute.internal dlm_controld[14899]: 2291 fence status 4 receive -1 from 2 walltime 1778225886 local 2291
May 08 07:38:06 ip-172-31-35-142.eu-west-1.compute.internal dlm_controld[14899]: 2291 fence request 5 no actor
May 08 07:38:07 ip-172-31-35-142.eu-west-1.compute.internal dlm_controld[14899]: 2292 fence status 4 receive -1 from 3 walltime 1778225887 local 2292
May 08 07:38:07 ip-172-31-35-142.eu-west-1.compute.internal dlm_controld[14899]: 2292 fence request 4 pid 32450 nodedown time 1778225664 fence_all dlm_stonith
May 08 07:38:08 ip-172-31-35-142.eu-west-1.compute.internal dlm_controld[14899]: 2293 fence result 4 pid 32450 result -1 term signal 6
May 08 07:38:08 ip-172-31-35-142.eu-west-1.compute.internal dlm_controld[14899]: 2293 fence status 4 receive -1 from 1 walltime 1778225888 local 2293
May 08 07:38:08 ip-172-31-35-142.eu-west-1.compute.internal dlm_controld[14899]: 2293 fence request 5 no actor
May 08 07:38:09 ip-172-31-35-142.eu-west-1.compute.internal dlm_controld[14899]: 2294 fence status 4 receive -1 from 2 walltime 1778225889 local 2294
May 08 07:38:09 ip-172-31-35-142.eu-west-1.compute.internal dlm_controld[14899]: 2294 fence request 5 no actor
May 08 07:38:10 ip-172-31-35-142.eu-west-1.compute.internal dlm_controld[14899]: 2295 fence status 4 receive -1 from 3 walltime 1778225890 local 2295
May 08 07:38:10 ip-172-31-35-142.eu-west-1.compute.internal dlm_controld[14899]: 2295 fence request 4 pid 32467 nodedown time 1778225664 fence_all dlm_stonith
May 08 07:38:11 ip-172-31-35-142.eu-west-1.compute.internal dlm_controld[14899]: 2296 fence result 4 pid 32467 result -1 term signal 6
May 08 07:38:11 ip-172-31-35-142.eu-west-1.compute.internal dlm_controld[14899]: 2296 fence status 4 receive -1 from 1 walltime 1778225891 local 2296
May 08 07:38:11 ip-172-31-35-142.eu-west-1.compute.internal dlm_controld[14899]: 2296 fence request 5 no actor
May 08 07:38:12 ip-172-31-35-142.eu-west-1.compute.internal dlm_controld[14899]: 2297 fence status 4 receive -1 from 2 walltime 1778225892 local 2297
May 08 07:38:12 ip-172-31-35-142.eu-west-1.compute.internal dlm_controld[14899]: 2297 fence request 5 no actor
May 08 07:38:13 ip-172-31-35-142.eu-west-1.compute.internal dlm_controld[14899]: 2298 fence status 4 receive -1 from 3 walltime 1778225893 local 2298
May 08 07:38:13 ip-172-31-35-142.eu-west-1.compute.internal dlm_controld[14899]: 2298 fence request 4 pid 32484 nodedown time 1778225664 fence_all dlm_stonith
May 08 07:38:14 ip-172-31-35-142.eu-west-1.compute.internal dlm_controld[14899]: 2299 fence result 4 pid 32484 result -1 term signal 6
May 08 07:38:14 ip-172-31-35-142.eu-west-1.compute.internal dlm_controld[14899]: 2299 fence status 4 receive -1 from 1 walltime 1778225894 local 2299
May 08 07:38:14 ip-172-31-35-142.eu-west-1.compute.internal dlm_controld[14899]: 2299 fence request 5 no actor
May 08 07:38:15 ip-172-31-35-142.eu-west-1.compute.internal dlm_controld[14899]: 2300 fence status 4 receive -1 from 2 walltime 1778225895 local 2300
May 08 07:38:15 ip-172-31-35-142.eu-west-1.compute.internal dlm_controld[14899]: 2300 fence request 5 no actor
May 08 07:38:16 ip-172-31-35-142.eu-west-1.compute.internal dlm_controld[14899]: 2301 fence status 4 receive -1 from 3 walltime 1778225896 local 2301
May 08 07:38:16 ip-172-31-35-142.eu-west-1.compute.internal dlm_controld[14899]: 2301 fence request 4 pid 32560 nodedown time 1778225664 fence_all dlm_stonith
May 08 07:38:17 ip-172-31-35-142.eu-west-1.compute.internal dlm_controld[14899]: 2302 fence result 4 pid 32560 result -1 term signal 6
May 08 07:38:17 ip-172-31-35-142.eu-west-1.compute.internal dlm_controld[14899]: 2302 fence status 4 receive -1 from 1 walltime 1778225897 local 2302
May 08 07:38:17 ip-172-31-35-142.eu-west-1.compute.internal dlm_controld[14899]: 2302 fence request 5 no actor
May 08 07:38:18 ip-172-31-35-142.eu-west-1.compute.internal dlm_controld[14899]: 2303 fence status 4 receive -1 from 2 walltime 1778225898 local 2303
May 08 07:38:18 ip-172-31-35-142.eu-west-1.compute.internal dlm_controld[14899]: 2303 fence request 5 no actor
May 08 07:38:19 ip-172-31-35-142.eu-west-1.compute.internal dlm_controld[14899]: 2304 fence status 4 receive -1 from 3 walltime 1778225899 local 2304
May 08 07:38:19 ip-172-31-35-142.eu-west-1.compute.internal dlm_controld[14899]: 2304 fence request 4 pid 32577 nodedown time 1778225664 fence_all dlm_stonith
May 08 07:38:20 ip-172-31-35-142.eu-west-1.compute.internal dlm_controld[14899]: 2305 fence result 4 pid 32577 result -1 term signal 6
May 08 07:38:20 ip-172-31-35-142.eu-west-1.compute.internal dlm_controld[14899]: 2305 fence status 4 receive -1 from 1 walltime 1778225900 local 2305
May 08 07:38:20 ip-172-31-35-142.eu-west-1.compute.internal dlm_controld[14899]: 2305 fence request 5 no actor
May 08 07:38:21 ip-172-31-35-142.eu-west-1.compute.internal dlm_controld[14899]: 2306 fence status 4 receive -1 from 2 walltime 1778225901 local 2306
May 08 07:38:21 ip-172-31-35-142.eu-west-1.compute.internal dlm_controld[14899]: 2306 fence request 5 no actor
May 08 07:38:22 ip-172-31-35-142.eu-west-1.compute.internal dlm_controld[14899]: 2307 fence status 4 receive -1 from 3 walltime 1778225902 local 2307
May 08 07:38:22 ip-172-31-35-142.eu-west-1.compute.internal dlm_controld[14899]: 2307 fence request 4 pid 32610 nodedown time 1778225664 fence_all dlm_stonith
May 08 07:38:23 ip-172-31-35-142.eu-west-1.compute.internal dlm_controld[14899]: 2308 fence result 4 pid 32610 result -1 term signal 6
May 08 07:38:23 ip-172-31-35-142.eu-west-1.compute.internal dlm_controld[14899]: 2308 fence status 4 receive -1 from 1 walltime 1778225903 local 2308
May 08 07:38:23 ip-172-31-35-142.eu-west-1.compute.internal dlm_controld[14899]: 2308 fence request 5 no actor
May 08 07:38:24 ip-172-31-35-142.eu-west-1.compute.internal dlm_controld[14899]: 2309 fence status 4 receive -1 from 2 walltime 1778225904 local 2309
May 08 07:38:24 ip-172-31-35-142.eu-west-1.compute.internal dlm_controld[14899]: 2309 fence request 5 no actor
May 08 07:38:25 ip-172-31-35-142.eu-west-1.compute.internal dlm_controld[14899]: 2310 fence status 4 receive -1 from 3 walltime 1778225905 local 2310
May 08 07:38:25 ip-172-31-35-142.eu-west-1.compute.internal dlm_controld[14899]: 2310 fence request 4 pid 32668 nodedown time 1778225664 fence_all dlm_stonith
May 08 07:38:26 ip-172-31-35-142.eu-west-1.compute.internal dlm_controld[14899]: 2311 fence result 4 pid 32668 result -1 term signal 6
May 08 07:38:26 ip-172-31-35-142.eu-west-1.compute.internal dlm_controld[14899]: 2311 fence status 4 receive -1 from 1 walltime 1778225906 local 2311
May 08 07:38:26 ip-172-31-35-142.eu-west-1.compute.internal dlm_controld[14899]: 2311 fence request 5 no actor
May 08 07:38:27 ip-172-31-35-142.eu-west-1.compute.internal dlm_controld[14899]: 2312 fence status 4 receive -1 from 2 walltime 1778225907 local 2312
May 08 07:38:27 ip-172-31-35-142.eu-west-1.compute.internal dlm_controld[14899]: 2312 fence request 5 no actor
May 08 07:38:28 ip-172-31-35-142.eu-west-1.compute.internal dlm_controld[14899]: 2313 fence status 4 receive -1 from 3 walltime 1778225908 local 2313
May 08 07:38:28 ip-172-31-35-142.eu-west-1.compute.internal dlm_controld[14899]: 2313 fence request 4 pid 32685 nodedown time 1778225664 fence_all dlm_stonith
May 08 07:38:29 ip-172-31-35-142.eu-west-1.compute.internal dlm_controld[14899]: 2314 fence result 4 pid 32685 result -1 term signal 6
May 08 07:38:29 ip-172-31-35-142.eu-west-1.compute.internal dlm_controld[14899]: 2314 fence status 4 receive -1 from 1 walltime 1778225909 local 2314
May 08 07:38:29 ip-172-31-35-142.eu-west-1.compute.internal dlm_controld[14899]: 2314 fence request 5 no actor
May 08 07:38:30 ip-172-31-35-142.eu-west-1.compute.internal dlm_controld[14899]: 2315 fence status 4 receive -1 from 2 walltime 1778225910 local 2315
May 08 07:38:30 ip-172-31-35-142.eu-west-1.compute.internal dlm_controld[14899]: 2315 fence request 5 no actor
May 08 07:38:31 ip-172-31-35-142.eu-west-1.compute.internal dlm_controld[14899]: 2316 fence status 4 receive -1 from 3 walltime 1778225911 local 2316
May 08 07:38:31 ip-172-31-35-142.eu-west-1.compute.internal dlm_controld[14899]: 2316 fence request 4 pid 32702 nodedown time 1778225664 fence_all dlm_stonith
May 08 07:38:32 ip-172-31-35-142.eu-west-1.compute.internal dlm_controld[14899]: 2317 fence result 4 pid 32702 result -1 term signal 6
May 08 07:38:32 ip-172-31-35-142.eu-west-1.compute.internal dlm_controld[14899]: 2317 fence status 4 receive -1 from 1 walltime 1778225912 local 2317
May 08 07:38:32 ip-172-31-35-142.eu-west-1.compute.internal dlm_controld[14899]: 2317 fence request 5 no actor
May 08 07:38:33 ip-172-31-35-142.eu-west-1.compute.internal dlm_controld[14899]: 2318 fence status 4 receive -1 from 2 walltime 1778225913 local 2318
May 08 07:38:33 ip-172-31-35-142.eu-west-1.compute.internal dlm_controld[14899]: 2318 fence request 5 no actor
May 08 07:38:34 ip-172-31-35-142.eu-west-1.compute.internal dlm_controld[14899]: 2319 fence status 4 receive -1 from 3 walltime 1778225914 local 2319
May 08 07:38:34 ip-172-31-35-142.eu-west-1.compute.internal dlm_controld[14899]: 2319 fence request 4 pid 32760 nodedown time 1778225664 fence_all dlm_stonith
May 08 07:38:35 ip-172-31-35-142.eu-west-1.compute.internal dlm_controld[14899]: 2320 fence result 4 pid 32760 result -1 term signal 6
May 08 07:38:35 ip-172-31-35-142.eu-west-1.compute.internal dlm_controld[14899]: 2320 fence status 4 receive -1 from 1 walltime 1778225915 local 2320
May 08 07:38:35 ip-172-31-35-142.eu-west-1.compute.internal dlm_controld[14899]: 2320 fence request 5 no actor
May 08 07:38:36 ip-172-31-35-142.eu-west-1.compute.internal dlm_controld[14899]: 2321 fence status 4 receive -1 from 2 walltime 1778225916 local 2321
May 08 07:38:36 ip-172-31-35-142.eu-west-1.compute.internal dlm_controld[14899]: 2321 fence request 5 no actor
May 08 07:38:37 ip-172-31-35-142.eu-west-1.compute.internal dlm_controld[14899]: 2322 fence status 4 receive -1 from 3 walltime 1778225917 local 2322
May 08 07:38:37 ip-172-31-35-142.eu-west-1.compute.internal dlm_controld[14899]: 2322 fence request 4 pid 309 nodedown time 1778225664 fence_all dlm_stonith
May 08 07:38:38 ip-172-31-35-142.eu-west-1.compute.internal dlm_controld[14899]: 2323 fence result 4 pid 309 result -1 term signal 6
May 08 07:38:38 ip-172-31-35-142.eu-west-1.compute.internal dlm_controld[14899]: 2323 fence status 4 receive -1 from 1 walltime 1778225918 local 2323
May 08 07:38:38 ip-172-31-35-142.eu-west-1.compute.internal dlm_controld[14899]: 2323 fence request 5 no actor
May 08 07:38:39 ip-172-31-35-142.eu-west-1.compute.internal dlm_controld[14899]: 2324 fence status 4 receive -1 from 2 walltime 1778225919 local 2324
May 08 07:38:39 ip-172-31-35-142.eu-west-1.compute.internal dlm_controld[14899]: 2324 fence request 5 no actor
May 08 07:38:40 ip-172-31-35-142.eu-west-1.compute.internal dlm_controld[14899]: 2325 fence status 4 receive -1 from 3 walltime 1778225920 local 2325
May 08 07:38:40 ip-172-31-35-142.eu-west-1.compute.internal dlm_controld[14899]: 2325 fence request 4 pid 326 nodedown time 1778225664 fence_all dlm_stonith
May 08 07:38:41 ip-172-31-35-142.eu-west-1.compute.internal dlm_controld[14899]: 2326 fence result 4 pid 326 result -1 term signal 6
May 08 07:38:41 ip-172-31-35-142.eu-west-1.compute.internal dlm_controld[14899]: 2326 fence status 4 receive -1 from 1 walltime 1778225921 local 2326
May 08 07:38:41 ip-172-31-35-142.eu-west-1.compute.internal dlm_controld[14899]: 2326 fence request 5 no actor
May 08 07:38:42 ip-172-31-35-142.eu-west-1.compute.internal dlm_controld[14899]: 2327 fence status 4 receive -1 from 2 walltime 1778225922 local 2327
May 08 07:38:42 ip-172-31-35-142.eu-west-1.compute.internal dlm_controld[14899]: 2327 fence request 5 no actor
May 08 07:38:43 ip-172-31-35-142.eu-west-1.compute.internal dlm_controld[14899]: 2328 fence status 4 receive -1 from 3 walltime 1778225923 local 2328
May 08 07:38:43 ip-172-31-35-142.eu-west-1.compute.internal dlm_controld[14899]: 2328 fence request 4 pid 344 nodedown time 1778225664 fence_all dlm_stonith
May 08 07:38:44 ip-172-31-35-142.eu-west-1.compute.internal dlm_controld[14899]: 2329 fence result 4 pid 344 result -1 term signal 6
May 08 07:38:44 ip-172-31-35-142.eu-west-1.compute.internal dlm_controld[14899]: 2329 fence status 4 receive -1 from 1 walltime 1778225924 local 2329
May 08 07:38:44 ip-172-31-35-142.eu-west-1.compute.internal dlm_controld[14899]: 2329 fence request 5 no actor
May 08 07:38:45 ip-172-31-35-142.eu-west-1.compute.internal dlm_controld[14899]: 2330 fence status 4 receive -1 from 2 walltime 1778225925 local 2330
May 08 07:38:45 ip-172-31-35-142.eu-west-1.compute.internal dlm_controld[14899]: 2330 fence request 5 no actor
May 08 07:38:46 ip-172-31-35-142.eu-west-1.compute.internal dlm_controld[14899]: 2331 fence status 4 receive -1 from 3 walltime 1778225926 local 2331
May 08 07:38:46 ip-172-31-35-142.eu-west-1.compute.internal dlm_controld[14899]: 2331 fence request 4 pid 420 nodedown time 1778225664 fence_all dlm_stonith
May 08 07:38:47 ip-172-31-35-142.eu-west-1.compute.internal dlm_controld[14899]: 2332 fence result 4 pid 420 result -1 term signal 6
May 08 07:38:47 ip-172-31-35-142.eu-west-1.compute.internal dlm_controld[14899]: 2332 fence status 4 receive -1 from 1 walltime 1778225927 local 2332
May 08 07:38:47 ip-172-31-35-142.eu-west-1.compute.internal dlm_controld[14899]: 2332 fence request 5 no actor
May 08 07:38:48 ip-172-31-35-142.eu-west-1.compute.internal dlm_controld[14899]: 2333 fence status 4 receive -1 from 2 walltime 1778225928 local 2333
May 08 07:38:48 ip-172-31-35-142.eu-west-1.compute.internal dlm_controld[14899]: 2333 fence request 5 no actor
May 08 07:38:49 ip-172-31-35-142.eu-west-1.compute.internal dlm_controld[14899]: 2334 fence status 4 receive -1 from 3 walltime 1778225929 local 2334
May 08 07:38:49 ip-172-31-35-142.eu-west-1.compute.internal dlm_controld[14899]: 2334 fence request 4 pid 437 nodedown time 1778225664 fence_all dlm_stonith
May 08 07:38:50 ip-172-31-35-142.eu-west-1.compute.internal dlm_controld[14899]: 2335 fence result 4 pid 437 result -1 term signal 6
May 08 07:38:50 ip-172-31-35-142.eu-west-1.compute.internal dlm_controld[14899]: 2335 fence status 4 receive -1 from 1 walltime 1778225930 local 2335
May 08 07:38:50 ip-172-31-35-142.eu-west-1.compute.internal dlm_controld[14899]: 2335 fence request 5 no actor
May 08 07:38:51 ip-172-31-35-142.eu-west-1.compute.internal dlm_controld[14899]: 2336 fence status 4 receive -1 from 2 walltime 1778225931 local 2336
May 08 07:38:51 ip-172-31-35-142.eu-west-1.compute.internal dlm_controld[14899]: 2336 fence request 5 no actor
May 08 07:38:52 ip-172-31-35-142.eu-west-1.compute.internal dlm_controld[14899]: 2337 fence status 4 receive -1 from 3 walltime 1778225932 local 2337
May 08 07:38:52 ip-172-31-35-142.eu-west-1.compute.internal dlm_controld[14899]: 2337 fence request 4 pid 470 nodedown time 1778225664 fence_all dlm_stonith
May 08 07:38:53 ip-172-31-35-142.eu-west-1.compute.internal dlm_controld[14899]: 2338 fence result 4 pid 470 result -1 term signal 6
May 08 07:38:53 ip-172-31-35-142.eu-west-1.compute.internal dlm_controld[14899]: 2338 fence status 4 receive -1 from 1 walltime 1778225933 local 2338
May 08 07:38:53 ip-172-31-35-142.eu-west-1.compute.internal dlm_controld[14899]: 2338 fence request 5 no actor
May 08 07:38:54 ip-172-31-35-142.eu-west-1.compute.internal dlm_controld[14899]: 2339 fence status 4 receive -1 from 2 walltime 1778225934 local 2339
May 08 07:38:54 ip-172-31-35-142.eu-west-1.compute.internal dlm_controld[14899]: 2339 fence request 5 no actor
May 08 07:38:55 ip-172-31-35-142.eu-west-1.compute.internal dlm_controld[14899]: 2340 fence status 4 receive -1 from 3 walltime 1778225935 local 2340
May 08 07:38:55 ip-172-31-35-142.eu-west-1.compute.internal dlm_controld[14899]: 2340 fence request 4 pid 528 nodedown time 1778225664 fence_all dlm_stonith
May 08 07:38:56 ip-172-31-35-142.eu-west-1.compute.internal dlm_controld[14899]: 2341 fence result 4 pid 528 result -1 term signal 6
May 08 07:38:56 ip-172-31-35-142.eu-west-1.compute.internal dlm_controld[14899]: 2341 fence status 4 receive -1 from 1 walltime 1778225936 local 2341
May 08 07:38:56 ip-172-31-35-142.eu-west-1.compute.internal dlm_controld[14899]: 2341 fence request 5 no actor
May 08 07:38:57 ip-172-31-35-142.eu-west-1.compute.internal dlm_controld[14899]: 2342 fence status 4 receive -1 from 2 walltime 1778225937 local 2342
May 08 07:38:57 ip-172-31-35-142.eu-west-1.compute.internal dlm_controld[14899]: 2342 fence request 5 no actor
May 08 07:38:58 ip-172-31-35-142.eu-west-1.compute.internal dlm_controld[14899]: 2343 fence status 4 receive -1 from 3 walltime 1778225938 local 2343
May 08 07:38:58 ip-172-31-35-142.eu-west-1.compute.internal dlm_controld[14899]: 2343 fence request 4 pid 548 nodedown time 1778225664 fence_all dlm_stonith
May 08 07:38:59 ip-172-31-35-142.eu-west-1.compute.internal dlm_controld[14899]: 2344 fence result 4 pid 548 result -1 term signal 6
May 08 07:38:59 ip-172-31-35-142.eu-west-1.compute.internal dlm_controld[14899]: 2344 fence status 4 receive -1 from 1 walltime 1778225939 local 2344
May 08 07:38:59 ip-172-31-35-142.eu-west-1.compute.internal dlm_controld[14899]: 2344 fence request 5 no actor
May 08 07:39:00 ip-172-31-35-142.eu-west-1.compute.internal dlm_controld[14899]: 2345 fence status 4 receive -1 from 2 walltime 1778225940 local 2345
May 08 07:39:00 ip-172-31-35-142.eu-west-1.compute.internal dlm_controld[14899]: 2345 fence request 5 no actor
May 08 07:39:01 ip-172-31-35-142.eu-west-1.compute.internal dlm_controld[14899]: 2346 fence status 4 receive -1 from 3 walltime 1778225941 local 2346
May 08 07:39:01 ip-172-31-35-142.eu-west-1.compute.internal dlm_controld[14899]: 2346 fence request 4 pid 565 nodedown time 1778225664 fence_all dlm_stonith
May 08 07:39:02 ip-172-31-35-142.eu-west-1.compute.internal dlm_controld[14899]: 2347 fence result 4 pid 565 result -1 term signal 6
May 08 07:39:02 ip-172-31-35-142.eu-west-1.compute.internal dlm_controld[14899]: 2347 fence status 4 receive -1 from 1 walltime 1778225942 local 2347
May 08 07:39:02 ip-172-31-35-142.eu-west-1.compute.internal dlm_controld[14899]: 2347 fence request 5 no actor
May 08 07:39:03 ip-172-31-35-142.eu-west-1.compute.internal dlm_controld[14899]: 2348 fence status 4 receive -1 from 2 walltime 1778225943 local 2348
May 08 07:39:03 ip-172-31-35-142.eu-west-1.compute.internal dlm_controld[14899]: 2348 fence request 5 no actor
May 08 07:39:04 ip-172-31-35-142.eu-west-1.compute.internal dlm_controld[14899]: 2349 fence status 4 receive -1 from 3 walltime 1778225944 local 2349
May 08 07:39:04 ip-172-31-35-142.eu-west-1.compute.internal dlm_controld[14899]: 2349 fence request 4 pid 623 nodedown time 1778225664 fence_all dlm_stonith
May 08 07:39:05 ip-172-31-35-142.eu-west-1.compute.internal dlm_controld[14899]: 2350 fence result 4 pid 623 result -1 term signal 6
May 08 07:39:05 ip-172-31-35-142.eu-west-1.compute.internal dlm_controld[14899]: 2350 fence status 4 receive -1 from 1 walltime 1778225945 local 2350
May 08 07:39:05 ip-172-31-35-142.eu-west-1.compute.internal dlm_controld[14899]: 2350 fence request 5 no actor
May 08 07:39:06 ip-172-31-35-142.eu-west-1.compute.internal dlm_controld[14899]: 2351 fence status 4 receive -1 from 2 walltime 1778225946 local 2351
May 08 07:39:06 ip-172-31-35-142.eu-west-1.compute.internal dlm_controld[14899]: 2351 fence request 5 no actor
May 08 07:39:07 ip-172-31-35-142.eu-west-1.compute.internal dlm_controld[14899]: 2352 fence status 4 receive -1 from 3 walltime 1778225947 local 2352
May 08 07:39:07 ip-172-31-35-142.eu-west-1.compute.internal dlm_controld[14899]: 2352 fence request 4 pid 641 nodedown time 1778225664 fence_all dlm_stonith
May 08 07:39:08 ip-172-31-35-142.eu-west-1.compute.internal dlm_controld[14899]: 2353 fence result 4 pid 641 result -1 term signal 6
May 08 07:39:08 ip-172-31-35-142.eu-west-1.compute.internal dlm_controld[14899]: 2353 fence status 4 receive -1 from 1 walltime 1778225948 local 2353
May 08 07:39:08 ip-172-31-35-142.eu-west-1.compute.internal dlm_controld[14899]: 2353 fence request 5 no actor
May 08 07:39:09 ip-172-31-35-142.eu-west-1.compute.internal dlm_controld[14899]: 2354 fence status 4 receive -1 from 2 walltime 1778225949 local 2354
May 08 07:39:09 ip-172-31-35-142.eu-west-1.compute.internal dlm_controld[14899]: 2354 fence request 5 no actor
May 08 07:39:10 ip-172-31-35-142.eu-west-1.compute.internal dlm_controld[14899]: 2355 fence status 4 receive -1 from 3 walltime 1778225950 local 2355
May 08 07:39:10 ip-172-31-35-142.eu-west-1.compute.internal dlm_controld[14899]: 2355 fence request 4 pid 658 nodedown time 1778225664 fence_all dlm_stonith
May 08 07:39:11 ip-172-31-35-142.eu-west-1.compute.internal dlm_controld[14899]: 2356 fence result 4 pid 658 result -1 term signal 6
May 08 07:39:11 ip-172-31-35-142.eu-west-1.compute.internal dlm_controld[14899]: 2356 fence status 4 receive -1 from 1 walltime 1778225951 local 2356
May 08 07:39:11 ip-172-31-35-142.eu-west-1.compute.internal dlm_controld[14899]: 2356 fence request 5 no actor
May 08 07:39:12 ip-172-31-35-142.eu-west-1.compute.internal dlm_controld[14899]: 2357 fence status 4 receive -1 from 2 walltime 1778225952 local 2357
May 08 07:39:12 ip-172-31-35-142.eu-west-1.compute.internal dlm_controld[14899]: 2357 fence request 5 no actor
May 08 07:39:13 ip-172-31-35-142.eu-west-1.compute.internal stonith-ng[7465]:   notice: fence_aws_off_1:30069:stderr [ /usr/lib/python3.7/site-packages/boto3/compat.py:82: PythonDeprecationWarning: Boto3 will no longer support Python 3.7 starting December 13, 2023. To continue receiving service updates, bug fixes, and security updates please upgrade to Python 3.8 or later. More information can be found here: https://aws.amazon.com/blogs/developer/python-support-policy-updates-for-aws-sdks-and-tools/ ]
May 08 07:39:13 ip-172-31-35-142.eu-west-1.compute.internal stonith-ng[7465]:   notice: fence_aws_off_1:30069:stderr [   warnings.warn(warning, PythonDeprecationWarning) ]
May 08 07:39:13 ip-172-31-35-142.eu-west-1.compute.internal stonith-ng[7465]:   notice: fence_aws_off_1:30069:stderr [ 2026-05-08 07:34:24,789 WARNING: SkipOsShutdown not supported with the current boto3 version 1.33.13 - falling back to graceful shutdown ]
May 08 07:39:13 ip-172-31-35-142.eu-west-1.compute.internal stonith-ng[7465]:  warning: fence_aws[30069] stderr: [ /usr/lib/python3.7/site-packages/boto3/compat.py:82: PythonDeprecationWarning: Boto3 will no longer support Python 3.7 starting December 13, 2023. To continue receiving service updates, bug fixes, and security updates please upgrade to Python 3.8 or later. More information can be found here: https://aws.amazon.com/blogs/developer/python-support-policy-updates-for-aws-sdks-and-tools/ ]
May 08 07:39:13 ip-172-31-35-142.eu-west-1.compute.internal stonith-ng[7465]:  warning: fence_aws[30069] stderr: [   warnings.warn(warning, PythonDeprecationWarning) ]
May 08 07:39:13 ip-172-31-35-142.eu-west-1.compute.internal stonith-ng[7465]:  warning: fence_aws[30069] stderr: [ 2026-05-08 07:34:24,789 WARNING: SkipOsShutdown not supported with the current boto3 version 1.33.13 - falling back to graceful shutdown ]
May 08 07:39:13 ip-172-31-35-142.eu-west-1.compute.internal stonith-ng[7465]:   notice: Operation 'off' [30069] (call 2 from crmd.7469) for host 'ma-host-4' with device 'clusterfence' returned: 0 (OK)
May 08 07:39:13 ip-172-31-35-142.eu-west-1.compute.internal stonith-ng[7465]:   notice: Operation 'off' targeting ma-host-4 on ma-host-1 for crmd.7469@ma-host-1.1aec4b12: OK
May 08 07:39:13 ip-172-31-35-142.eu-west-1.compute.internal crmd[7469]:   notice: Stonith operation 2/1:0:0:266d3db4-7d84-4475-9496-17473fcb733d: OK (0)
May 08 07:39:13 ip-172-31-35-142.eu-west-1.compute.internal dlm_controld[14899]: 2358 fence status 4 receive -1 from 3 walltime 1778225953 local 2358
May 08 07:39:13 ip-172-31-35-142.eu-west-1.compute.internal dlm_controld[14899]: 2358 fence request 4 pid 678 nodedown time 1778225664 fence_all dlm_stonith
May 08 07:39:13 ip-172-31-35-142.eu-west-1.compute.internal stonith-ng[7465]:   notice: fence_aws_monitor_1:669:stderr [ /usr/lib/python3.7/site-packages/boto3/compat.py:82: PythonDeprecationWarning: Boto3 will no longer support Python 3.7 starting December 13, 2023. To continue receiving service updates, bug fixes, and security updates please upgrade to Python 3.8 or later. More information can be found here: https://aws.amazon.com/blogs/developer/python-support-policy-updates-for-aws-sdks-and-tools/ ]
May 08 07:39:13 ip-172-31-35-142.eu-west-1.compute.internal stonith-ng[7465]:   notice: fence_aws_monitor_1:669:stderr [   warnings.warn(warning, PythonDeprecationWarning) ]
May 08 07:39:13 ip-172-31-35-142.eu-west-1.compute.internal stonith-ng[7465]:  warning: fence_aws[669] stderr: [ /usr/lib/python3.7/site-packages/boto3/compat.py:82: PythonDeprecationWarning: Boto3 will no longer support Python 3.7 starting December 13, 2023. To continue receiving service updates, bug fixes, and security updates please upgrade to Python 3.8 or later. More information can be found here: https://aws.amazon.com/blogs/developer/python-support-policy-updates-for-aws-sdks-and-tools/ ]
May 08 07:39:13 ip-172-31-35-142.eu-west-1.compute.internal stonith-ng[7465]:  warning: fence_aws[669] stderr: [   warnings.warn(warning, PythonDeprecationWarning) ]
May 08 07:39:14 ip-172-31-35-142.eu-west-1.compute.internal dlm_controld[14899]: 2359 fence result 4 pid 678 result -1 term signal 6
May 08 07:39:14 ip-172-31-35-142.eu-west-1.compute.internal dlm_controld[14899]: 2359 fence status 4 receive -1 from 1 walltime 1778225954 local 2359
May 08 07:39:14 ip-172-31-35-142.eu-west-1.compute.internal dlm_controld[14899]: 2359 fence request 5 no actor
May 08 07:39:15 ip-172-31-35-142.eu-west-1.compute.internal dlm_controld[14899]: 2360 fence status 4 receive -1 from 2 walltime 1778225955 local 2360
May 08 07:39:15 ip-172-31-35-142.eu-west-1.compute.internal dlm_controld[14899]: 2360 fence request 5 no actor
May 08 07:39:16 ip-172-31-35-142.eu-west-1.compute.internal dlm_controld[14899]: 2361 fence status 4 receive -1 from 3 walltime 1778225956 local 2361
May 08 07:39:16 ip-172-31-35-142.eu-west-1.compute.internal dlm_controld[14899]: 2361 fence request 4 pid 750 nodedown time 1778225664 fence_all dlm_stonith
May 08 07:39:17 ip-172-31-35-142.eu-west-1.compute.internal dlm_controld[14899]: 2362 fence result 4 pid 750 result -1 term signal 6
May 08 07:39:17 ip-172-31-35-142.eu-west-1.compute.internal dlm_controld[14899]: 2362 fence status 4 receive -1 from 1 walltime 1778225957 local 2362
May 08 07:39:17 ip-172-31-35-142.eu-west-1.compute.internal dlm_controld[14899]: 2362 fence request 5 no actor
May 08 07:39:18 ip-172-31-35-142.eu-west-1.compute.internal dlm_controld[14899]: 2363 fence status 4 receive -1 from 2 walltime 1778225958 local 2363
May 08 07:39:18 ip-172-31-35-142.eu-west-1.compute.internal dlm_controld[14899]: 2363 fence request 5 no actor
May 08 07:39:19 ip-172-31-35-142.eu-west-1.compute.internal dlm_controld[14899]: 2364 fence status 4 receive -1 from 3 walltime 1778225959 local 2364
May 08 07:39:19 ip-172-31-35-142.eu-west-1.compute.internal dlm_controld[14899]: 2364 fence request 4 pid 769 nodedown time 1778225664 fence_all dlm_stonith
May 08 07:39:20 ip-172-31-35-142.eu-west-1.compute.internal dlm_controld[14899]: 2365 fence result 4 pid 769 result -1 term signal 6
May 08 07:39:20 ip-172-31-35-142.eu-west-1.compute.internal dlm_controld[14899]: 2365 fence status 4 receive -1 from 1 walltime 1778225960 local 2365
May 08 07:39:20 ip-172-31-35-142.eu-west-1.compute.internal dlm_controld[14899]: 2365 fence request 5 no actor
May 08 07:39:21 ip-172-31-35-142.eu-west-1.compute.internal dlm_controld[14899]: 2366 fence status 4 receive -1 from 2 walltime 1778225961 local 2366
May 08 07:39:21 ip-172-31-35-142.eu-west-1.compute.internal dlm_controld[14899]: 2366 fence request 5 no actor
May 08 07:39:22 ip-172-31-35-142.eu-west-1.compute.internal dlm_controld[14899]: 2367 fence status 4 receive -1 from 3 walltime 1778225962 local 2367
May 08 07:39:22 ip-172-31-35-142.eu-west-1.compute.internal dlm_controld[14899]: 2367 fence request 4 pid 803 nodedown time 1778225664 fence_all dlm_stonith
May 08 07:39:23 ip-172-31-35-142.eu-west-1.compute.internal dlm_controld[14899]: 2368 fence result 4 pid 803 result -1 term signal 6
May 08 07:39:23 ip-172-31-35-142.eu-west-1.compute.internal dlm_controld[14899]: 2368 fence status 4 receive -1 from 1 walltime 1778225963 local 2368
May 08 07:39:23 ip-172-31-35-142.eu-west-1.compute.internal dlm_controld[14899]: 2368 fence request 5 no actor
May 08 07:39:24 ip-172-31-35-142.eu-west-1.compute.internal dlm_controld[14899]: 2369 fence status 4 receive -1 from 2 walltime 1778225964 local 2369
May 08 07:39:24 ip-172-31-35-142.eu-west-1.compute.internal dlm_controld[14899]: 2369 fence request 5 no actor
May 08 07:39:25 ip-172-31-35-142.eu-west-1.compute.internal dlm_controld[14899]: 2370 fence status 4 receive -1 from 3 walltime 1778225965 local 2370
May 08 07:39:25 ip-172-31-35-142.eu-west-1.compute.internal dlm_controld[14899]: 2370 fence request 4 pid 862 nodedown time 1778225664 fence_all dlm_stonith
May 08 07:39:26 ip-172-31-35-142.eu-west-1.compute.internal dlm_controld[14899]: 2372 fence result 4 pid 862 result -1 term signal 6
May 08 07:39:26 ip-172-31-35-142.eu-west-1.compute.internal dlm_controld[14899]: 2372 fence status 4 receive -1 from 1 walltime 1778225966 local 2372
May 08 07:39:26 ip-172-31-35-142.eu-west-1.compute.internal dlm_controld[14899]: 2372 fence request 5 no actor
May 08 07:39:27 ip-172-31-35-142.eu-west-1.compute.internal dlm_controld[14899]: 2373 fence status 4 receive -1 from 2 walltime 1778225967 local 2373
May 08 07:39:27 ip-172-31-35-142.eu-west-1.compute.internal dlm_controld[14899]: 2373 fence request 5 no actor
May 08 07:39:28 ip-172-31-35-142.eu-west-1.compute.internal dlm_controld[14899]: 2374 fence status 4 receive -1 from 3 walltime 1778225968 local 2374
May 08 07:39:28 ip-172-31-35-142.eu-west-1.compute.internal dlm_controld[14899]: 2374 fence request 4 pid 879 nodedown time 1778225664 fence_all dlm_stonith
May 08 07:39:29 ip-172-31-35-142.eu-west-1.compute.internal dlm_controld[14899]: 2375 fence result 4 pid 879 result -1 term signal 6
May 08 07:39:29 ip-172-31-35-142.eu-west-1.compute.internal dlm_controld[14899]: 2375 fence status 4 receive -1 from 1 walltime 1778225969 local 2375
May 08 07:39:29 ip-172-31-35-142.eu-west-1.compute.internal dlm_controld[14899]: 2375 fence request 5 no actor
May 08 07:39:30 ip-172-31-35-142.eu-west-1.compute.internal dlm_controld[14899]: 2376 fence status 4 receive -1 from 2 walltime 1778225970 local 2376
May 08 07:39:30 ip-172-31-35-142.eu-west-1.compute.internal dlm_controld[14899]: 2376 fence request 5 no actor
May 08 07:39:31 ip-172-31-35-142.eu-west-1.compute.internal dlm_controld[14899]: 2377 fence status 4 receive -1 from 3 walltime 1778225971 local 2377
May 08 07:39:31 ip-172-31-35-142.eu-west-1.compute.internal dlm_controld[14899]: 2377 fence request 4 pid 896 nodedown time 1778225664 fence_all dlm_stonith
May 08 07:39:32 ip-172-31-35-142.eu-west-1.compute.internal dlm_controld[14899]: 2378 fence result 4 pid 896 result -1 term signal 6
May 08 07:39:32 ip-172-31-35-142.eu-west-1.compute.internal dlm_controld[14899]: 2378 fence status 4 receive -1 from 1 walltime 1778225972 local 2378
May 08 07:39:32 ip-172-31-35-142.eu-west-1.compute.internal dlm_controld[14899]: 2378 fence request 5 no actor
May 08 07:39:33 ip-172-31-35-142.eu-west-1.compute.internal dlm_controld[14899]: 2379 fence status 4 receive -1 from 2 walltime 1778225973 local 2379
May 08 07:39:33 ip-172-31-35-142.eu-west-1.compute.internal dlm_controld[14899]: 2379 fence request 5 no actor
May 08 07:39:34 ip-172-31-35-142.eu-west-1.compute.internal dlm_controld[14899]: 2380 fence status 4 receive -1 from 3 walltime 1778225974 local 2380
May 08 07:39:34 ip-172-31-35-142.eu-west-1.compute.internal dlm_controld[14899]: 2380 fence request 4 pid 954 nodedown time 1778225664 fence_all dlm_stonith
May 08 07:39:35 ip-172-31-35-142.eu-west-1.compute.internal dlm_controld[14899]: 2381 fence result 4 pid 954 result -1 term signal 6
May 08 07:39:35 ip-172-31-35-142.eu-west-1.compute.internal dlm_controld[14899]: 2381 fence status 4 receive -1 from 1 walltime 1778225975 local 2381
May 08 07:39:35 ip-172-31-35-142.eu-west-1.compute.internal dlm_controld[14899]: 2381 fence request 5 no actor
May 08 07:39:36 ip-172-31-35-142.eu-west-1.compute.internal dlm_controld[14899]: 2382 fence status 4 receive -1 from 2 walltime 1778225976 local 2382
May 08 07:39:36 ip-172-31-35-142.eu-west-1.compute.internal dlm_controld[14899]: 2382 fence request 5 no actor
May 08 07:39:37 ip-172-31-35-142.eu-west-1.compute.internal dlm_controld[14899]: 2383 fence status 4 receive -1 from 3 walltime 1778225977 local 2383
May 08 07:39:37 ip-172-31-35-142.eu-west-1.compute.internal dlm_controld[14899]: 2383 fence request 4 pid 971 nodedown time 1778225664 fence_all dlm_stonith
May 08 07:39:38 ip-172-31-35-142.eu-west-1.compute.internal dlm_controld[14899]: 2384 fence result 4 pid 971 result -1 term signal 6
May 08 07:39:38 ip-172-31-35-142.eu-west-1.compute.internal dlm_controld[14899]: 2384 fence status 4 receive -1 from 1 walltime 1778225978 local 2384
May 08 07:39:38 ip-172-31-35-142.eu-west-1.compute.internal dlm_controld[14899]: 2384 fence request 5 no actor
May 08 07:39:39 ip-172-31-35-142.eu-west-1.compute.internal dlm_controld[14899]: 2385 fence status 4 receive -1 from 2 walltime 1778225979 local 2385
May 08 07:39:39 ip-172-31-35-142.eu-west-1.compute.internal dlm_controld[14899]: 2385 fence request 5 no actor
May 08 07:39:40 ip-172-31-35-142.eu-west-1.compute.internal dlm_controld[14899]: 2386 fence status 4 receive -1 from 3 walltime 1778225980 local 2386
May 08 07:39:40 ip-172-31-35-142.eu-west-1.compute.internal dlm_controld[14899]: 2386 fence request 4 pid 988 nodedown time 1778225664 fence_all dlm_stonith
May 08 07:39:41 ip-172-31-35-142.eu-west-1.compute.internal dlm_controld[14899]: 2387 fence result 4 pid 988 result -1 term signal 6
May 08 07:39:41 ip-172-31-35-142.eu-west-1.compute.internal dlm_controld[14899]: 2387 fence status 4 receive -1 from 1 walltime 1778225981 local 2387
May 08 07:39:41 ip-172-31-35-142.eu-west-1.compute.internal dlm_controld[14899]: 2387 fence request 5 no actor
May 08 07:39:42 ip-172-31-35-142.eu-west-1.compute.internal dlm_controld[14899]: 2388 fence status 4 receive -1 from 2 walltime 1778225982 local 2388
May 08 07:39:42 ip-172-31-35-142.eu-west-1.compute.internal dlm_controld[14899]: 2388 fence request 5 no actor
May 08 07:39:43 ip-172-31-35-142.eu-west-1.compute.internal dlm_controld[14899]: 2389 fence status 4 receive -1 from 3 walltime 1778225983 local 2389
May 08 07:39:43 ip-172-31-35-142.eu-west-1.compute.internal dlm_controld[14899]: 2389 fence request 4 pid 1006 nodedown time 1778225664 fence_all dlm_stonith
May 08 07:39:44 ip-172-31-35-142.eu-west-1.compute.internal dlm_controld[14899]: 2390 fence result 4 pid 1006 result -1 term signal 6
May 08 07:39:44 ip-172-31-35-142.eu-west-1.compute.internal dlm_controld[14899]: 2390 fence status 4 receive -1 from 1 walltime 1778225984 local 2390
May 08 07:39:44 ip-172-31-35-142.eu-west-1.compute.internal dlm_controld[14899]: 2390 fence request 5 no actor
May 08 07:39:45 ip-172-31-35-142.eu-west-1.compute.internal dlm_controld[14899]: 2391 fence status 4 receive -1 from 2 walltime 1778225985 local 2391
May 08 07:39:45 ip-172-31-35-142.eu-west-1.compute.internal dlm_controld[14899]: 2391 fence request 5 no actor
May 08 07:39:46 ip-172-31-35-142.eu-west-1.compute.internal dlm_controld[14899]: 2392 fence status 4 receive -1 from 3 walltime 1778225986 local 2392
May 08 07:39:46 ip-172-31-35-142.eu-west-1.compute.internal dlm_controld[14899]: 2392 fence request 4 pid 1085 nodedown time 1778225664 fence_all dlm_stonith
May 08 07:39:47 ip-172-31-35-142.eu-west-1.compute.internal dlm_controld[14899]: 2393 fence result 4 pid 1085 result -1 term signal 6
May 08 07:39:47 ip-172-31-35-142.eu-west-1.compute.internal dlm_controld[14899]: 2393 fence status 4 receive -1 from 1 walltime 1778225987 local 2393
May 08 07:39:47 ip-172-31-35-142.eu-west-1.compute.internal dlm_controld[14899]: 2393 fence request 5 no actor
May 08 07:39:48 ip-172-31-35-142.eu-west-1.compute.internal dlm_controld[14899]: 2394 fence status 4 receive -1 from 2 walltime 1778225988 local 2394
May 08 07:39:48 ip-172-31-35-142.eu-west-1.compute.internal dlm_controld[14899]: 2394 fence request 5 no actor
May 08 07:39:49 ip-172-31-35-142.eu-west-1.compute.internal dlm_controld[14899]: 2395 fence status 4 receive -1 from 3 walltime 1778225989 local 2395
May 08 07:39:49 ip-172-31-35-142.eu-west-1.compute.internal dlm_controld[14899]: 2395 fence request 4 pid 1102 nodedown time 1778225664 fence_all dlm_stonith
May 08 07:39:50 ip-172-31-35-142.eu-west-1.compute.internal dlm_controld[14899]: 2396 fence result 4 pid 1102 result -1 term signal 6
May 08 07:39:50 ip-172-31-35-142.eu-west-1.compute.internal dlm_controld[14899]: 2396 fence status 4 receive -1 from 1 walltime 1778225990 local 2396
May 08 07:39:50 ip-172-31-35-142.eu-west-1.compute.internal dlm_controld[14899]: 2396 fence request 5 no actor
May 08 07:39:51 ip-172-31-35-142.eu-west-1.compute.internal dlm_controld[14899]: 2397 fence status 4 receive -1 from 2 walltime 1778225991 local 2397
May 08 07:39:51 ip-172-31-35-142.eu-west-1.compute.internal dlm_controld[14899]: 2397 fence request 5 no actor
May 08 07:39:52 ip-172-31-35-142.eu-west-1.compute.internal dlm_controld[14899]: 2398 fence status 4 receive -1 from 3 walltime 1778225992 local 2398
May 08 07:39:52 ip-172-31-35-142.eu-west-1.compute.internal dlm_controld[14899]: 2398 fence request 4 pid 1135 nodedown time 1778225664 fence_all dlm_stonith
May 08 07:39:53 ip-172-31-35-142.eu-west-1.compute.internal dlm_controld[14899]: 2399 fence result 4 pid 1135 result -1 term signal 6
May 08 07:39:53 ip-172-31-35-142.eu-west-1.compute.internal dlm_controld[14899]: 2399 fence status 4 receive -1 from 1 walltime 1778225993 local 2399
May 08 07:39:53 ip-172-31-35-142.eu-west-1.compute.internal dlm_controld[14899]: 2399 fence request 5 no actor
May 08 07:39:54 ip-172-31-35-142.eu-west-1.compute.internal dlm_controld[14899]: 2400 fence status 4 receive -1 from 2 walltime 1778225994 local 2400
May 08 07:39:54 ip-172-31-35-142.eu-west-1.compute.internal dlm_controld[14899]: 2400 fence request 5 no actor
May 08 07:39:55 ip-172-31-35-142.eu-west-1.compute.internal dlm_controld[14899]: 2401 fence status 4 receive -1 from 3 walltime 1778225995 local 2401
May 08 07:39:55 ip-172-31-35-142.eu-west-1.compute.internal dlm_controld[14899]: 2401 fence request 4 pid 1215 nodedown time 1778225664 fence_all dlm_stonith
May 08 07:39:56 ip-172-31-35-142.eu-west-1.compute.internal dlm_controld[14899]: 2402 fence result 4 pid 1215 result -1 term signal 6
May 08 07:39:56 ip-172-31-35-142.eu-west-1.compute.internal dlm_controld[14899]: 2402 fence status 4 receive -1 from 1 walltime 1778225996 local 2402
May 08 07:39:56 ip-172-31-35-142.eu-west-1.compute.internal dlm_controld[14899]: 2402 fence request 5 no actor
May 08 07:39:57 ip-172-31-35-142.eu-west-1.compute.internal dlm_controld[14899]: 2403 fence status 4 receive -1 from 2 walltime 1778225997 local 2403
May 08 07:39:57 ip-172-31-35-142.eu-west-1.compute.internal dlm_controld[14899]: 2403 fence request 5 no actor
May 08 07:39:58 ip-172-31-35-142.eu-west-1.compute.internal dlm_controld[14899]: 2404 fence status 4 receive -1 from 3 walltime 1778225998 local 2404
May 08 07:39:58 ip-172-31-35-142.eu-west-1.compute.internal dlm_controld[14899]: 2404 fence request 4 pid 1240 nodedown time 1778225664 fence_all dlm_stonith
May 08 07:39:59 ip-172-31-35-142.eu-west-1.compute.internal dlm_controld[14899]: 2405 fence result 4 pid 1240 result -1 term signal 6
May 08 07:39:59 ip-172-31-35-142.eu-west-1.compute.internal dlm_controld[14899]: 2405 fence status 4 receive -1 from 1 walltime 1778225999 local 2405
May 08 07:39:59 ip-172-31-35-142.eu-west-1.compute.internal dlm_controld[14899]: 2405 fence request 5 no actor
May 08 07:40:00 ip-172-31-35-142.eu-west-1.compute.internal dlm_controld[14899]: 2406 fence status 4 receive -1 from 2 walltime 1778226000 local 2406
May 08 07:40:00 ip-172-31-35-142.eu-west-1.compute.internal dlm_controld[14899]: 2406 fence request 5 no actor
May 08 07:40:01 ip-172-31-35-142.eu-west-1.compute.internal dlm_controld[14899]: 2407 fence status 4 receive -1 from 3 walltime 1778226001 local 2407
May 08 07:40:01 ip-172-31-35-142.eu-west-1.compute.internal dlm_controld[14899]: 2407 fence request 4 pid 1264 nodedown time 1778225664 fence_all dlm_stonith
May 08 07:40:02 ip-172-31-35-142.eu-west-1.compute.internal dlm_controld[14899]: 2408 fence result 4 pid 1264 result -1 term signal 6
May 08 07:40:02 ip-172-31-35-142.eu-west-1.compute.internal dlm_controld[14899]: 2408 fence status 4 receive -1 from 1 walltime 1778226002 local 2408
May 08 07:40:02 ip-172-31-35-142.eu-west-1.compute.internal dlm_controld[14899]: 2408 fence request 5 no actor
May 08 07:40:03 ip-172-31-35-142.eu-west-1.compute.internal dlm_controld[14899]: 2409 fence status 4 receive -1 from 2 walltime 1778226003 local 2409
May 08 07:40:03 ip-172-31-35-142.eu-west-1.compute.internal dlm_controld[14899]: 2409 fence request 5 no actor
May 08 07:40:04 ip-172-31-35-142.eu-west-1.compute.internal dlm_controld[14899]: 2410 fence status 4 receive -1 from 3 walltime 1778226004 local 2410
May 08 07:40:04 ip-172-31-35-142.eu-west-1.compute.internal dlm_controld[14899]: 2410 fence request 4 pid 1322 nodedown time 1778225664 fence_all dlm_stonith
May 08 07:40:05 ip-172-31-35-142.eu-west-1.compute.internal dlm_controld[14899]: 2411 fence result 4 pid 1322 result -1 term signal 6
May 08 07:40:05 ip-172-31-35-142.eu-west-1.compute.internal dlm_controld[14899]: 2411 fence status 4 receive -1 from 1 walltime 1778226005 local 2411
May 08 07:40:05 ip-172-31-35-142.eu-west-1.compute.internal dlm_controld[14899]: 2411 fence request 5 no actor
May 08 07:40:06 ip-172-31-35-142.eu-west-1.compute.internal dlm_controld[14899]: 2412 fence status 4 receive -1 from 2 walltime 1778226006 local 2412
May 08 07:40:06 ip-172-31-35-142.eu-west-1.compute.internal dlm_controld[14899]: 2412 fence request 5 no actor
May 08 07:40:07 ip-172-31-35-142.eu-west-1.compute.internal dlm_controld[14899]: 2413 fence status 4 receive -1 from 3 walltime 1778226007 local 2413
May 08 07:40:07 ip-172-31-35-142.eu-west-1.compute.internal dlm_controld[14899]: 2413 fence request 4 pid 1339 nodedown time 1778225664 fence_all dlm_stonith
May 08 07:40:08 ip-172-31-35-142.eu-west-1.compute.internal dlm_controld[14899]: 2414 fence result 4 pid 1339 result -1 term signal 6
May 08 07:40:08 ip-172-31-35-142.eu-west-1.compute.internal dlm_controld[14899]: 2414 fence status 4 receive -1 from 1 walltime 1778226008 local 2414
May 08 07:40:08 ip-172-31-35-142.eu-west-1.compute.internal dlm_controld[14899]: 2414 fence request 5 no actor
May 08 07:40:09 ip-172-31-35-142.eu-west-1.compute.internal dlm_controld[14899]: 2415 fence status 4 receive -1 from 2 walltime 1778226009 local 2415
May 08 07:40:09 ip-172-31-35-142.eu-west-1.compute.internal dlm_controld[14899]: 2415 fence request 5 no actor
May 08 07:40:10 ip-172-31-35-142.eu-west-1.compute.internal dlm_controld[14899]: 2416 fence status 4 receive -1 from 3 walltime 1778226010 local 2416
May 08 07:40:10 ip-172-31-35-142.eu-west-1.compute.internal dlm_controld[14899]: 2416 fence request 4 pid 1356 nodedown time 1778225664 fence_all dlm_stonith
May 08 07:40:11 ip-172-31-35-142.eu-west-1.compute.internal dlm_controld[14899]: 2417 fence result 4 pid 1356 result -1 term signal 6
May 08 07:40:11 ip-172-31-35-142.eu-west-1.compute.internal dlm_controld[14899]: 2417 fence status 4 receive -1 from 1 walltime 1778226011 local 2417
May 08 07:40:11 ip-172-31-35-142.eu-west-1.compute.internal dlm_controld[14899]: 2417 fence request 5 no actor
May 08 07:40:12 ip-172-31-35-142.eu-west-1.compute.internal dlm_controld[14899]: 2418 fence status 4 receive -1 from 2 walltime 1778226012 local 2418
May 08 07:40:12 ip-172-31-35-142.eu-west-1.compute.internal dlm_controld[14899]: 2418 fence request 5 no actor
May 08 07:40:13 ip-172-31-35-142.eu-west-1.compute.internal dlm_controld[14899]: 2419 fence status 4 receive -1 from 3 walltime 1778226013 local 2419
May 08 07:40:13 ip-172-31-35-142.eu-west-1.compute.internal dlm_controld[14899]: 2419 fence request 4 pid 1376 nodedown time 1778225664 fence_all dlm_stonith
May 08 07:40:14 ip-172-31-35-142.eu-west-1.compute.internal stonith-ng[7465]:   notice: fence_aws_monitor_1:1373:stderr [ /usr/lib/python3.7/site-packages/boto3/compat.py:82: PythonDeprecationWarning: Boto3 will no longer support Python 3.7 starting December 13, 2023. To continue receiving service updates, bug fixes, and security updates please upgrade to Python 3.8 or later. More information can be found here: https://aws.amazon.com/blogs/developer/python-support-policy-updates-for-aws-sdks-and-tools/ ]
May 08 07:40:14 ip-172-31-35-142.eu-west-1.compute.internal stonith-ng[7465]:   notice: fence_aws_monitor_1:1373:stderr [   warnings.warn(warning, PythonDeprecationWarning) ]
May 08 07:40:14 ip-172-31-35-142.eu-west-1.compute.internal stonith-ng[7465]:  warning: fence_aws[1373] stderr: [ /usr/lib/python3.7/site-packages/boto3/compat.py:82: PythonDeprecationWarning: Boto3 will no longer support Python 3.7 starting December 13, 2023. To continue receiving service updates, bug fixes, and security updates please upgrade to Python 3.8 or later. More information can be found here: https://aws.amazon.com/blogs/developer/python-support-policy-updates-for-aws-sdks-and-tools/ ]
May 08 07:40:14 ip-172-31-35-142.eu-west-1.compute.internal stonith-ng[7465]:  warning: fence_aws[1373] stderr: [   warnings.warn(warning, PythonDeprecationWarning) ]
May 08 07:40:15 ip-172-31-35-142.eu-west-1.compute.internal dlm_controld[14899]: 2420 fence result 4 pid 1376 result -1 term signal 6
May 08 07:40:15 ip-172-31-35-142.eu-west-1.compute.internal dlm_controld[14899]: 2420 fence status 4 receive -1 from 1 walltime 1778226015 local 2420
May 08 07:40:15 ip-172-31-35-142.eu-west-1.compute.internal dlm_controld[14899]: 2420 fence request 5 no actor
May 08 07:40:16 ip-172-31-35-142.eu-west-1.compute.internal dlm_controld[14899]: 2421 fence status 4 receive -1 from 2 walltime 1778226016 local 2421
May 08 07:40:16 ip-172-31-35-142.eu-west-1.compute.internal dlm_controld[14899]: 2421 fence request 5 no actor
May 08 07:40:17 ip-172-31-35-142.eu-west-1.compute.internal dlm_controld[14899]: 2422 fence status 4 receive -1 from 3 walltime 1778226017 local 2422
May 08 07:40:17 ip-172-31-35-142.eu-west-1.compute.internal dlm_controld[14899]: 2422 fence request 4 pid 1452 nodedown time 1778225664 fence_all dlm_stonith
May 08 07:40:18 ip-172-31-35-142.eu-west-1.compute.internal dlm_controld[14899]: 2423 fence result 4 pid 1452 result -1 term signal 6
May 08 07:40:18 ip-172-31-35-142.eu-west-1.compute.internal dlm_controld[14899]: 2423 fence status 4 receive -1 from 1 walltime 1778226018 local 2423
May 08 07:40:18 ip-172-31-35-142.eu-west-1.compute.internal dlm_controld[14899]: 2423 fence request 5 no actor
May 08 07:40:19 ip-172-31-35-142.eu-west-1.compute.internal dlm_controld[14899]: 2424 fence status 4 receive -1 from 2 walltime 1778226019 local 2424
May 08 07:40:19 ip-172-31-35-142.eu-west-1.compute.internal dlm_controld[14899]: 2424 fence request 5 no actor
May 08 07:40:20 ip-172-31-35-142.eu-west-1.compute.internal dlm_controld[14899]: 2425 fence status 4 receive -1 from 3 walltime 1778226020 local 2425
May 08 07:40:20 ip-172-31-35-142.eu-west-1.compute.internal dlm_controld[14899]: 2425 fence request 4 pid 1469 nodedown time 1778225664 fence_all dlm_stonith
May 08 07:40:21 ip-172-31-35-142.eu-west-1.compute.internal dlm_controld[14899]: 2426 fence result 4 pid 1469 result -1 term signal 6
May 08 07:40:21 ip-172-31-35-142.eu-west-1.compute.internal dlm_controld[14899]: 2426 fence status 4 receive -1 from 1 walltime 1778226021 local 2426
May 08 07:40:21 ip-172-31-35-142.eu-west-1.compute.internal dlm_controld[14899]: 2426 fence request 5 no actor
May 08 07:40:22 ip-172-31-35-142.eu-west-1.compute.internal dlm_controld[14899]: 2427 fence status 4 receive -1 from 2 walltime 1778226022 local 2427
May 08 07:40:22 ip-172-31-35-142.eu-west-1.compute.internal dlm_controld[14899]: 2427 fence request 5 no actor
May 08 07:40:23 ip-172-31-35-142.eu-west-1.compute.internal dlm_controld[14899]: 2428 fence status 4 receive -1 from 3 walltime 1778226023 local 2428
May 08 07:40:23 ip-172-31-35-142.eu-west-1.compute.internal dlm_controld[14899]: 2428 fence request 4 pid 1500 nodedown time 1778225664 fence_all dlm_stonith
May 08 07:40:24 ip-172-31-35-142.eu-west-1.compute.internal dlm_controld[14899]: 2429 fence result 4 pid 1500 result -1 term signal 6
May 08 07:40:24 ip-172-31-35-142.eu-west-1.compute.internal dlm_controld[14899]: 2429 fence status 4 receive -1 from 1 walltime 1778226024 local 2429
May 08 07:40:24 ip-172-31-35-142.eu-west-1.compute.internal dlm_controld[14899]: 2429 fence request 5 no actor
May 08 07:40:25 ip-172-31-35-142.eu-west-1.compute.internal dlm_controld[14899]: 2430 fence status 4 receive -1 from 2 walltime 1778226025 local 2430
May 08 07:40:25 ip-172-31-35-142.eu-west-1.compute.internal dlm_controld[14899]: 2430 fence request 5 no actor
May 08 07:40:26 ip-172-31-35-142.eu-west-1.compute.internal dlm_controld[14899]: 2431 fence status 4 receive -1 from 3 walltime 1778226026 local 2431
May 08 07:40:26 ip-172-31-35-142.eu-west-1.compute.internal dlm_controld[14899]: 2431 fence request 4 pid 1554 nodedown time 1778225664 fence_all dlm_stonith
May 08 07:40:27 ip-172-31-35-142.eu-west-1.compute.internal dlm_controld[14899]: 2432 fence result 4 pid 1554 result -1 term signal 6
May 08 07:40:27 ip-172-31-35-142.eu-west-1.compute.internal dlm_controld[14899]: 2432 fence status 4 receive -1 from 1 walltime 1778226027 local 2432
May 08 07:40:27 ip-172-31-35-142.eu-west-1.compute.internal dlm_controld[14899]: 2432 fence request 5 no actor
May 08 07:40:28 ip-172-31-35-142.eu-west-1.compute.internal dlm_controld[14899]: 2433 fence status 4 receive -1 from 2 walltime 1778226028 local 2433
May 08 07:40:28 ip-172-31-35-142.eu-west-1.compute.internal dlm_controld[14899]: 2433 fence request 5 no actor
May 08 07:40:29 ip-172-31-35-142.eu-west-1.compute.internal dlm_controld[14899]: 2434 fence status 4 receive -1 from 3 walltime 1778226029 local 2434
May 08 07:40:29 ip-172-31-35-142.eu-west-1.compute.internal dlm_controld[14899]: 2434 fence request 4 pid 1571 nodedown time 1778225664 fence_all dlm_stonith
May 08 07:40:30 ip-172-31-35-142.eu-west-1.compute.internal dlm_controld[14899]: 2435 fence result 4 pid 1571 result -1 term signal 6
May 08 07:40:30 ip-172-31-35-142.eu-west-1.compute.internal dlm_controld[14899]: 2435 fence status 4 receive -1 from 1 walltime 1778226030 local 2435
May 08 07:40:30 ip-172-31-35-142.eu-west-1.compute.internal dlm_controld[14899]: 2435 fence request 5 no actor
May 08 07:40:31 ip-172-31-35-142.eu-west-1.compute.internal dlm_controld[14899]: 2436 fence status 4 receive -1 from 2 walltime 1778226031 local 2436
May 08 07:40:31 ip-172-31-35-142.eu-west-1.compute.internal dlm_controld[14899]: 2436 fence request 5 no actor
May 08 07:40:32 ip-172-31-35-142.eu-west-1.compute.internal dlm_controld[14899]: 2437 fence status 4 receive -1 from 3 walltime 1778226032 local 2437
May 08 07:40:32 ip-172-31-35-142.eu-west-1.compute.internal dlm_controld[14899]: 2437 fence request 4 pid 1588 nodedown time 1778225664 fence_all dlm_stonith
May 08 07:40:33 ip-172-31-35-142.eu-west-1.compute.internal dlm_controld[14899]: 2438 fence result 4 pid 1588 result -1 term signal 6
May 08 07:40:33 ip-172-31-35-142.eu-west-1.compute.internal dlm_controld[14899]: 2438 fence status 4 receive -1 from 1 walltime 1778226033 local 2438
May 08 07:40:33 ip-172-31-35-142.eu-west-1.compute.internal dlm_controld[14899]: 2438 fence request 5 no actor
May 08 07:40:34 ip-172-31-35-142.eu-west-1.compute.internal dlm_controld[14899]: 2439 fence status 4 receive -1 from 2 walltime 1778226034 local 2439
May 08 07:40:34 ip-172-31-35-142.eu-west-1.compute.internal dlm_controld[14899]: 2439 fence request 5 no actor
May 08 07:40:35 ip-172-31-35-142.eu-west-1.compute.internal dlm_controld[14899]: 2440 fence status 4 receive -1 from 3 walltime 1778226035 local 2440
May 08 07:40:35 ip-172-31-35-142.eu-west-1.compute.internal dlm_controld[14899]: 2440 fence request 4 pid 1646 nodedown time 1778225664 fence_all dlm_stonith
May 08 07:40:36 ip-172-31-35-142.eu-west-1.compute.internal dlm_controld[14899]: 2441 fence result 4 pid 1646 result -1 term signal 6
May 08 07:40:36 ip-172-31-35-142.eu-west-1.compute.internal dlm_controld[14899]: 2441 fence status 4 receive -1 from 1 walltime 1778226036 local 2441
May 08 07:40:36 ip-172-31-35-142.eu-west-1.compute.internal dlm_controld[14899]: 2441 fence request 5 no actor
May 08 07:40:37 ip-172-31-35-142.eu-west-1.compute.internal dlm_controld[14899]: 2442 fence status 4 receive -1 from 2 walltime 1778226037 local 2442
May 08 07:40:37 ip-172-31-35-142.eu-west-1.compute.internal dlm_controld[14899]: 2442 fence request 5 no actor
May 08 07:40:38 ip-172-31-35-142.eu-west-1.compute.internal dlm_controld[14899]: 2443 fence status 4 receive -1 from 3 walltime 1778226038 local 2443
May 08 07:40:38 ip-172-31-35-142.eu-west-1.compute.internal dlm_controld[14899]: 2443 fence request 4 pid 1663 nodedown time 1778225664 fence_all dlm_stonith
May 08 07:40:39 ip-172-31-35-142.eu-west-1.compute.internal dlm_controld[14899]: 2444 fence result 4 pid 1663 result -1 term signal 6
May 08 07:40:39 ip-172-31-35-142.eu-west-1.compute.internal dlm_controld[14899]: 2444 fence status 4 receive -1 from 1 walltime 1778226039 local 2444
May 08 07:40:39 ip-172-31-35-142.eu-west-1.compute.internal dlm_controld[14899]: 2444 fence request 5 no actor
May 08 07:40:40 ip-172-31-35-142.eu-west-1.compute.internal dlm_controld[14899]: 2445 fence status 4 receive -1 from 2 walltime 1778226040 local 2445
May 08 07:40:40 ip-172-31-35-142.eu-west-1.compute.internal dlm_controld[14899]: 2445 fence request 5 no actor
May 08 07:40:41 ip-172-31-35-142.eu-west-1.compute.internal dlm_controld[14899]: 2446 fence status 4 receive -1 from 3 walltime 1778226041 local 2446
May 08 07:40:41 ip-172-31-35-142.eu-west-1.compute.internal dlm_controld[14899]: 2446 fence request 4 pid 1680 nodedown time 1778225664 fence_all dlm_stonith
May 08 07:40:42 ip-172-31-35-142.eu-west-1.compute.internal dlm_controld[14899]: 2447 fence result 4 pid 1680 result -1 term signal 6
May 08 07:40:42 ip-172-31-35-142.eu-west-1.compute.internal dlm_controld[14899]: 2447 fence status 4 receive -1 from 1 walltime 1778226042 local 2447
May 08 07:40:42 ip-172-31-35-142.eu-west-1.compute.internal dlm_controld[14899]: 2447 fence request 5 no actor
May 08 07:40:43 ip-172-31-35-142.eu-west-1.compute.internal dlm_controld[14899]: 2448 fence status 4 receive -1 from 2 walltime 1778226043 local 2448
May 08 07:40:43 ip-172-31-35-142.eu-west-1.compute.internal dlm_controld[14899]: 2448 fence request 5 no actor
May 08 07:40:44 ip-172-31-35-142.eu-west-1.compute.internal dlm_controld[14899]: 2449 fence status 4 receive -1 from 3 walltime 1778226044 local 2449
May 08 07:40:44 ip-172-31-35-142.eu-west-1.compute.internal dlm_controld[14899]: 2449 fence request 4 pid 1706 nodedown time 1778225664 fence_all dlm_stonith
May 08 07:40:45 ip-172-31-35-142.eu-west-1.compute.internal dlm_controld[14899]: 2450 fence result 4 pid 1706 result -1 term signal 6
May 08 07:40:45 ip-172-31-35-142.eu-west-1.compute.internal dlm_controld[14899]: 2450 fence status 4 receive -1 from 1 walltime 1778226045 local 2450
May 08 07:40:45 ip-172-31-35-142.eu-west-1.compute.internal dlm_controld[14899]: 2450 fence request 5 no actor
May 08 07:40:46 ip-172-31-35-142.eu-west-1.compute.internal dlm_controld[14899]: 2451 fence status 4 receive -1 from 2 walltime 1778226046 local 2451
May 08 07:40:46 ip-172-31-35-142.eu-west-1.compute.internal dlm_controld[14899]: 2451 fence request 5 no actor
May 08 07:40:47 ip-172-31-35-142.eu-west-1.compute.internal dlm_controld[14899]: 2452 fence status 4 receive -1 from 3 walltime 1778226047 local 2452
May 08 07:40:47 ip-172-31-35-142.eu-west-1.compute.internal dlm_controld[14899]: 2452 fence request 4 pid 1784 nodedown time 1778225664 fence_all dlm_stonith
May 08 07:40:48 ip-172-31-35-142.eu-west-1.compute.internal dlm_controld[14899]: 2453 fence result 4 pid 1784 result -1 term signal 6
May 08 07:40:48 ip-172-31-35-142.eu-west-1.compute.internal dlm_controld[14899]: 2453 fence status 4 receive -1 from 1 walltime 1778226048 local 2453
May 08 07:40:48 ip-172-31-35-142.eu-west-1.compute.internal dlm_controld[14899]: 2453 fence request 5 no actor
May 08 07:40:49 ip-172-31-35-142.eu-west-1.compute.internal dlm_controld[14899]: 2454 fence status 4 receive -1 from 2 walltime 1778226049 local 2454
May 08 07:40:49 ip-172-31-35-142.eu-west-1.compute.internal dlm_controld[14899]: 2454 fence request 5 no actor
May 08 07:40:50 ip-172-31-35-142.eu-west-1.compute.internal dlm_controld[14899]: 2455 fence status 4 receive -1 from 3 walltime 1778226050 local 2455
May 08 07:40:50 ip-172-31-35-142.eu-west-1.compute.internal dlm_controld[14899]: 2455 fence request 4 pid 1803 nodedown time 1778225664 fence_all dlm_stonith
May 08 07:40:51 ip-172-31-35-142.eu-west-1.compute.internal dlm_controld[14899]: 2456 fence result 4 pid 1803 result -1 term signal 6
May 08 07:40:51 ip-172-31-35-142.eu-west-1.compute.internal dlm_controld[14899]: 2456 fence status 4 receive -1 from 1 walltime 1778226051 local 2456
May 08 07:40:51 ip-172-31-35-142.eu-west-1.compute.internal dlm_controld[14899]: 2456 fence request 5 no actor
May 08 07:40:52 ip-172-31-35-142.eu-west-1.compute.internal dlm_controld[14899]: 2457 fence status 4 receive -1 from 2 walltime 1778226052 local 2457
May 08 07:40:52 ip-172-31-35-142.eu-west-1.compute.internal dlm_controld[14899]: 2457 fence request 5 no actor
May 08 07:40:53 ip-172-31-35-142.eu-west-1.compute.internal dlm_controld[14899]: 2458 fence status 4 receive -1 from 3 walltime 1778226053 local 2458
May 08 07:40:53 ip-172-31-35-142.eu-west-1.compute.internal dlm_controld[14899]: 2458 fence request 4 pid 1837 nodedown time 1778225664 fence_all dlm_stonith
May 08 07:40:54 ip-172-31-35-142.eu-west-1.compute.internal dlm_controld[14899]: 2459 fence result 4 pid 1837 result -1 term signal 6
May 08 07:40:54 ip-172-31-35-142.eu-west-1.compute.internal dlm_controld[14899]: 2459 fence status 4 receive -1 from 1 walltime 1778226054 local 2459
May 08 07:40:54 ip-172-31-35-142.eu-west-1.compute.internal dlm_controld[14899]: 2459 fence request 5 no actor
May 08 07:40:55 ip-172-31-35-142.eu-west-1.compute.internal dlm_controld[14899]: 2460 fence status 4 receive -1 from 2 walltime 1778226055 local 2460
May 08 07:40:55 ip-172-31-35-142.eu-west-1.compute.internal dlm_controld[14899]: 2460 fence request 5 no actor
May 08 07:40:56 ip-172-31-35-142.eu-west-1.compute.internal dlm_controld[14899]: 2461 fence status 4 receive -1 from 3 walltime 1778226056 local 2461
May 08 07:40:56 ip-172-31-35-142.eu-west-1.compute.internal dlm_controld[14899]: 2461 fence request 4 pid 1895 nodedown time 1778225664 fence_all dlm_stonith
May 08 07:40:57 ip-172-31-35-142.eu-west-1.compute.internal dlm_controld[14899]: 2462 fence result 4 pid 1895 result -1 term signal 6
May 08 07:40:57 ip-172-31-35-142.eu-west-1.compute.internal dlm_controld[14899]: 2462 fence status 4 receive -1 from 1 walltime 1778226057 local 2462
May 08 07:40:57 ip-172-31-35-142.eu-west-1.compute.internal dlm_controld[14899]: 2462 fence request 5 no actor
May 08 07:40:58 ip-172-31-35-142.eu-west-1.compute.internal dlm_controld[14899]: 2463 fence status 4 receive -1 from 2 walltime 1778226058 local 2463
May 08 07:40:58 ip-172-31-35-142.eu-west-1.compute.internal dlm_controld[14899]: 2463 fence request 5 no actor
May 08 07:40:59 ip-172-31-35-142.eu-west-1.compute.internal dlm_controld[14899]: 2464 fence status 4 receive -1 from 3 walltime 1778226059 local 2464
May 08 07:40:59 ip-172-31-35-142.eu-west-1.compute.internal dlm_controld[14899]: 2464 fence request 4 pid 1912 nodedown time 1778225664 fence_all dlm_stonith
May 08 07:41:00 ip-172-31-35-142.eu-west-1.compute.internal dlm_controld[14899]: 2465 fence result 4 pid 1912 result -1 term signal 6
May 08 07:41:00 ip-172-31-35-142.eu-west-1.compute.internal dlm_controld[14899]: 2465 fence status 4 receive -1 from 1 walltime 1778226060 local 2465
May 08 07:41:00 ip-172-31-35-142.eu-west-1.compute.internal dlm_controld[14899]: 2465 fence request 5 no actor
May 08 07:41:01 ip-172-31-35-142.eu-west-1.compute.internal dlm_controld[14899]: 2466 fence status 4 receive -1 from 2 walltime 1778226061 local 2466
May 08 07:41:01 ip-172-31-35-142.eu-west-1.compute.internal dlm_controld[14899]: 2466 fence request 5 no actor
May 08 07:41:02 ip-172-31-35-142.eu-west-1.compute.internal dlm_controld[14899]: 2467 fence status 4 receive -1 from 3 walltime 1778226062 local 2467
May 08 07:41:02 ip-172-31-35-142.eu-west-1.compute.internal dlm_controld[14899]: 2467 fence request 4 pid 1931 nodedown time 1778225664 fence_all dlm_stonith
May 08 07:41:03 ip-172-31-35-142.eu-west-1.compute.internal dlm_controld[14899]: 2468 fence result 4 pid 1931 result -1 term signal 6
May 08 07:41:03 ip-172-31-35-142.eu-west-1.compute.internal dlm_controld[14899]: 2468 fence status 4 receive -1 from 1 walltime 1778226063 local 2468
May 08 07:41:03 ip-172-31-35-142.eu-west-1.compute.internal dlm_controld[14899]: 2468 fence request 5 no actor
May 08 07:41:04 ip-172-31-35-142.eu-west-1.compute.internal dlm_controld[14899]: 2469 fence status 4 receive -1 from 2 walltime 1778226064 local 2469
May 08 07:41:04 ip-172-31-35-142.eu-west-1.compute.internal dlm_controld[14899]: 2469 fence request 5 no actor
May 08 07:41:05 ip-172-31-35-142.eu-west-1.compute.internal dlm_controld[14899]: 2470 fence status 4 receive -1 from 3 walltime 1778226065 local 2470
May 08 07:41:05 ip-172-31-35-142.eu-west-1.compute.internal dlm_controld[14899]: 2470 fence request 4 pid 1989 nodedown time 1778225664 fence_all dlm_stonith
May 08 07:41:06 ip-172-31-35-142.eu-west-1.compute.internal dlm_controld[14899]: 2471 fence result 4 pid 1989 result -1 term signal 6
May 08 07:41:06 ip-172-31-35-142.eu-west-1.compute.internal dlm_controld[14899]: 2471 fence status 4 receive -1 from 1 walltime 1778226066 local 2471
May 08 07:41:06 ip-172-31-35-142.eu-west-1.compute.internal dlm_controld[14899]: 2471 fence request 5 no actor
May 08 07:41:07 ip-172-31-35-142.eu-west-1.compute.internal dlm_controld[14899]: 2472 fence status 4 receive -1 from 2 walltime 1778226067 local 2472
May 08 07:41:07 ip-172-31-35-142.eu-west-1.compute.internal dlm_controld[14899]: 2472 fence request 5 no actor
May 08 07:41:08 ip-172-31-35-142.eu-west-1.compute.internal dlm_controld[14899]: 2473 fence status 4 receive -1 from 3 walltime 1778226068 local 2473
May 08 07:41:08 ip-172-31-35-142.eu-west-1.compute.internal dlm_controld[14899]: 2473 fence request 4 pid 2006 nodedown time 1778225664 fence_all dlm_stonith
May 08 07:41:09 ip-172-31-35-142.eu-west-1.compute.internal dlm_controld[14899]: 2474 fence result 4 pid 2006 result -1 term signal 6
May 08 07:41:09 ip-172-31-35-142.eu-west-1.compute.internal dlm_controld[14899]: 2474 fence status 4 receive -1 from 1 walltime 1778226069 local 2474
May 08 07:41:09 ip-172-31-35-142.eu-west-1.compute.internal dlm_controld[14899]: 2474 fence request 5 no actor
May 08 07:41:10 ip-172-31-35-142.eu-west-1.compute.internal dlm_controld[14899]: 2475 fence status 4 receive -1 from 2 walltime 1778226070 local 2475
May 08 07:41:10 ip-172-31-35-142.eu-west-1.compute.internal dlm_controld[14899]: 2475 fence request 5 no actor
May 08 07:41:11 ip-172-31-35-142.eu-west-1.compute.internal dlm_controld[14899]: 2476 fence status 4 receive -1 from 3 walltime 1778226071 local 2476
May 08 07:41:11 ip-172-31-35-142.eu-west-1.compute.internal dlm_controld[14899]: 2476 fence request 4 pid 2023 nodedown time 1778225664 fence_all dlm_stonith
May 08 07:41:12 ip-172-31-35-142.eu-west-1.compute.internal dlm_controld[14899]: 2477 fence result 4 pid 2023 result -1 term signal 6
May 08 07:41:12 ip-172-31-35-142.eu-west-1.compute.internal dlm_controld[14899]: 2477 fence status 4 receive -1 from 1 walltime 1778226072 local 2477
May 08 07:41:12 ip-172-31-35-142.eu-west-1.compute.internal dlm_controld[14899]: 2477 fence request 5 no actor
May 08 07:41:13 ip-172-31-35-142.eu-west-1.compute.internal dlm_controld[14899]: 2478 fence status 4 receive -1 from 2 walltime 1778226073 local 2478
May 08 07:41:13 ip-172-31-35-142.eu-west-1.compute.internal dlm_controld[14899]: 2478 fence request 5 no actor
May 08 07:41:14 ip-172-31-35-142.eu-west-1.compute.internal dlm_controld[14899]: 2479 fence status 4 receive -1 from 3 walltime 1778226074 local 2479
May 08 07:41:14 ip-172-31-35-142.eu-west-1.compute.internal dlm_controld[14899]: 2479 fence request 4 pid 2059 nodedown time 1778225664 fence_all dlm_stonith
May 08 07:41:14 ip-172-31-35-142.eu-west-1.compute.internal stonith-ng[7465]:   notice: fence_aws_monitor_1:2040:stderr [ /usr/lib/python3.7/site-packages/boto3/compat.py:82: PythonDeprecationWarning: Boto3 will no longer support Python 3.7 starting December 13, 2023. To continue receiving service updates, bug fixes, and security updates please upgrade to Python 3.8 or later. More information can be found here: https://aws.amazon.com/blogs/developer/python-support-policy-updates-for-aws-sdks-and-tools/ ]
May 08 07:41:14 ip-172-31-35-142.eu-west-1.compute.internal stonith-ng[7465]:   notice: fence_aws_monitor_1:2040:stderr [   warnings.warn(warning, PythonDeprecationWarning) ]
May 08 07:41:14 ip-172-31-35-142.eu-west-1.compute.internal stonith-ng[7465]:  warning: fence_aws[2040] stderr: [ /usr/lib/python3.7/site-packages/boto3/compat.py:82: PythonDeprecationWarning: Boto3 will no longer support Python 3.7 starting December 13, 2023. To continue receiving service updates, bug fixes, and security updates please upgrade to Python 3.8 or later. More information can be found here: https://aws.amazon.com/blogs/developer/python-support-policy-updates-for-aws-sdks-and-tools/ ]
May 08 07:41:14 ip-172-31-35-142.eu-west-1.compute.internal stonith-ng[7465]:  warning: fence_aws[2040] stderr: [   warnings.warn(warning, PythonDeprecationWarning) ]
May 08 07:41:15 ip-172-31-35-142.eu-west-1.compute.internal dlm_controld[14899]: 2480 fence result 4 pid 2059 result -1 term signal 6
May 08 07:41:15 ip-172-31-35-142.eu-west-1.compute.internal dlm_controld[14899]: 2480 fence status 4 receive -1 from 1 walltime 1778226075 local 2480
May 08 07:41:15 ip-172-31-35-142.eu-west-1.compute.internal dlm_controld[14899]: 2480 fence request 5 no actor
May 08 07:41:16 ip-172-31-35-142.eu-west-1.compute.internal dlm_controld[14899]: 2481 fence status 4 receive -1 from 2 walltime 1778226076 local 2481
May 08 07:41:16 ip-172-31-35-142.eu-west-1.compute.internal dlm_controld[14899]: 2481 fence request 5 no actor
May 08 07:41:17 ip-172-31-35-142.eu-west-1.compute.internal dlm_controld[14899]: 2482 fence status 4 receive -1 from 3 walltime 1778226077 local 2482
May 08 07:41:17 ip-172-31-35-142.eu-west-1.compute.internal dlm_controld[14899]: 2482 fence request 4 pid 2119 nodedown time 1778225664 fence_all dlm_stonith
May 08 07:41:18 ip-172-31-35-142.eu-west-1.compute.internal dlm_controld[14899]: 2483 fence result 4 pid 2119 result -1 term signal 6
May 08 07:41:18 ip-172-31-35-142.eu-west-1.compute.internal dlm_controld[14899]: 2483 fence status 4 receive -1 from 1 walltime 1778226078 local 2483
May 08 07:41:18 ip-172-31-35-142.eu-west-1.compute.internal dlm_controld[14899]: 2483 fence request 5 no actor
May 08 07:41:19 ip-172-31-35-142.eu-west-1.compute.internal dlm_controld[14899]: 2484 fence status 4 receive -1 from 2 walltime 1778226079 local 2484
May 08 07:41:19 ip-172-31-35-142.eu-west-1.compute.internal dlm_controld[14899]: 2484 fence request 5 no actor
May 08 07:41:20 ip-172-31-35-142.eu-west-1.compute.internal dlm_controld[14899]: 2485 fence status 4 receive -1 from 3 walltime 1778226080 local 2485
May 08 07:41:20 ip-172-31-35-142.eu-west-1.compute.internal dlm_controld[14899]: 2485 fence request 4 pid 2136 nodedown time 1778225664 fence_all dlm_stonith
May 08 07:41:21 ip-172-31-35-142.eu-west-1.compute.internal dlm_controld[14899]: 2486 fence result 4 pid 2136 result -1 term signal 6
May 08 07:41:21 ip-172-31-35-142.eu-west-1.compute.internal dlm_controld[14899]: 2486 fence status 4 receive -1 from 1 walltime 1778226081 local 2486
May 08 07:41:21 ip-172-31-35-142.eu-west-1.compute.internal dlm_controld[14899]: 2486 fence request 5 no actor
May 08 07:41:22 ip-172-31-35-142.eu-west-1.compute.internal dlm_controld[14899]: 2487 fence status 4 receive -1 from 2 walltime 1778226082 local 2487
May 08 07:41:22 ip-172-31-35-142.eu-west-1.compute.internal dlm_controld[14899]: 2487 fence request 5 no actor
May 08 07:41:23 ip-172-31-35-142.eu-west-1.compute.internal dlm_controld[14899]: 2488 fence status 4 receive -1 from 3 walltime 1778226083 local 2488
May 08 07:41:23 ip-172-31-35-142.eu-west-1.compute.internal dlm_controld[14899]: 2488 fence request 4 pid 2169 nodedown time 1778225664 fence_all dlm_stonith
May 08 07:41:24 ip-172-31-35-142.eu-west-1.compute.internal dlm_controld[14899]: 2489 fence result 4 pid 2169 result -1 term signal 6
May 08 07:41:24 ip-172-31-35-142.eu-west-1.compute.internal dlm_controld[14899]: 2489 fence status 4 receive -1 from 1 walltime 1778226084 local 2489
May 08 07:41:24 ip-172-31-35-142.eu-west-1.compute.internal dlm_controld[14899]: 2489 fence request 5 no actor
May 08 07:41:25 ip-172-31-35-142.eu-west-1.compute.internal dlm_controld[14899]: 2490 fence status 4 receive -1 from 2 walltime 1778226085 local 2490
May 08 07:41:25 ip-172-31-35-142.eu-west-1.compute.internal dlm_controld[14899]: 2490 fence request 5 no actor
May 08 07:41:26 ip-172-31-35-142.eu-west-1.compute.internal dlm_controld[14899]: 2491 fence status 4 receive -1 from 3 walltime 1778226086 local 2491
May 08 07:41:26 ip-172-31-35-142.eu-west-1.compute.internal dlm_controld[14899]: 2491 fence request 4 pid 2211 nodedown time 1778225664 fence_all dlm_stonith
May 08 07:41:27 ip-172-31-35-142.eu-west-1.compute.internal dlm_controld[14899]: 2492 fence result 4 pid 2211 result -1 term signal 6
May 08 07:41:27 ip-172-31-35-142.eu-west-1.compute.internal dlm_controld[14899]: 2492 fence status 4 receive -1 from 1 walltime 1778226087 local 2492
May 08 07:41:27 ip-172-31-35-142.eu-west-1.compute.internal dlm_controld[14899]: 2492 fence request 5 no actor
May 08 07:41:28 ip-172-31-35-142.eu-west-1.compute.internal dlm_controld[14899]: 2493 fence status 4 receive -1 from 2 walltime 1778226088 local 2493
May 08 07:41:28 ip-172-31-35-142.eu-west-1.compute.internal dlm_controld[14899]: 2493 fence request 5 no actor
May 08 07:41:29 ip-172-31-35-142.eu-west-1.compute.internal dlm_controld[14899]: 2494 fence status 4 receive -1 from 3 walltime 1778226089 local 2494
May 08 07:41:29 ip-172-31-35-142.eu-west-1.compute.internal dlm_controld[14899]: 2494 fence request 4 pid 2212 nodedown time 1778225664 fence_all dlm_stonith
May 08 07:41:30 ip-172-31-35-142.eu-west-1.compute.internal dlm_controld[14899]: 2495 fence result 4 pid 2212 result -1 term signal 6
May 08 07:41:30 ip-172-31-35-142.eu-west-1.compute.internal dlm_controld[14899]: 2495 fence status 4 receive -1 from 1 walltime 1778226090 local 2495
May 08 07:41:30 ip-172-31-35-142.eu-west-1.compute.internal dlm_controld[14899]: 2495 fence request 5 no actor
May 08 07:41:31 ip-172-31-35-142.eu-west-1.compute.internal dlm_controld[14899]: 2496 fence status 4 receive -1 from 2 walltime 1778226091 local 2496
May 08 07:41:31 ip-172-31-35-142.eu-west-1.compute.internal dlm_controld[14899]: 2496 fence request 5 no actor
May 08 07:41:32 ip-172-31-35-142.eu-west-1.compute.internal dlm_controld[14899]: 2497 fence status 4 receive -1 from 3 walltime 1778226092 local 2497
May 08 07:41:32 ip-172-31-35-142.eu-west-1.compute.internal dlm_controld[14899]: 2497 fence request 4 pid 2213 nodedown time 1778225664 fence_all dlm_stonith
May 08 07:41:33 ip-172-31-35-142.eu-west-1.compute.internal dlm_controld[14899]: 2498 fence result 4 pid 2213 result -1 term signal 6
May 08 07:41:33 ip-172-31-35-142.eu-west-1.compute.internal dlm_controld[14899]: 2498 fence status 4 receive -1 from 1 walltime 1778226093 local 2498
May 08 07:41:33 ip-172-31-35-142.eu-west-1.compute.internal dlm_controld[14899]: 2498 fence request 5 no actor
May 08 07:41:34 ip-172-31-35-142.eu-west-1.compute.internal dlm_controld[14899]: 2499 fence status 4 receive -1 from 2 walltime 1778226094 local 2499
May 08 07:41:34 ip-172-31-35-142.eu-west-1.compute.internal dlm_controld[14899]: 2499 fence request 5 no actor
May 08 07:41:35 ip-172-31-35-142.eu-west-1.compute.internal dlm_controld[14899]: 2500 fence status 4 receive -1 from 3 walltime 1778226095 local 2500
May 08 07:41:35 ip-172-31-35-142.eu-west-1.compute.internal dlm_controld[14899]: 2500 fence request 4 pid 2257 nodedown time 1778225664 fence_all dlm_stonith
May 08 07:41:36 ip-172-31-35-142.eu-west-1.compute.internal dlm_controld[14899]: 2501 fence result 4 pid 2257 result -1 term signal 6
May 08 07:41:36 ip-172-31-35-142.eu-west-1.compute.internal dlm_controld[14899]: 2501 fence status 4 receive -1 from 1 walltime 1778226096 local 2501
May 08 07:41:36 ip-172-31-35-142.eu-west-1.compute.internal dlm_controld[14899]: 2501 fence request 5 no actor
May 08 07:41:37 ip-172-31-35-142.eu-west-1.compute.internal dlm_controld[14899]: 2502 fence status 4 receive -1 from 2 walltime 1778226097 local 2502
May 08 07:41:37 ip-172-31-35-142.eu-west-1.compute.internal dlm_controld[14899]: 2502 fence request 5 no actor
May 08 07:41:38 ip-172-31-35-142.eu-west-1.compute.internal dlm_controld[14899]: 2503 fence status 4 receive -1 from 3 walltime 1778226098 local 2503
May 08 07:41:38 ip-172-31-35-142.eu-west-1.compute.internal dlm_controld[14899]: 2503 fence request 4 pid 2570 nodedown time 1778225664 fence_all dlm_stonith
May 08 07:41:39 ip-172-31-35-142.eu-west-1.compute.internal dlm_controld[14899]: 2504 fence result 4 pid 2570 result -1 term signal 6
May 08 07:41:39 ip-172-31-35-142.eu-west-1.compute.internal dlm_controld[14899]: 2504 fence status 4 receive -1 from 1 walltime 1778226099 local 2504
May 08 07:41:39 ip-172-31-35-142.eu-west-1.compute.internal dlm_controld[14899]: 2504 fence request 5 no actor
May 08 07:41:40 ip-172-31-35-142.eu-west-1.compute.internal dlm_controld[14899]: 2505 fence status 4 receive -1 from 2 walltime 1778226100 local 2505
May 08 07:41:40 ip-172-31-35-142.eu-west-1.compute.internal dlm_controld[14899]: 2505 fence request 5 no actor
May 08 07:41:41 ip-172-31-35-142.eu-west-1.compute.internal dlm_controld[14899]: 2506 fence status 4 receive -1 from 3 walltime 1778226101 local 2506
May 08 07:41:41 ip-172-31-35-142.eu-west-1.compute.internal dlm_controld[14899]: 2506 fence request 4 pid 2571 nodedown time 1778225664 fence_all dlm_stonith
May 08 07:41:42 ip-172-31-35-142.eu-west-1.compute.internal dlm_controld[14899]: 2507 fence result 4 pid 2571 result -1 term signal 6
May 08 07:41:42 ip-172-31-35-142.eu-west-1.compute.internal dlm_controld[14899]: 2507 fence status 4 receive -1 from 1 walltime 1778226102 local 2507
May 08 07:41:42 ip-172-31-35-142.eu-west-1.compute.internal dlm_controld[14899]: 2507 fence request 5 no actor
May 08 07:41:43 ip-172-31-35-142.eu-west-1.compute.internal dlm_controld[14899]: 2508 fence status 4 receive -1 from 2 walltime 1778226103 local 2508
May 08 07:41:43 ip-172-31-35-142.eu-west-1.compute.internal dlm_controld[14899]: 2508 fence request 5 no actor
May 08 07:41:44 ip-172-31-35-142.eu-west-1.compute.internal dlm_controld[14899]: 2509 fence status 4 receive -1 from 3 walltime 1778226104 local 2509
May 08 07:41:44 ip-172-31-35-142.eu-west-1.compute.internal dlm_controld[14899]: 2509 fence request 4 pid 2687 nodedown time 1778225664 fence_all dlm_stonith
May 08 07:41:45 ip-172-31-35-142.eu-west-1.compute.internal dlm_controld[14899]: 2510 fence result 4 pid 2687 result -1 term signal 6
May 08 07:41:45 ip-172-31-35-142.eu-west-1.compute.internal dlm_controld[14899]: 2510 fence status 4 receive -1 from 1 walltime 1778226105 local 2510
May 08 07:41:45 ip-172-31-35-142.eu-west-1.compute.internal dlm_controld[14899]: 2510 fence request 5 no actor
May 08 07:41:46 ip-172-31-35-142.eu-west-1.compute.internal dlm_controld[14899]: 2511 fence status 4 receive -1 from 2 walltime 1778226106 local 2511
May 08 07:41:46 ip-172-31-35-142.eu-west-1.compute.internal dlm_controld[14899]: 2511 fence request 5 no actor
