May 08 09:08:36 ip-172-31-33-18.eu-west-1.compute.internal systemd[1]: Starting Corosync Cluster Engine...
May 08 09:08:36 ip-172-31-33-18.eu-west-1.compute.internal corosync[7395]:  [MAIN  ] Corosync Cluster Engine ('2.4.3'): started and ready to provide service.
May 08 09:08:36 ip-172-31-33-18.eu-west-1.compute.internal corosync[7396]:  [QUORUM] Using quorum provider corosync_votequorum
May 08 09:08:36 ip-172-31-33-18.eu-west-1.compute.internal corosync[7396]:  [SERV  ] Service engine loaded: corosync vote quorum service v1.0 [5]
May 08 09:08:36 ip-172-31-33-18.eu-west-1.compute.internal corosync[7396]:  [QB    ] server name: votequorum
May 08 09:08:36 ip-172-31-33-18.eu-west-1.compute.internal corosync[7396]:  [SERV  ] Service engine loaded: corosync cluster quorum service v0.1 [3]
May 08 09:08:36 ip-172-31-33-18.eu-west-1.compute.internal corosync[7396]:  [QB    ] server name: quorum
May 08 09:08:36 ip-172-31-33-18.eu-west-1.compute.internal corosync[7396]:  [TOTEM ] adding new UDPU member {172.31.33.18}
May 08 09:08:36 ip-172-31-33-18.eu-west-1.compute.internal corosync[7396]:  [TOTEM ] adding new UDPU member {172.31.41.23}
May 08 09:08:36 ip-172-31-33-18.eu-west-1.compute.internal corosync[7396]:  [TOTEM ] adding new UDPU member {172.31.47.118}
May 08 09:08:36 ip-172-31-33-18.eu-west-1.compute.internal corosync[7396]:  [TOTEM ] adding new UDPU member {172.31.37.191}
May 08 09:08:36 ip-172-31-33-18.eu-west-1.compute.internal corosync[7396]:  [TOTEM ] adding new UDPU member {172.31.46.92}
May 08 09:08:36 ip-172-31-33-18.eu-west-1.compute.internal corosync[7396]:  [TOTEM ] A new membership (172.31.33.18:4) was formed. Members joined: 1
May 08 09:08:36 ip-172-31-33-18.eu-west-1.compute.internal corosync[7396]:  [QUORUM] Members[1]: 1
May 08 09:08:36 ip-172-31-33-18.eu-west-1.compute.internal corosync[7396]:  [TOTEM ] A new membership (172.31.33.18:8) was formed. Members joined: 2
May 08 09:08:36 ip-172-31-33-18.eu-west-1.compute.internal corosync[7396]:  [QUORUM] Members[2]: 1 2
May 08 09:08:37 ip-172-31-33-18.eu-west-1.compute.internal corosync[7385]: Starting Corosync Cluster Engine (corosync): [  OK  ]
May 08 09:08:37 ip-172-31-33-18.eu-west-1.compute.internal systemd[1]: Started Corosync Cluster Engine.
May 08 09:08:37 ip-172-31-33-18.eu-west-1.compute.internal corosync[7396]:  [TOTEM ] A new membership (172.31.33.18:12) was formed. Members joined: 3
May 08 09:08:37 ip-172-31-33-18.eu-west-1.compute.internal corosync[7396]:  [QUORUM] This node is within the primary component and will provide service.
May 08 09:08:37 ip-172-31-33-18.eu-west-1.compute.internal corosync[7396]:  [QUORUM] Members[3]: 1 2 3
May 08 09:08:37 ip-172-31-33-18.eu-west-1.compute.internal corosync[7396]:  [TOTEM ] A new membership (172.31.33.18:16) was formed. Members joined: 4
May 08 09:08:37 ip-172-31-33-18.eu-west-1.compute.internal corosync[7396]:  [QUORUM] Members[4]: 1 4 2 3
May 08 09:08:37 ip-172-31-33-18.eu-west-1.compute.internal corosync[7396]:  [TOTEM ] A new membership (172.31.33.18:20) was formed. Members joined: 5
May 08 09:08:37 ip-172-31-33-18.eu-west-1.compute.internal corosync[7396]:  [QUORUM] Members[5]: 1 4 2 5 3
May 08 09:08:38 ip-172-31-33-18.eu-west-1.compute.internal systemd[1]: Started Pacemaker High Availability Cluster Manager.
May 08 09:08:38 ip-172-31-33-18.eu-west-1.compute.internal pacemakerd[7425]:   notice: Starting Pacemaker 1.1.23-1.amzn2.1
May 08 09:08:38 ip-172-31-33-18.eu-west-1.compute.internal pacemakerd[7425]:   notice: Quorum acquired
May 08 09:08:38 ip-172-31-33-18.eu-west-1.compute.internal pacemakerd[7425]:   notice: Node ma-host-1 state is now member
May 08 09:08:38 ip-172-31-33-18.eu-west-1.compute.internal pacemakerd[7425]:   notice: Node ma-host-4 state is now member
May 08 09:08:38 ip-172-31-33-18.eu-west-1.compute.internal pacemakerd[7425]:   notice: Node ma-host-2 state is now member
May 08 09:08:38 ip-172-31-33-18.eu-west-1.compute.internal pacemakerd[7425]:   notice: Node ma-host-5 state is now member
May 08 09:08:38 ip-172-31-33-18.eu-west-1.compute.internal pacemakerd[7425]:   notice: Node ma-host-3 state is now member
May 08 09:08:38 ip-172-31-33-18.eu-west-1.compute.internal attrd[7429]:   notice: Node ma-host-1 state is now member
May 08 09:08:38 ip-172-31-33-18.eu-west-1.compute.internal cib[7426]:   notice: Node ma-host-1 state is now member
May 08 09:08:38 ip-172-31-33-18.eu-west-1.compute.internal stonith-ng[7427]:   notice: Node ma-host-1 state is now member
May 08 09:08:38 ip-172-31-33-18.eu-west-1.compute.internal cib[7426]:   notice: Node ma-host-2 state is now member
May 08 09:08:38 ip-172-31-33-18.eu-west-1.compute.internal cib[7426]:   notice: Node ma-host-4 state is now member
May 08 09:08:38 ip-172-31-33-18.eu-west-1.compute.internal cib[7426]:   notice: Node ma-host-5 state is now member
May 08 09:08:38 ip-172-31-33-18.eu-west-1.compute.internal cib[7426]:   notice: Node ma-host-3 state is now member
May 08 09:08:39 ip-172-31-33-18.eu-west-1.compute.internal crmd[7431]:   notice: Quorum acquired
May 08 09:08:39 ip-172-31-33-18.eu-west-1.compute.internal crmd[7431]:   notice: Node ma-host-1 state is now member
May 08 09:08:39 ip-172-31-33-18.eu-west-1.compute.internal crmd[7431]:   notice: Node ma-host-4 state is now member
May 08 09:08:39 ip-172-31-33-18.eu-west-1.compute.internal crmd[7431]:   notice: Node ma-host-2 state is now member
May 08 09:08:39 ip-172-31-33-18.eu-west-1.compute.internal crmd[7431]:   notice: Node ma-host-5 state is now member
May 08 09:08:39 ip-172-31-33-18.eu-west-1.compute.internal crmd[7431]:   notice: Node ma-host-3 state is now member
May 08 09:08:39 ip-172-31-33-18.eu-west-1.compute.internal attrd[7429]:   notice: Node ma-host-2 state is now member
May 08 09:08:39 ip-172-31-33-18.eu-west-1.compute.internal crmd[7431]:   notice: State transition S_STARTING -> S_PENDING
May 08 09:08:39 ip-172-31-33-18.eu-west-1.compute.internal attrd[7429]:   notice: Node ma-host-4 state is now member
May 08 09:08:39 ip-172-31-33-18.eu-west-1.compute.internal attrd[7429]:   notice: Node ma-host-5 state is now member
May 08 09:08:39 ip-172-31-33-18.eu-west-1.compute.internal attrd[7429]:   notice: Node ma-host-3 state is now member
May 08 09:08:39 ip-172-31-33-18.eu-west-1.compute.internal stonith-ng[7427]:   notice: Node ma-host-2 state is now member
May 08 09:08:39 ip-172-31-33-18.eu-west-1.compute.internal stonith-ng[7427]:   notice: Node ma-host-4 state is now member
May 08 09:08:39 ip-172-31-33-18.eu-west-1.compute.internal stonith-ng[7427]:   notice: Node ma-host-5 state is now member
May 08 09:08:39 ip-172-31-33-18.eu-west-1.compute.internal stonith-ng[7427]:   notice: Node ma-host-3 state is now member
May 08 09:08:41 ip-172-31-33-18.eu-west-1.compute.internal crmd[7431]:   notice: Fencer successfully connected
May 08 09:24:14 ip-172-31-33-18.eu-west-1.compute.internal stonith-ng[7427]:   notice: Added 'clusterfence' to the device list (1 active devices)
May 08 09:24:14 ip-172-31-33-18.eu-west-1.compute.internal crmd[7431]:   notice: Result of probe operation for clusterfence on ma-host-1: 7 (not running)
May 08 09:24:15 ip-172-31-33-18.eu-west-1.compute.internal crmd[7431]:   notice: Result of start operation for clusterfence on ma-host-1: 0 (ok)
May 08 09:24:53 ip-172-31-33-18.eu-west-1.compute.internal lrmd[7428]:   notice: clusterfs_start_0:10032:stderr [ ocf-exit-reason:Couldn't find device [/dev/clustervg/clusterlv]. Expected /dev/??? to exist ]
May 08 09:24:53 ip-172-31-33-18.eu-west-1.compute.internal crmd[7431]:   notice: Result of start operation for clusterfs on ma-host-1: 5 (not installed)
May 08 09:24:53 ip-172-31-33-18.eu-west-1.compute.internal crmd[7431]:   notice: ma-host-1-clusterfs_start_0:23 [ ocf-exit-reason:Couldn't find device [/dev/clustervg/clusterlv]. Expected /dev/??? to exist\n ]
May 08 09:24:56 ip-172-31-33-18.eu-west-1.compute.internal dlm_controld[10196]: 1287 dlm_controld 4.0.7 started
May 08 09:24:57 ip-172-31-33-18.eu-west-1.compute.internal crmd[7431]:   notice: Result of start operation for dlm on ma-host-1: 0 (ok)
May 08 09:25:03 ip-172-31-33-18.eu-west-1.compute.internal clvmd[10346]: Cluster LVM daemon started - connected to Corosync
May 08 09:25:03 ip-172-31-33-18.eu-west-1.compute.internal crmd[7431]:   notice: Result of start operation for clvmd on ma-host-1: 0 (ok)
May 08 09:25:14 ip-172-31-33-18.eu-west-1.compute.internal Filesystem(clusterfs)[10585]: INFO: Running start for /dev/clustervg/clusterlv on /sharedFS
May 08 09:25:52 ip-172-31-33-18.eu-west-1.compute.internal crmd[7431]:   notice: Result of start operation for clusterfs on ma-host-1: 0 (ok)
May 08 09:27:54 ip-172-31-33-18.eu-west-1.compute.internal corosync[7396]:  [TOTEM ] A new membership (172.31.33.18:24) was formed. Members left: 5
May 08 09:27:54 ip-172-31-33-18.eu-west-1.compute.internal attrd[7429]:   notice: Purged 1 peer with id=5 and/or uname=ma-host-5 from the membership cache
May 08 09:27:54 ip-172-31-33-18.eu-west-1.compute.internal corosync[7396]:  [QUORUM] Members[4]: 1 4 2 3
May 08 09:27:54 ip-172-31-33-18.eu-west-1.compute.internal cib[7426]:   notice: Purged 1 peer with id=5 and/or uname=ma-host-5 from the membership cache
May 08 09:27:54 ip-172-31-33-18.eu-west-1.compute.internal stonith-ng[7427]:   notice: Purged 1 peer with id=5 and/or uname=ma-host-5 from the membership cache
May 08 09:27:54 ip-172-31-33-18.eu-west-1.compute.internal dlm_controld[10196]: 1465 fence request 5 pid 12471 nodedown time 1778232474 fence_all dlm_stonith
May 08 09:27:55 ip-172-31-33-18.eu-west-1.compute.internal dlm_controld[10196]: 1466 fence result 5 pid 12471 result -1 term signal 6
May 08 09:27:55 ip-172-31-33-18.eu-west-1.compute.internal dlm_controld[10196]: 1466 fence status 5 receive -1 from 1 walltime 1778232475 local 1466
May 08 09:27:55 ip-172-31-33-18.eu-west-1.compute.internal stonith-ng[7427]:   notice: clusterfence can fence (off) ma-host-5 (aka. 'i-003dbfa3f192dedd9'): static-list
May 08 09:27:55 ip-172-31-33-18.eu-west-1.compute.internal stonith-ng[7427]:   notice: clusterfence can fence (off) ma-host-5 (aka. 'i-003dbfa3f192dedd9'): static-list
May 08 09:27:55 ip-172-31-33-18.eu-west-1.compute.internal /fence_aws[12472]: SkipOsShutdown not supported with the current boto3 version 1.37.38 - falling back to graceful shutdown
May 08 09:27:55 ip-172-31-33-18.eu-west-1.compute.internal /fence_aws[12472]: SkipOsShutdown not supported with the current boto3 version 1.37.38 - falling back to graceful shutdown
May 08 09:27:56 ip-172-31-33-18.eu-west-1.compute.internal dlm_controld[10196]: 1467 fence status 5 receive -1 from 2 walltime 1778232476 local 1467
May 08 09:27:57 ip-172-31-33-18.eu-west-1.compute.internal dlm_controld[10196]: 1468 fence status 5 receive -1 from 3 walltime 1778232477 local 1468
May 08 09:27:58 ip-172-31-33-18.eu-west-1.compute.internal dlm_controld[10196]: 1469 fence status 5 receive -1 from 4 walltime 1778232478 local 1469
May 08 09:27:58 ip-172-31-33-18.eu-west-1.compute.internal dlm_controld[10196]: 1469 fence request 5 pid 12492 nodedown time 1778232474 fence_all dlm_stonith
May 08 09:27:59 ip-172-31-33-18.eu-west-1.compute.internal dlm_controld[10196]: 1470 fence result 5 pid 12492 result -1 term signal 6
May 08 09:27:59 ip-172-31-33-18.eu-west-1.compute.internal dlm_controld[10196]: 1470 fence status 5 receive -1 from 1 walltime 1778232479 local 1470
May 08 09:28:00 ip-172-31-33-18.eu-west-1.compute.internal dlm_controld[10196]: 1471 fence status 5 receive -1 from 2 walltime 1778232480 local 1471
May 08 09:28:01 ip-172-31-33-18.eu-west-1.compute.internal dlm_controld[10196]: 1472 fence status 5 receive -1 from 3 walltime 1778232481 local 1472
May 08 09:28:02 ip-172-31-33-18.eu-west-1.compute.internal dlm_controld[10196]: 1473 fence status 5 receive -1 from 4 walltime 1778232482 local 1473
May 08 09:28:02 ip-172-31-33-18.eu-west-1.compute.internal dlm_controld[10196]: 1473 fence request 5 pid 12493 nodedown time 1778232474 fence_all dlm_stonith
May 08 09:28:03 ip-172-31-33-18.eu-west-1.compute.internal dlm_controld[10196]: 1474 fence result 5 pid 12493 result -1 term signal 6
May 08 09:28:03 ip-172-31-33-18.eu-west-1.compute.internal dlm_controld[10196]: 1474 fence status 5 receive -1 from 1 walltime 1778232483 local 1474
May 08 09:28:04 ip-172-31-33-18.eu-west-1.compute.internal dlm_controld[10196]: 1475 fence status 5 receive -1 from 2 walltime 1778232484 local 1475
May 08 09:28:05 ip-172-31-33-18.eu-west-1.compute.internal dlm_controld[10196]: 1476 fence status 5 receive -1 from 3 walltime 1778232485 local 1476
May 08 09:28:06 ip-172-31-33-18.eu-west-1.compute.internal dlm_controld[10196]: 1477 fence status 5 receive -1 from 4 walltime 1778232486 local 1477
May 08 09:28:06 ip-172-31-33-18.eu-west-1.compute.internal dlm_controld[10196]: 1477 fence request 5 pid 12552 nodedown time 1778232474 fence_all dlm_stonith
May 08 09:28:07 ip-172-31-33-18.eu-west-1.compute.internal dlm_controld[10196]: 1478 fence result 5 pid 12552 result -1 term signal 6
May 08 09:28:07 ip-172-31-33-18.eu-west-1.compute.internal dlm_controld[10196]: 1478 fence status 5 receive -1 from 1 walltime 1778232487 local 1478
May 08 09:28:08 ip-172-31-33-18.eu-west-1.compute.internal dlm_controld[10196]: 1479 fence status 5 receive -1 from 2 walltime 1778232488 local 1479
May 08 09:28:09 ip-172-31-33-18.eu-west-1.compute.internal dlm_controld[10196]: 1480 fence status 5 receive -1 from 3 walltime 1778232489 local 1480
May 08 09:28:10 ip-172-31-33-18.eu-west-1.compute.internal dlm_controld[10196]: 1481 fence status 5 receive -1 from 4 walltime 1778232490 local 1481
May 08 09:28:10 ip-172-31-33-18.eu-west-1.compute.internal dlm_controld[10196]: 1481 fence request 5 pid 12553 nodedown time 1778232474 fence_all dlm_stonith
May 08 09:28:11 ip-172-31-33-18.eu-west-1.compute.internal dlm_controld[10196]: 1482 fence result 5 pid 12553 result -1 term signal 6
May 08 09:28:11 ip-172-31-33-18.eu-west-1.compute.internal dlm_controld[10196]: 1482 fence status 5 receive -1 from 1 walltime 1778232491 local 1482
May 08 09:28:12 ip-172-31-33-18.eu-west-1.compute.internal dlm_controld[10196]: 1483 fence status 5 receive -1 from 2 walltime 1778232492 local 1483
May 08 09:28:13 ip-172-31-33-18.eu-west-1.compute.internal dlm_controld[10196]: 1484 fence status 5 receive -1 from 3 walltime 1778232493 local 1484
May 08 09:28:14 ip-172-31-33-18.eu-west-1.compute.internal dlm_controld[10196]: 1485 fence status 5 receive -1 from 4 walltime 1778232494 local 1485
May 08 09:28:14 ip-172-31-33-18.eu-west-1.compute.internal dlm_controld[10196]: 1485 fence request 5 pid 12595 nodedown time 1778232474 fence_all dlm_stonith
May 08 09:28:15 ip-172-31-33-18.eu-west-1.compute.internal dlm_controld[10196]: 1486 fence result 5 pid 12595 result -1 term signal 6
May 08 09:28:15 ip-172-31-33-18.eu-west-1.compute.internal dlm_controld[10196]: 1486 fence status 5 receive -1 from 1 walltime 1778232495 local 1486
May 08 09:28:16 ip-172-31-33-18.eu-west-1.compute.internal dlm_controld[10196]: 1487 fence status 5 receive -1 from 2 walltime 1778232496 local 1487
May 08 09:28:17 ip-172-31-33-18.eu-west-1.compute.internal dlm_controld[10196]: 1488 fence status 5 receive -1 from 3 walltime 1778232497 local 1488
May 08 09:28:18 ip-172-31-33-18.eu-west-1.compute.internal dlm_controld[10196]: 1489 fence status 5 receive -1 from 4 walltime 1778232498 local 1489
May 08 09:28:18 ip-172-31-33-18.eu-west-1.compute.internal dlm_controld[10196]: 1489 fence request 5 pid 12596 nodedown time 1778232474 fence_all dlm_stonith
May 08 09:28:19 ip-172-31-33-18.eu-west-1.compute.internal dlm_controld[10196]: 1490 fence result 5 pid 12596 result -1 term signal 6
May 08 09:28:19 ip-172-31-33-18.eu-west-1.compute.internal dlm_controld[10196]: 1490 fence status 5 receive -1 from 1 walltime 1778232499 local 1490
May 08 09:28:20 ip-172-31-33-18.eu-west-1.compute.internal dlm_controld[10196]: 1491 fence status 5 receive -1 from 2 walltime 1778232500 local 1491
May 08 09:28:21 ip-172-31-33-18.eu-west-1.compute.internal dlm_controld[10196]: 1492 fence status 5 receive -1 from 3 walltime 1778232501 local 1492
May 08 09:28:22 ip-172-31-33-18.eu-west-1.compute.internal dlm_controld[10196]: 1493 fence status 5 receive -1 from 4 walltime 1778232502 local 1493
May 08 09:28:22 ip-172-31-33-18.eu-west-1.compute.internal dlm_controld[10196]: 1493 fence request 5 pid 12597 nodedown time 1778232474 fence_all dlm_stonith
May 08 09:28:23 ip-172-31-33-18.eu-west-1.compute.internal dlm_controld[10196]: 1494 fence result 5 pid 12597 result -1 term signal 6
May 08 09:28:23 ip-172-31-33-18.eu-west-1.compute.internal dlm_controld[10196]: 1494 fence status 5 receive -1 from 1 walltime 1778232503 local 1494
May 08 09:28:24 ip-172-31-33-18.eu-west-1.compute.internal dlm_controld[10196]: 1495 fence status 5 receive -1 from 2 walltime 1778232504 local 1495
May 08 09:28:25 ip-172-31-33-18.eu-west-1.compute.internal dlm_controld[10196]: 1496 fence status 5 receive -1 from 3 walltime 1778232505 local 1496
May 08 09:28:26 ip-172-31-33-18.eu-west-1.compute.internal dlm_controld[10196]: 1497 fence status 5 receive -1 from 4 walltime 1778232506 local 1497
May 08 09:28:26 ip-172-31-33-18.eu-west-1.compute.internal dlm_controld[10196]: 1497 fence request 5 pid 12639 nodedown time 1778232474 fence_all dlm_stonith
May 08 09:28:27 ip-172-31-33-18.eu-west-1.compute.internal dlm_controld[10196]: 1498 fence result 5 pid 12639 result -1 term signal 6
May 08 09:28:27 ip-172-31-33-18.eu-west-1.compute.internal dlm_controld[10196]: 1498 fence status 5 receive -1 from 1 walltime 1778232507 local 1498
May 08 09:28:28 ip-172-31-33-18.eu-west-1.compute.internal dlm_controld[10196]: 1499 fence status 5 receive -1 from 2 walltime 1778232508 local 1499
May 08 09:28:29 ip-172-31-33-18.eu-west-1.compute.internal dlm_controld[10196]: 1500 fence status 5 receive -1 from 3 walltime 1778232509 local 1500
May 08 09:28:30 ip-172-31-33-18.eu-west-1.compute.internal dlm_controld[10196]: 1501 fence status 5 receive -1 from 4 walltime 1778232510 local 1501
May 08 09:28:30 ip-172-31-33-18.eu-west-1.compute.internal dlm_controld[10196]: 1501 fence request 5 pid 12658 nodedown time 1778232474 fence_all dlm_stonith
May 08 09:28:31 ip-172-31-33-18.eu-west-1.compute.internal dlm_controld[10196]: 1502 fence result 5 pid 12658 result -1 term signal 6
May 08 09:28:31 ip-172-31-33-18.eu-west-1.compute.internal dlm_controld[10196]: 1502 fence status 5 receive -1 from 1 walltime 1778232511 local 1502
May 08 09:28:32 ip-172-31-33-18.eu-west-1.compute.internal dlm_controld[10196]: 1503 fence status 5 receive -1 from 2 walltime 1778232512 local 1503
May 08 09:28:33 ip-172-31-33-18.eu-west-1.compute.internal dlm_controld[10196]: 1504 fence status 5 receive -1 from 3 walltime 1778232513 local 1504
May 08 09:28:34 ip-172-31-33-18.eu-west-1.compute.internal dlm_controld[10196]: 1505 fence status 5 receive -1 from 4 walltime 1778232514 local 1505
May 08 09:28:34 ip-172-31-33-18.eu-west-1.compute.internal dlm_controld[10196]: 1505 fence request 5 pid 12750 nodedown time 1778232474 fence_all dlm_stonith
May 08 09:28:35 ip-172-31-33-18.eu-west-1.compute.internal dlm_controld[10196]: 1506 fence result 5 pid 12750 result -1 term signal 6
May 08 09:28:35 ip-172-31-33-18.eu-west-1.compute.internal dlm_controld[10196]: 1506 fence status 5 receive -1 from 1 walltime 1778232515 local 1506
May 08 09:28:36 ip-172-31-33-18.eu-west-1.compute.internal dlm_controld[10196]: 1507 fence status 5 receive -1 from 2 walltime 1778232516 local 1507
May 08 09:28:37 ip-172-31-33-18.eu-west-1.compute.internal dlm_controld[10196]: 1508 fence status 5 receive -1 from 3 walltime 1778232517 local 1508
May 08 09:28:38 ip-172-31-33-18.eu-west-1.compute.internal dlm_controld[10196]: 1509 fence status 5 receive -1 from 4 walltime 1778232518 local 1509
May 08 09:28:38 ip-172-31-33-18.eu-west-1.compute.internal dlm_controld[10196]: 1509 fence request 5 pid 12751 nodedown time 1778232474 fence_all dlm_stonith
May 08 09:28:39 ip-172-31-33-18.eu-west-1.compute.internal dlm_controld[10196]: 1510 fence result 5 pid 12751 result -1 term signal 6
May 08 09:28:39 ip-172-31-33-18.eu-west-1.compute.internal dlm_controld[10196]: 1510 fence status 5 receive -1 from 1 walltime 1778232519 local 1510
May 08 09:28:40 ip-172-31-33-18.eu-west-1.compute.internal dlm_controld[10196]: 1511 fence status 5 receive -1 from 2 walltime 1778232520 local 1511
May 08 09:28:41 ip-172-31-33-18.eu-west-1.compute.internal dlm_controld[10196]: 1512 fence status 5 receive -1 from 3 walltime 1778232521 local 1512
May 08 09:28:42 ip-172-31-33-18.eu-west-1.compute.internal dlm_controld[10196]: 1513 fence status 5 receive -1 from 4 walltime 1778232522 local 1513
May 08 09:28:42 ip-172-31-33-18.eu-west-1.compute.internal dlm_controld[10196]: 1513 fence request 5 pid 12752 nodedown time 1778232474 fence_all dlm_stonith
May 08 09:28:43 ip-172-31-33-18.eu-west-1.compute.internal dlm_controld[10196]: 1514 fence result 5 pid 12752 result -1 term signal 6
May 08 09:28:43 ip-172-31-33-18.eu-west-1.compute.internal dlm_controld[10196]: 1514 fence status 5 receive -1 from 1 walltime 1778232523 local 1514
May 08 09:28:44 ip-172-31-33-18.eu-west-1.compute.internal dlm_controld[10196]: 1515 fence status 5 receive -1 from 2 walltime 1778232524 local 1515
May 08 09:28:45 ip-172-31-33-18.eu-west-1.compute.internal dlm_controld[10196]: 1516 fence status 5 receive -1 from 3 walltime 1778232525 local 1516
May 08 09:28:46 ip-172-31-33-18.eu-west-1.compute.internal dlm_controld[10196]: 1517 fence status 5 receive -1 from 4 walltime 1778232526 local 1517
May 08 09:28:46 ip-172-31-33-18.eu-west-1.compute.internal dlm_controld[10196]: 1517 fence request 5 pid 12794 nodedown time 1778232474 fence_all dlm_stonith
May 08 09:28:47 ip-172-31-33-18.eu-west-1.compute.internal dlm_controld[10196]: 1518 fence result 5 pid 12794 result -1 term signal 6
May 08 09:28:47 ip-172-31-33-18.eu-west-1.compute.internal dlm_controld[10196]: 1518 fence status 5 receive -1 from 1 walltime 1778232527 local 1518
May 08 09:28:48 ip-172-31-33-18.eu-west-1.compute.internal dlm_controld[10196]: 1519 fence status 5 receive -1 from 2 walltime 1778232528 local 1519
May 08 09:28:49 ip-172-31-33-18.eu-west-1.compute.internal dlm_controld[10196]: 1520 fence status 5 receive -1 from 3 walltime 1778232529 local 1520
May 08 09:28:50 ip-172-31-33-18.eu-west-1.compute.internal dlm_controld[10196]: 1521 fence status 5 receive -1 from 4 walltime 1778232530 local 1521
May 08 09:28:50 ip-172-31-33-18.eu-west-1.compute.internal dlm_controld[10196]: 1521 fence request 5 pid 12795 nodedown time 1778232474 fence_all dlm_stonith
May 08 09:28:51 ip-172-31-33-18.eu-west-1.compute.internal dlm_controld[10196]: 1522 fence result 5 pid 12795 result -1 term signal 6
May 08 09:28:51 ip-172-31-33-18.eu-west-1.compute.internal dlm_controld[10196]: 1522 fence status 5 receive -1 from 1 walltime 1778232531 local 1522
May 08 09:28:52 ip-172-31-33-18.eu-west-1.compute.internal dlm_controld[10196]: 1523 fence status 5 receive -1 from 2 walltime 1778232532 local 1523
May 08 09:28:53 ip-172-31-33-18.eu-west-1.compute.internal dlm_controld[10196]: 1524 fence status 5 receive -1 from 3 walltime 1778232533 local 1524
May 08 09:28:54 ip-172-31-33-18.eu-west-1.compute.internal dlm_controld[10196]: 1525 fence status 5 receive -1 from 4 walltime 1778232534 local 1525
May 08 09:28:54 ip-172-31-33-18.eu-west-1.compute.internal dlm_controld[10196]: 1525 fence request 5 pid 12837 nodedown time 1778232474 fence_all dlm_stonith
May 08 09:28:55 ip-172-31-33-18.eu-west-1.compute.internal dlm_controld[10196]: 1526 fence result 5 pid 12837 result -1 term signal 6
May 08 09:28:55 ip-172-31-33-18.eu-west-1.compute.internal dlm_controld[10196]: 1526 fence status 5 receive -1 from 1 walltime 1778232535 local 1526
May 08 09:28:56 ip-172-31-33-18.eu-west-1.compute.internal dlm_controld[10196]: 1527 fence status 5 receive -1 from 2 walltime 1778232536 local 1527
May 08 09:28:57 ip-172-31-33-18.eu-west-1.compute.internal dlm_controld[10196]: 1528 fence status 5 receive -1 from 3 walltime 1778232537 local 1528
May 08 09:28:58 ip-172-31-33-18.eu-west-1.compute.internal dlm_controld[10196]: 1529 fence status 5 receive -1 from 4 walltime 1778232538 local 1529
May 08 09:28:58 ip-172-31-33-18.eu-west-1.compute.internal dlm_controld[10196]: 1529 fence request 5 pid 12856 nodedown time 1778232474 fence_all dlm_stonith
May 08 09:28:59 ip-172-31-33-18.eu-west-1.compute.internal dlm_controld[10196]: 1530 fence result 5 pid 12856 result -1 term signal 6
May 08 09:28:59 ip-172-31-33-18.eu-west-1.compute.internal dlm_controld[10196]: 1530 fence status 5 receive -1 from 1 walltime 1778232539 local 1530
May 08 09:29:00 ip-172-31-33-18.eu-west-1.compute.internal dlm_controld[10196]: 1531 fence status 5 receive -1 from 2 walltime 1778232540 local 1531
May 08 09:29:01 ip-172-31-33-18.eu-west-1.compute.internal dlm_controld[10196]: 1532 fence status 5 receive -1 from 3 walltime 1778232541 local 1532
May 08 09:29:02 ip-172-31-33-18.eu-west-1.compute.internal dlm_controld[10196]: 1533 fence status 5 receive -1 from 4 walltime 1778232542 local 1533
May 08 09:29:02 ip-172-31-33-18.eu-west-1.compute.internal dlm_controld[10196]: 1533 fence request 5 pid 12857 nodedown time 1778232474 fence_all dlm_stonith
May 08 09:29:03 ip-172-31-33-18.eu-west-1.compute.internal dlm_controld[10196]: 1534 fence result 5 pid 12857 result -1 term signal 6
May 08 09:29:03 ip-172-31-33-18.eu-west-1.compute.internal dlm_controld[10196]: 1534 fence status 5 receive -1 from 1 walltime 1778232543 local 1534
May 08 09:29:04 ip-172-31-33-18.eu-west-1.compute.internal dlm_controld[10196]: 1535 fence status 5 receive -1 from 2 walltime 1778232544 local 1535
May 08 09:29:05 ip-172-31-33-18.eu-west-1.compute.internal dlm_controld[10196]: 1536 fence status 5 receive -1 from 3 walltime 1778232545 local 1536
May 08 09:29:06 ip-172-31-33-18.eu-west-1.compute.internal dlm_controld[10196]: 1537 fence status 5 receive -1 from 4 walltime 1778232546 local 1537
May 08 09:29:06 ip-172-31-33-18.eu-west-1.compute.internal dlm_controld[10196]: 1537 fence request 5 pid 12916 nodedown time 1778232474 fence_all dlm_stonith
May 08 09:29:07 ip-172-31-33-18.eu-west-1.compute.internal dlm_controld[10196]: 1538 fence result 5 pid 12916 result -1 term signal 6
May 08 09:29:07 ip-172-31-33-18.eu-west-1.compute.internal dlm_controld[10196]: 1538 fence status 5 receive -1 from 1 walltime 1778232547 local 1538
May 08 09:29:08 ip-172-31-33-18.eu-west-1.compute.internal dlm_controld[10196]: 1539 fence status 5 receive -1 from 2 walltime 1778232548 local 1539
May 08 09:29:09 ip-172-31-33-18.eu-west-1.compute.internal dlm_controld[10196]: 1540 fence status 5 receive -1 from 3 walltime 1778232549 local 1540
May 08 09:29:10 ip-172-31-33-18.eu-west-1.compute.internal dlm_controld[10196]: 1541 fence status 5 receive -1 from 4 walltime 1778232550 local 1541
May 08 09:29:10 ip-172-31-33-18.eu-west-1.compute.internal dlm_controld[10196]: 1541 fence request 5 pid 12917 nodedown time 1778232474 fence_all dlm_stonith
May 08 09:29:11 ip-172-31-33-18.eu-west-1.compute.internal dlm_controld[10196]: 1542 fence result 5 pid 12917 result -1 term signal 6
May 08 09:29:11 ip-172-31-33-18.eu-west-1.compute.internal dlm_controld[10196]: 1542 fence status 5 receive -1 from 1 walltime 1778232551 local 1542
May 08 09:29:12 ip-172-31-33-18.eu-west-1.compute.internal dlm_controld[10196]: 1543 fence status 5 receive -1 from 2 walltime 1778232552 local 1543
May 08 09:29:13 ip-172-31-33-18.eu-west-1.compute.internal dlm_controld[10196]: 1544 fence status 5 receive -1 from 3 walltime 1778232553 local 1544
May 08 09:29:14 ip-172-31-33-18.eu-west-1.compute.internal dlm_controld[10196]: 1545 fence status 5 receive -1 from 4 walltime 1778232554 local 1545
May 08 09:29:14 ip-172-31-33-18.eu-west-1.compute.internal dlm_controld[10196]: 1545 fence request 5 pid 12959 nodedown time 1778232474 fence_all dlm_stonith
May 08 09:29:15 ip-172-31-33-18.eu-west-1.compute.internal dlm_controld[10196]: 1546 fence result 5 pid 12959 result -1 term signal 6
May 08 09:29:15 ip-172-31-33-18.eu-west-1.compute.internal dlm_controld[10196]: 1546 fence status 5 receive -1 from 1 walltime 1778232555 local 1546
May 08 09:29:16 ip-172-31-33-18.eu-west-1.compute.internal dlm_controld[10196]: 1547 fence status 5 receive -1 from 2 walltime 1778232556 local 1547
May 08 09:29:17 ip-172-31-33-18.eu-west-1.compute.internal dlm_controld[10196]: 1548 fence status 5 receive -1 from 3 walltime 1778232557 local 1548
May 08 09:29:18 ip-172-31-33-18.eu-west-1.compute.internal dlm_controld[10196]: 1549 fence status 5 receive -1 from 4 walltime 1778232558 local 1549
May 08 09:29:18 ip-172-31-33-18.eu-west-1.compute.internal dlm_controld[10196]: 1549 fence request 5 pid 12960 nodedown time 1778232474 fence_all dlm_stonith
May 08 09:29:19 ip-172-31-33-18.eu-west-1.compute.internal dlm_controld[10196]: 1550 fence result 5 pid 12960 result -1 term signal 6
May 08 09:29:19 ip-172-31-33-18.eu-west-1.compute.internal dlm_controld[10196]: 1550 fence status 5 receive -1 from 1 walltime 1778232559 local 1550
May 08 09:29:20 ip-172-31-33-18.eu-west-1.compute.internal dlm_controld[10196]: 1551 fence status 5 receive -1 from 2 walltime 1778232560 local 1551
May 08 09:29:21 ip-172-31-33-18.eu-west-1.compute.internal dlm_controld[10196]: 1552 fence status 5 receive -1 from 3 walltime 1778232561 local 1552
May 08 09:29:22 ip-172-31-33-18.eu-west-1.compute.internal dlm_controld[10196]: 1553 fence status 5 receive -1 from 4 walltime 1778232562 local 1553
May 08 09:29:22 ip-172-31-33-18.eu-west-1.compute.internal dlm_controld[10196]: 1553 fence request 5 pid 12961 nodedown time 1778232474 fence_all dlm_stonith
May 08 09:29:23 ip-172-31-33-18.eu-west-1.compute.internal dlm_controld[10196]: 1554 fence result 5 pid 12961 result -1 term signal 6
May 08 09:29:23 ip-172-31-33-18.eu-west-1.compute.internal dlm_controld[10196]: 1554 fence status 5 receive -1 from 1 walltime 1778232563 local 1554
May 08 09:29:24 ip-172-31-33-18.eu-west-1.compute.internal dlm_controld[10196]: 1555 fence status 5 receive -1 from 2 walltime 1778232564 local 1555
May 08 09:29:25 ip-172-31-33-18.eu-west-1.compute.internal dlm_controld[10196]: 1556 fence status 5 receive -1 from 3 walltime 1778232565 local 1556
May 08 09:29:26 ip-172-31-33-18.eu-west-1.compute.internal dlm_controld[10196]: 1557 fence status 5 receive -1 from 4 walltime 1778232566 local 1557
May 08 09:29:26 ip-172-31-33-18.eu-west-1.compute.internal dlm_controld[10196]: 1557 fence request 5 pid 13003 nodedown time 1778232474 fence_all dlm_stonith
May 08 09:29:27 ip-172-31-33-18.eu-west-1.compute.internal dlm_controld[10196]: 1558 fence result 5 pid 13003 result -1 term signal 6
May 08 09:29:27 ip-172-31-33-18.eu-west-1.compute.internal dlm_controld[10196]: 1558 fence status 5 receive -1 from 1 walltime 1778232567 local 1558
May 08 09:29:28 ip-172-31-33-18.eu-west-1.compute.internal dlm_controld[10196]: 1559 fence status 5 receive -1 from 2 walltime 1778232568 local 1559
May 08 09:29:29 ip-172-31-33-18.eu-west-1.compute.internal dlm_controld[10196]: 1560 fence status 5 receive -1 from 3 walltime 1778232569 local 1560
May 08 09:29:30 ip-172-31-33-18.eu-west-1.compute.internal dlm_controld[10196]: 1561 fence status 5 receive -1 from 4 walltime 1778232570 local 1561
May 08 09:29:30 ip-172-31-33-18.eu-west-1.compute.internal dlm_controld[10196]: 1561 fence request 5 pid 13022 nodedown time 1778232474 fence_all dlm_stonith
May 08 09:29:31 ip-172-31-33-18.eu-west-1.compute.internal dlm_controld[10196]: 1562 fence result 5 pid 13022 result -1 term signal 6
May 08 09:29:31 ip-172-31-33-18.eu-west-1.compute.internal dlm_controld[10196]: 1562 fence status 5 receive -1 from 1 walltime 1778232571 local 1562
May 08 09:29:32 ip-172-31-33-18.eu-west-1.compute.internal dlm_controld[10196]: 1563 fence status 5 receive -1 from 2 walltime 1778232572 local 1563
May 08 09:29:33 ip-172-31-33-18.eu-west-1.compute.internal dlm_controld[10196]: 1564 fence status 5 receive -1 from 3 walltime 1778232573 local 1564
May 08 09:29:34 ip-172-31-33-18.eu-west-1.compute.internal dlm_controld[10196]: 1565 fence status 5 receive -1 from 4 walltime 1778232574 local 1565
May 08 09:29:34 ip-172-31-33-18.eu-west-1.compute.internal dlm_controld[10196]: 1565 fence request 5 pid 13080 nodedown time 1778232474 fence_all dlm_stonith
May 08 09:29:35 ip-172-31-33-18.eu-west-1.compute.internal dlm_controld[10196]: 1566 fence result 5 pid 13080 result -1 term signal 6
May 08 09:29:35 ip-172-31-33-18.eu-west-1.compute.internal dlm_controld[10196]: 1566 fence status 5 receive -1 from 1 walltime 1778232575 local 1566
May 08 09:29:36 ip-172-31-33-18.eu-west-1.compute.internal dlm_controld[10196]: 1567 fence status 5 receive -1 from 2 walltime 1778232576 local 1567
May 08 09:29:37 ip-172-31-33-18.eu-west-1.compute.internal dlm_controld[10196]: 1568 fence status 5 receive -1 from 3 walltime 1778232577 local 1568
May 08 09:29:38 ip-172-31-33-18.eu-west-1.compute.internal dlm_controld[10196]: 1569 fence status 5 receive -1 from 4 walltime 1778232578 local 1569
May 08 09:29:38 ip-172-31-33-18.eu-west-1.compute.internal dlm_controld[10196]: 1569 fence request 5 pid 13081 nodedown time 1778232474 fence_all dlm_stonith
May 08 09:29:39 ip-172-31-33-18.eu-west-1.compute.internal dlm_controld[10196]: 1570 fence result 5 pid 13081 result -1 term signal 6
May 08 09:29:39 ip-172-31-33-18.eu-west-1.compute.internal dlm_controld[10196]: 1570 fence status 5 receive -1 from 1 walltime 1778232579 local 1570
May 08 09:29:40 ip-172-31-33-18.eu-west-1.compute.internal dlm_controld[10196]: 1571 fence status 5 receive -1 from 2 walltime 1778232580 local 1571
May 08 09:29:41 ip-172-31-33-18.eu-west-1.compute.internal dlm_controld[10196]: 1572 fence status 5 receive -1 from 3 walltime 1778232581 local 1572
May 08 09:29:42 ip-172-31-33-18.eu-west-1.compute.internal dlm_controld[10196]: 1573 fence status 5 receive -1 from 4 walltime 1778232582 local 1573
May 08 09:29:42 ip-172-31-33-18.eu-west-1.compute.internal dlm_controld[10196]: 1573 fence request 5 pid 13082 nodedown time 1778232474 fence_all dlm_stonith
May 08 09:29:43 ip-172-31-33-18.eu-west-1.compute.internal dlm_controld[10196]: 1574 fence result 5 pid 13082 result -1 term signal 6
May 08 09:29:43 ip-172-31-33-18.eu-west-1.compute.internal dlm_controld[10196]: 1574 fence status 5 receive -1 from 1 walltime 1778232583 local 1574
May 08 09:29:44 ip-172-31-33-18.eu-west-1.compute.internal dlm_controld[10196]: 1575 fence status 5 receive -1 from 2 walltime 1778232584 local 1575
May 08 09:29:45 ip-172-31-33-18.eu-west-1.compute.internal dlm_controld[10196]: 1576 fence status 5 receive -1 from 3 walltime 1778232585 local 1576
May 08 09:29:46 ip-172-31-33-18.eu-west-1.compute.internal dlm_controld[10196]: 1577 fence status 5 receive -1 from 4 walltime 1778232586 local 1577
May 08 09:29:46 ip-172-31-33-18.eu-west-1.compute.internal dlm_controld[10196]: 1577 fence request 5 pid 13124 nodedown time 1778232474 fence_all dlm_stonith
May 08 09:29:47 ip-172-31-33-18.eu-west-1.compute.internal dlm_controld[10196]: 1578 fence result 5 pid 13124 result -1 term signal 6
May 08 09:29:47 ip-172-31-33-18.eu-west-1.compute.internal dlm_controld[10196]: 1578 fence status 5 receive -1 from 1 walltime 1778232587 local 1578
May 08 09:29:48 ip-172-31-33-18.eu-west-1.compute.internal dlm_controld[10196]: 1579 fence status 5 receive -1 from 2 walltime 1778232588 local 1579
May 08 09:29:49 ip-172-31-33-18.eu-west-1.compute.internal dlm_controld[10196]: 1580 fence status 5 receive -1 from 3 walltime 1778232589 local 1580
May 08 09:29:50 ip-172-31-33-18.eu-west-1.compute.internal dlm_controld[10196]: 1581 fence status 5 receive -1 from 4 walltime 1778232590 local 1581
May 08 09:29:50 ip-172-31-33-18.eu-west-1.compute.internal dlm_controld[10196]: 1581 fence request 5 pid 13125 nodedown time 1778232474 fence_all dlm_stonith
May 08 09:29:51 ip-172-31-33-18.eu-west-1.compute.internal dlm_controld[10196]: 1582 fence result 5 pid 13125 result -1 term signal 6
May 08 09:29:51 ip-172-31-33-18.eu-west-1.compute.internal dlm_controld[10196]: 1582 fence status 5 receive -1 from 1 walltime 1778232591 local 1582
May 08 09:29:52 ip-172-31-33-18.eu-west-1.compute.internal dlm_controld[10196]: 1583 fence status 5 receive -1 from 2 walltime 1778232592 local 1583
May 08 09:29:53 ip-172-31-33-18.eu-west-1.compute.internal dlm_controld[10196]: 1584 fence status 5 receive -1 from 3 walltime 1778232593 local 1584
May 08 09:29:54 ip-172-31-33-18.eu-west-1.compute.internal dlm_controld[10196]: 1585 fence status 5 receive -1 from 4 walltime 1778232594 local 1585
May 08 09:29:54 ip-172-31-33-18.eu-west-1.compute.internal dlm_controld[10196]: 1585 fence request 5 pid 13168 nodedown time 1778232474 fence_all dlm_stonith
May 08 09:29:55 ip-172-31-33-18.eu-west-1.compute.internal dlm_controld[10196]: 1586 fence result 5 pid 13168 result -1 term signal 6
May 08 09:29:55 ip-172-31-33-18.eu-west-1.compute.internal dlm_controld[10196]: 1586 fence status 5 receive -1 from 1 walltime 1778232595 local 1586
May 08 09:29:56 ip-172-31-33-18.eu-west-1.compute.internal dlm_controld[10196]: 1587 fence status 5 receive -1 from 2 walltime 1778232596 local 1587
May 08 09:29:57 ip-172-31-33-18.eu-west-1.compute.internal dlm_controld[10196]: 1588 fence status 5 receive -1 from 3 walltime 1778232597 local 1588
May 08 09:29:58 ip-172-31-33-18.eu-west-1.compute.internal dlm_controld[10196]: 1589 fence status 5 receive -1 from 4 walltime 1778232598 local 1589
May 08 09:29:58 ip-172-31-33-18.eu-west-1.compute.internal dlm_controld[10196]: 1589 fence request 5 pid 13187 nodedown time 1778232474 fence_all dlm_stonith
May 08 09:29:59 ip-172-31-33-18.eu-west-1.compute.internal dlm_controld[10196]: 1590 fence result 5 pid 13187 result -1 term signal 6
May 08 09:29:59 ip-172-31-33-18.eu-west-1.compute.internal dlm_controld[10196]: 1590 fence status 5 receive -1 from 1 walltime 1778232599 local 1590
May 08 09:30:00 ip-172-31-33-18.eu-west-1.compute.internal dlm_controld[10196]: 1591 fence status 5 receive -1 from 2 walltime 1778232600 local 1591
May 08 09:30:01 ip-172-31-33-18.eu-west-1.compute.internal dlm_controld[10196]: 1592 fence status 5 receive -1 from 3 walltime 1778232601 local 1592
May 08 09:30:02 ip-172-31-33-18.eu-west-1.compute.internal dlm_controld[10196]: 1593 fence status 5 receive -1 from 4 walltime 1778232602 local 1593
May 08 09:30:02 ip-172-31-33-18.eu-west-1.compute.internal dlm_controld[10196]: 1593 fence request 5 pid 13196 nodedown time 1778232474 fence_all dlm_stonith
May 08 09:30:03 ip-172-31-33-18.eu-west-1.compute.internal dlm_controld[10196]: 1594 fence result 5 pid 13196 result -1 term signal 6
May 08 09:30:03 ip-172-31-33-18.eu-west-1.compute.internal dlm_controld[10196]: 1594 fence status 5 receive -1 from 1 walltime 1778232603 local 1594
May 08 09:30:04 ip-172-31-33-18.eu-west-1.compute.internal dlm_controld[10196]: 1595 fence status 5 receive -1 from 2 walltime 1778232604 local 1595
May 08 09:30:05 ip-172-31-33-18.eu-west-1.compute.internal dlm_controld[10196]: 1596 fence status 5 receive -1 from 3 walltime 1778232605 local 1596
May 08 09:30:06 ip-172-31-33-18.eu-west-1.compute.internal dlm_controld[10196]: 1597 fence status 5 receive -1 from 4 walltime 1778232606 local 1597
May 08 09:30:06 ip-172-31-33-18.eu-west-1.compute.internal dlm_controld[10196]: 1597 fence request 5 pid 13255 nodedown time 1778232474 fence_all dlm_stonith
May 08 09:30:07 ip-172-31-33-18.eu-west-1.compute.internal dlm_controld[10196]: 1598 fence result 5 pid 13255 result -1 term signal 6
May 08 09:30:07 ip-172-31-33-18.eu-west-1.compute.internal dlm_controld[10196]: 1598 fence status 5 receive -1 from 1 walltime 1778232607 local 1598
May 08 09:30:08 ip-172-31-33-18.eu-west-1.compute.internal dlm_controld[10196]: 1599 fence status 5 receive -1 from 2 walltime 1778232608 local 1599
May 08 09:30:09 ip-172-31-33-18.eu-west-1.compute.internal dlm_controld[10196]: 1600 fence status 5 receive -1 from 3 walltime 1778232609 local 1600
May 08 09:30:10 ip-172-31-33-18.eu-west-1.compute.internal dlm_controld[10196]: 1601 fence status 5 receive -1 from 4 walltime 1778232610 local 1601
May 08 09:30:10 ip-172-31-33-18.eu-west-1.compute.internal dlm_controld[10196]: 1601 fence request 5 pid 13306 nodedown time 1778232474 fence_all dlm_stonith
May 08 09:30:11 ip-172-31-33-18.eu-west-1.compute.internal dlm_controld[10196]: 1602 fence result 5 pid 13306 result -1 term signal 6
May 08 09:30:11 ip-172-31-33-18.eu-west-1.compute.internal dlm_controld[10196]: 1602 fence status 5 receive -1 from 1 walltime 1778232611 local 1602
May 08 09:30:12 ip-172-31-33-18.eu-west-1.compute.internal dlm_controld[10196]: 1603 fence status 5 receive -1 from 2 walltime 1778232612 local 1603
May 08 09:30:13 ip-172-31-33-18.eu-west-1.compute.internal dlm_controld[10196]: 1604 fence status 5 receive -1 from 3 walltime 1778232613 local 1604
May 08 09:30:14 ip-172-31-33-18.eu-west-1.compute.internal dlm_controld[10196]: 1605 fence status 5 receive -1 from 4 walltime 1778232614 local 1605
May 08 09:30:14 ip-172-31-33-18.eu-west-1.compute.internal dlm_controld[10196]: 1605 fence request 5 pid 13348 nodedown time 1778232474 fence_all dlm_stonith
May 08 09:30:15 ip-172-31-33-18.eu-west-1.compute.internal dlm_controld[10196]: 1606 fence result 5 pid 13348 result -1 term signal 6
May 08 09:30:15 ip-172-31-33-18.eu-west-1.compute.internal dlm_controld[10196]: 1606 fence status 5 receive -1 from 1 walltime 1778232615 local 1606
May 08 09:30:16 ip-172-31-33-18.eu-west-1.compute.internal dlm_controld[10196]: 1607 fence status 5 receive -1 from 2 walltime 1778232616 local 1607
May 08 09:30:17 ip-172-31-33-18.eu-west-1.compute.internal dlm_controld[10196]: 1608 fence status 5 receive -1 from 3 walltime 1778232617 local 1608
May 08 09:30:18 ip-172-31-33-18.eu-west-1.compute.internal dlm_controld[10196]: 1609 fence status 5 receive -1 from 4 walltime 1778232618 local 1609
May 08 09:30:18 ip-172-31-33-18.eu-west-1.compute.internal dlm_controld[10196]: 1609 fence request 5 pid 13349 nodedown time 1778232474 fence_all dlm_stonith
May 08 09:30:19 ip-172-31-33-18.eu-west-1.compute.internal dlm_controld[10196]: 1610 fence result 5 pid 13349 result -1 term signal 6
May 08 09:30:19 ip-172-31-33-18.eu-west-1.compute.internal dlm_controld[10196]: 1610 fence status 5 receive -1 from 1 walltime 1778232619 local 1610
May 08 09:30:20 ip-172-31-33-18.eu-west-1.compute.internal dlm_controld[10196]: 1611 fence status 5 receive -1 from 2 walltime 1778232620 local 1611
May 08 09:30:21 ip-172-31-33-18.eu-west-1.compute.internal dlm_controld[10196]: 1612 fence status 5 receive -1 from 3 walltime 1778232621 local 1612
May 08 09:30:22 ip-172-31-33-18.eu-west-1.compute.internal dlm_controld[10196]: 1613 fence status 5 receive -1 from 4 walltime 1778232622 local 1613
May 08 09:30:22 ip-172-31-33-18.eu-west-1.compute.internal dlm_controld[10196]: 1613 fence request 5 pid 13350 nodedown time 1778232474 fence_all dlm_stonith
May 08 09:30:23 ip-172-31-33-18.eu-west-1.compute.internal dlm_controld[10196]: 1614 fence result 5 pid 13350 result -1 term signal 6
May 08 09:30:23 ip-172-31-33-18.eu-west-1.compute.internal dlm_controld[10196]: 1614 fence status 5 receive -1 from 1 walltime 1778232623 local 1614
May 08 09:30:24 ip-172-31-33-18.eu-west-1.compute.internal dlm_controld[10196]: 1615 fence status 5 receive -1 from 2 walltime 1778232624 local 1615
May 08 09:30:25 ip-172-31-33-18.eu-west-1.compute.internal dlm_controld[10196]: 1616 fence status 5 receive -1 from 3 walltime 1778232625 local 1616
May 08 09:30:26 ip-172-31-33-18.eu-west-1.compute.internal dlm_controld[10196]: 1617 fence status 5 receive -1 from 4 walltime 1778232626 local 1617
May 08 09:30:26 ip-172-31-33-18.eu-west-1.compute.internal dlm_controld[10196]: 1617 fence request 5 pid 13392 nodedown time 1778232474 fence_all dlm_stonith
May 08 09:30:27 ip-172-31-33-18.eu-west-1.compute.internal dlm_controld[10196]: 1618 fence result 5 pid 13392 result -1 term signal 6
May 08 09:30:27 ip-172-31-33-18.eu-west-1.compute.internal dlm_controld[10196]: 1618 fence status 5 receive -1 from 1 walltime 1778232627 local 1618
May 08 09:30:28 ip-172-31-33-18.eu-west-1.compute.internal dlm_controld[10196]: 1619 fence status 5 receive -1 from 2 walltime 1778232628 local 1619
May 08 09:30:29 ip-172-31-33-18.eu-west-1.compute.internal dlm_controld[10196]: 1620 fence status 5 receive -1 from 3 walltime 1778232629 local 1620
May 08 09:30:30 ip-172-31-33-18.eu-west-1.compute.internal dlm_controld[10196]: 1621 fence status 5 receive -1 from 4 walltime 1778232630 local 1621
May 08 09:30:30 ip-172-31-33-18.eu-west-1.compute.internal dlm_controld[10196]: 1621 fence request 5 pid 13411 nodedown time 1778232474 fence_all dlm_stonith
May 08 09:30:31 ip-172-31-33-18.eu-west-1.compute.internal dlm_controld[10196]: 1622 fence result 5 pid 13411 result -1 term signal 6
May 08 09:30:31 ip-172-31-33-18.eu-west-1.compute.internal dlm_controld[10196]: 1622 fence status 5 receive -1 from 1 walltime 1778232631 local 1622
May 08 09:30:32 ip-172-31-33-18.eu-west-1.compute.internal dlm_controld[10196]: 1623 fence status 5 receive -1 from 2 walltime 1778232632 local 1623
May 08 09:30:33 ip-172-31-33-18.eu-west-1.compute.internal dlm_controld[10196]: 1624 fence status 5 receive -1 from 3 walltime 1778232633 local 1624
May 08 09:30:34 ip-172-31-33-18.eu-west-1.compute.internal dlm_controld[10196]: 1625 fence status 5 receive -1 from 4 walltime 1778232634 local 1625
May 08 09:30:34 ip-172-31-33-18.eu-west-1.compute.internal dlm_controld[10196]: 1625 fence request 5 pid 13469 nodedown time 1778232474 fence_all dlm_stonith
May 08 09:30:35 ip-172-31-33-18.eu-west-1.compute.internal dlm_controld[10196]: 1626 fence result 5 pid 13469 result -1 term signal 6
May 08 09:30:35 ip-172-31-33-18.eu-west-1.compute.internal dlm_controld[10196]: 1626 fence status 5 receive -1 from 1 walltime 1778232635 local 1626
May 08 09:30:36 ip-172-31-33-18.eu-west-1.compute.internal dlm_controld[10196]: 1627 fence status 5 receive -1 from 2 walltime 1778232636 local 1627
May 08 09:30:37 ip-172-31-33-18.eu-west-1.compute.internal dlm_controld[10196]: 1629 fence status 5 receive -1 from 3 walltime 1778232637 local 1629
May 08 09:30:38 ip-172-31-33-18.eu-west-1.compute.internal dlm_controld[10196]: 1630 fence status 5 receive -1 from 4 walltime 1778232638 local 1630
May 08 09:30:38 ip-172-31-33-18.eu-west-1.compute.internal dlm_controld[10196]: 1630 fence request 5 pid 13470 nodedown time 1778232474 fence_all dlm_stonith
May 08 09:30:39 ip-172-31-33-18.eu-west-1.compute.internal dlm_controld[10196]: 1631 fence result 5 pid 13470 result -1 term signal 6
May 08 09:30:39 ip-172-31-33-18.eu-west-1.compute.internal dlm_controld[10196]: 1631 fence status 5 receive -1 from 1 walltime 1778232639 local 1631
May 08 09:30:40 ip-172-31-33-18.eu-west-1.compute.internal dlm_controld[10196]: 1632 fence status 5 receive -1 from 2 walltime 1778232640 local 1632
May 08 09:30:41 ip-172-31-33-18.eu-west-1.compute.internal dlm_controld[10196]: 1633 fence status 5 receive -1 from 3 walltime 1778232641 local 1633
May 08 09:30:42 ip-172-31-33-18.eu-west-1.compute.internal dlm_controld[10196]: 1634 fence status 5 receive -1 from 4 walltime 1778232642 local 1634
May 08 09:30:42 ip-172-31-33-18.eu-west-1.compute.internal dlm_controld[10196]: 1634 fence request 5 pid 13471 nodedown time 1778232474 fence_all dlm_stonith
May 08 09:30:43 ip-172-31-33-18.eu-west-1.compute.internal dlm_controld[10196]: 1635 fence result 5 pid 13471 result -1 term signal 6
May 08 09:30:43 ip-172-31-33-18.eu-west-1.compute.internal dlm_controld[10196]: 1635 fence status 5 receive -1 from 1 walltime 1778232643 local 1635
May 08 09:30:44 ip-172-31-33-18.eu-west-1.compute.internal dlm_controld[10196]: 1636 fence status 5 receive -1 from 2 walltime 1778232644 local 1636
May 08 09:30:45 ip-172-31-33-18.eu-west-1.compute.internal dlm_controld[10196]: 1637 fence status 5 receive -1 from 3 walltime 1778232645 local 1637
May 08 09:30:46 ip-172-31-33-18.eu-west-1.compute.internal dlm_controld[10196]: 1638 fence status 5 receive -1 from 4 walltime 1778232646 local 1638
May 08 09:30:46 ip-172-31-33-18.eu-west-1.compute.internal dlm_controld[10196]: 1638 fence request 5 pid 13513 nodedown time 1778232474 fence_all dlm_stonith
May 08 09:30:47 ip-172-31-33-18.eu-west-1.compute.internal dlm_controld[10196]: 1639 fence result 5 pid 13513 result -1 term signal 6
May 08 09:30:47 ip-172-31-33-18.eu-west-1.compute.internal dlm_controld[10196]: 1639 fence status 5 receive -1 from 1 walltime 1778232647 local 1639
May 08 09:30:48 ip-172-31-33-18.eu-west-1.compute.internal dlm_controld[10196]: 1640 fence status 5 receive -1 from 2 walltime 1778232648 local 1640
May 08 09:30:49 ip-172-31-33-18.eu-west-1.compute.internal dlm_controld[10196]: 1641 fence status 5 receive -1 from 3 walltime 1778232649 local 1641
May 08 09:30:50 ip-172-31-33-18.eu-west-1.compute.internal dlm_controld[10196]: 1642 fence status 5 receive -1 from 4 walltime 1778232650 local 1642
May 08 09:30:50 ip-172-31-33-18.eu-west-1.compute.internal dlm_controld[10196]: 1642 fence request 5 pid 13514 nodedown time 1778232474 fence_all dlm_stonith
May 08 09:30:51 ip-172-31-33-18.eu-west-1.compute.internal dlm_controld[10196]: 1643 fence result 5 pid 13514 result -1 term signal 6
May 08 09:30:51 ip-172-31-33-18.eu-west-1.compute.internal dlm_controld[10196]: 1643 fence status 5 receive -1 from 1 walltime 1778232651 local 1643
May 08 09:30:53 ip-172-31-33-18.eu-west-1.compute.internal dlm_controld[10196]: 1644 fence status 5 receive -1 from 2 walltime 1778232652 local 1644
May 08 09:30:54 ip-172-31-33-18.eu-west-1.compute.internal dlm_controld[10196]: 1645 fence status 5 receive -1 from 3 walltime 1778232654 local 1645
May 08 09:30:55 ip-172-31-33-18.eu-west-1.compute.internal dlm_controld[10196]: 1646 fence status 5 receive -1 from 4 walltime 1778232655 local 1646
May 08 09:30:55 ip-172-31-33-18.eu-west-1.compute.internal dlm_controld[10196]: 1646 fence request 5 pid 13556 nodedown time 1778232474 fence_all dlm_stonith
May 08 09:30:56 ip-172-31-33-18.eu-west-1.compute.internal dlm_controld[10196]: 1647 fence result 5 pid 13556 result -1 term signal 6
May 08 09:30:56 ip-172-31-33-18.eu-west-1.compute.internal dlm_controld[10196]: 1647 fence status 5 receive -1 from 1 walltime 1778232656 local 1647
May 08 09:30:57 ip-172-31-33-18.eu-west-1.compute.internal dlm_controld[10196]: 1648 fence status 5 receive -1 from 2 walltime 1778232657 local 1648
May 08 09:30:58 ip-172-31-33-18.eu-west-1.compute.internal dlm_controld[10196]: 1649 fence status 5 receive -1 from 3 walltime 1778232658 local 1649
May 08 09:30:59 ip-172-31-33-18.eu-west-1.compute.internal dlm_controld[10196]: 1650 fence status 5 receive -1 from 4 walltime 1778232659 local 1650
May 08 09:30:59 ip-172-31-33-18.eu-west-1.compute.internal dlm_controld[10196]: 1650 fence request 5 pid 13575 nodedown time 1778232474 fence_all dlm_stonith
May 08 09:31:00 ip-172-31-33-18.eu-west-1.compute.internal dlm_controld[10196]: 1651 fence result 5 pid 13575 result -1 term signal 6
May 08 09:31:00 ip-172-31-33-18.eu-west-1.compute.internal dlm_controld[10196]: 1651 fence status 5 receive -1 from 1 walltime 1778232660 local 1651
May 08 09:31:01 ip-172-31-33-18.eu-west-1.compute.internal dlm_controld[10196]: 1652 fence status 5 receive -1 from 2 walltime 1778232661 local 1652
May 08 09:31:02 ip-172-31-33-18.eu-west-1.compute.internal dlm_controld[10196]: 1653 fence status 5 receive -1 from 3 walltime 1778232662 local 1653
May 08 09:31:03 ip-172-31-33-18.eu-west-1.compute.internal dlm_controld[10196]: 1654 fence status 5 receive -1 from 4 walltime 1778232663 local 1654
May 08 09:31:03 ip-172-31-33-18.eu-west-1.compute.internal dlm_controld[10196]: 1654 fence request 5 pid 13576 nodedown time 1778232474 fence_all dlm_stonith
May 08 09:31:04 ip-172-31-33-18.eu-west-1.compute.internal dlm_controld[10196]: 1655 fence result 5 pid 13576 result -1 term signal 6
May 08 09:31:04 ip-172-31-33-18.eu-west-1.compute.internal dlm_controld[10196]: 1655 fence status 5 receive -1 from 1 walltime 1778232664 local 1655
May 08 09:31:05 ip-172-31-33-18.eu-west-1.compute.internal dlm_controld[10196]: 1656 fence status 5 receive -1 from 2 walltime 1778232665 local 1656
May 08 09:31:06 ip-172-31-33-18.eu-west-1.compute.internal dlm_controld[10196]: 1657 fence status 5 receive -1 from 3 walltime 1778232666 local 1657
May 08 09:31:07 ip-172-31-33-18.eu-west-1.compute.internal dlm_controld[10196]: 1658 fence status 5 receive -1 from 4 walltime 1778232667 local 1658
May 08 09:31:07 ip-172-31-33-18.eu-west-1.compute.internal dlm_controld[10196]: 1658 fence request 5 pid 13635 nodedown time 1778232474 fence_all dlm_stonith
May 08 09:31:08 ip-172-31-33-18.eu-west-1.compute.internal dlm_controld[10196]: 1659 fence result 5 pid 13635 result -1 term signal 6
May 08 09:31:08 ip-172-31-33-18.eu-west-1.compute.internal dlm_controld[10196]: 1659 fence status 5 receive -1 from 1 walltime 1778232668 local 1659
May 08 09:31:09 ip-172-31-33-18.eu-west-1.compute.internal dlm_controld[10196]: 1660 fence status 5 receive -1 from 2 walltime 1778232669 local 1660
May 08 09:31:10 ip-172-31-33-18.eu-west-1.compute.internal dlm_controld[10196]: 1661 fence status 5 receive -1 from 3 walltime 1778232670 local 1661
May 08 09:31:11 ip-172-31-33-18.eu-west-1.compute.internal dlm_controld[10196]: 1662 fence status 5 receive -1 from 4 walltime 1778232671 local 1662
May 08 09:31:11 ip-172-31-33-18.eu-west-1.compute.internal dlm_controld[10196]: 1662 fence request 5 pid 13636 nodedown time 1778232474 fence_all dlm_stonith
May 08 09:31:12 ip-172-31-33-18.eu-west-1.compute.internal dlm_controld[10196]: 1663 fence result 5 pid 13636 result -1 term signal 6
May 08 09:31:12 ip-172-31-33-18.eu-west-1.compute.internal dlm_controld[10196]: 1663 fence status 5 receive -1 from 1 walltime 1778232672 local 1663
May 08 09:31:13 ip-172-31-33-18.eu-west-1.compute.internal dlm_controld[10196]: 1664 fence status 5 receive -1 from 2 walltime 1778232673 local 1664
May 08 09:31:14 ip-172-31-33-18.eu-west-1.compute.internal dlm_controld[10196]: 1665 fence status 5 receive -1 from 3 walltime 1778232674 local 1665
May 08 09:31:15 ip-172-31-33-18.eu-west-1.compute.internal dlm_controld[10196]: 1666 fence status 5 receive -1 from 4 walltime 1778232675 local 1666
May 08 09:31:15 ip-172-31-33-18.eu-west-1.compute.internal dlm_controld[10196]: 1666 fence request 5 pid 13678 nodedown time 1778232474 fence_all dlm_stonith
May 08 09:31:16 ip-172-31-33-18.eu-west-1.compute.internal dlm_controld[10196]: 1667 fence result 5 pid 13678 result -1 term signal 6
May 08 09:31:16 ip-172-31-33-18.eu-west-1.compute.internal dlm_controld[10196]: 1667 fence status 5 receive -1 from 1 walltime 1778232676 local 1667
May 08 09:31:17 ip-172-31-33-18.eu-west-1.compute.internal dlm_controld[10196]: 1668 fence status 5 receive -1 from 2 walltime 1778232677 local 1668
May 08 09:31:18 ip-172-31-33-18.eu-west-1.compute.internal dlm_controld[10196]: 1669 fence status 5 receive -1 from 3 walltime 1778232678 local 1669
May 08 09:31:19 ip-172-31-33-18.eu-west-1.compute.internal dlm_controld[10196]: 1670 fence status 5 receive -1 from 4 walltime 1778232679 local 1670
May 08 09:31:19 ip-172-31-33-18.eu-west-1.compute.internal dlm_controld[10196]: 1670 fence request 5 pid 13679 nodedown time 1778232474 fence_all dlm_stonith
May 08 09:31:20 ip-172-31-33-18.eu-west-1.compute.internal dlm_controld[10196]: 1671 fence result 5 pid 13679 result -1 term signal 6
May 08 09:31:20 ip-172-31-33-18.eu-west-1.compute.internal dlm_controld[10196]: 1671 fence status 5 receive -1 from 1 walltime 1778232680 local 1671
May 08 09:31:21 ip-172-31-33-18.eu-west-1.compute.internal dlm_controld[10196]: 1672 fence status 5 receive -1 from 2 walltime 1778232681 local 1672
May 08 09:31:22 ip-172-31-33-18.eu-west-1.compute.internal dlm_controld[10196]: 1673 fence status 5 receive -1 from 3 walltime 1778232682 local 1673
May 08 09:31:23 ip-172-31-33-18.eu-west-1.compute.internal dlm_controld[10196]: 1674 fence status 5 receive -1 from 4 walltime 1778232683 local 1674
May 08 09:31:23 ip-172-31-33-18.eu-west-1.compute.internal dlm_controld[10196]: 1674 fence request 5 pid 13680 nodedown time 1778232474 fence_all dlm_stonith
May 08 09:31:24 ip-172-31-33-18.eu-west-1.compute.internal dlm_controld[10196]: 1675 fence result 5 pid 13680 result -1 term signal 6
May 08 09:31:24 ip-172-31-33-18.eu-west-1.compute.internal dlm_controld[10196]: 1675 fence status 5 receive -1 from 1 walltime 1778232684 local 1675
May 08 09:31:25 ip-172-31-33-18.eu-west-1.compute.internal dlm_controld[10196]: 1676 fence status 5 receive -1 from 2 walltime 1778232685 local 1676
May 08 09:31:26 ip-172-31-33-18.eu-west-1.compute.internal dlm_controld[10196]: 1677 fence status 5 receive -1 from 3 walltime 1778232686 local 1677
May 08 09:31:27 ip-172-31-33-18.eu-west-1.compute.internal dlm_controld[10196]: 1678 fence status 5 receive -1 from 4 walltime 1778232687 local 1678
May 08 09:31:27 ip-172-31-33-18.eu-west-1.compute.internal dlm_controld[10196]: 1678 fence request 5 pid 13722 nodedown time 1778232474 fence_all dlm_stonith
May 08 09:31:28 ip-172-31-33-18.eu-west-1.compute.internal dlm_controld[10196]: 1679 fence result 5 pid 13722 result -1 term signal 6
May 08 09:31:28 ip-172-31-33-18.eu-west-1.compute.internal dlm_controld[10196]: 1679 fence status 5 receive -1 from 1 walltime 1778232688 local 1679
May 08 09:31:29 ip-172-31-33-18.eu-west-1.compute.internal dlm_controld[10196]: 1680 fence status 5 receive -1 from 2 walltime 1778232689 local 1680
May 08 09:31:30 ip-172-31-33-18.eu-west-1.compute.internal dlm_controld[10196]: 1681 fence status 5 receive -1 from 3 walltime 1778232690 local 1681
May 08 09:31:31 ip-172-31-33-18.eu-west-1.compute.internal dlm_controld[10196]: 1682 fence status 5 receive -1 from 4 walltime 1778232691 local 1682
May 08 09:31:31 ip-172-31-33-18.eu-west-1.compute.internal dlm_controld[10196]: 1682 fence request 5 pid 13741 nodedown time 1778232474 fence_all dlm_stonith
May 08 09:31:32 ip-172-31-33-18.eu-west-1.compute.internal dlm_controld[10196]: 1683 fence result 5 pid 13741 result -1 term signal 6
May 08 09:31:32 ip-172-31-33-18.eu-west-1.compute.internal dlm_controld[10196]: 1683 fence status 5 receive -1 from 1 walltime 1778232692 local 1683
May 08 09:31:33 ip-172-31-33-18.eu-west-1.compute.internal dlm_controld[10196]: 1684 fence status 5 receive -1 from 2 walltime 1778232693 local 1684
May 08 09:31:34 ip-172-31-33-18.eu-west-1.compute.internal dlm_controld[10196]: 1685 fence status 5 receive -1 from 3 walltime 1778232694 local 1685
May 08 09:31:35 ip-172-31-33-18.eu-west-1.compute.internal dlm_controld[10196]: 1686 fence status 5 receive -1 from 4 walltime 1778232695 local 1686
May 08 09:31:35 ip-172-31-33-18.eu-west-1.compute.internal dlm_controld[10196]: 1686 fence request 5 pid 13799 nodedown time 1778232474 fence_all dlm_stonith
May 08 09:31:36 ip-172-31-33-18.eu-west-1.compute.internal dlm_controld[10196]: 1687 fence result 5 pid 13799 result -1 term signal 6
May 08 09:31:36 ip-172-31-33-18.eu-west-1.compute.internal dlm_controld[10196]: 1687 fence status 5 receive -1 from 1 walltime 1778232696 local 1687
May 08 09:31:37 ip-172-31-33-18.eu-west-1.compute.internal dlm_controld[10196]: 1688 fence status 5 receive -1 from 2 walltime 1778232697 local 1688
May 08 09:31:38 ip-172-31-33-18.eu-west-1.compute.internal dlm_controld[10196]: 1689 fence status 5 receive -1 from 3 walltime 1778232698 local 1689
May 08 09:31:39 ip-172-31-33-18.eu-west-1.compute.internal dlm_controld[10196]: 1690 fence status 5 receive -1 from 4 walltime 1778232699 local 1690
May 08 09:31:39 ip-172-31-33-18.eu-west-1.compute.internal dlm_controld[10196]: 1690 fence request 5 pid 13800 nodedown time 1778232474 fence_all dlm_stonith
May 08 09:31:40 ip-172-31-33-18.eu-west-1.compute.internal dlm_controld[10196]: 1691 fence result 5 pid 13800 result -1 term signal 6
May 08 09:31:40 ip-172-31-33-18.eu-west-1.compute.internal dlm_controld[10196]: 1691 fence status 5 receive -1 from 1 walltime 1778232700 local 1691
May 08 09:31:41 ip-172-31-33-18.eu-west-1.compute.internal dlm_controld[10196]: 1692 fence status 5 receive -1 from 2 walltime 1778232701 local 1692
May 08 09:31:42 ip-172-31-33-18.eu-west-1.compute.internal dlm_controld[10196]: 1693 fence status 5 receive -1 from 3 walltime 1778232702 local 1693
May 08 09:31:43 ip-172-31-33-18.eu-west-1.compute.internal dlm_controld[10196]: 1694 fence status 5 receive -1 from 4 walltime 1778232703 local 1694
May 08 09:31:43 ip-172-31-33-18.eu-west-1.compute.internal dlm_controld[10196]: 1694 fence request 5 pid 13842 nodedown time 1778232474 fence_all dlm_stonith
May 08 09:31:44 ip-172-31-33-18.eu-west-1.compute.internal dlm_controld[10196]: 1695 fence result 5 pid 13842 result -1 term signal 6
May 08 09:31:44 ip-172-31-33-18.eu-west-1.compute.internal dlm_controld[10196]: 1695 fence status 5 receive -1 from 1 walltime 1778232704 local 1695
May 08 09:31:45 ip-172-31-33-18.eu-west-1.compute.internal dlm_controld[10196]: 1696 fence status 5 receive -1 from 2 walltime 1778232705 local 1696
May 08 09:31:46 ip-172-31-33-18.eu-west-1.compute.internal dlm_controld[10196]: 1697 fence status 5 receive -1 from 3 walltime 1778232706 local 1697
May 08 09:31:47 ip-172-31-33-18.eu-west-1.compute.internal dlm_controld[10196]: 1698 fence status 5 receive -1 from 4 walltime 1778232707 local 1698
May 08 09:31:47 ip-172-31-33-18.eu-west-1.compute.internal dlm_controld[10196]: 1698 fence request 5 pid 13843 nodedown time 1778232474 fence_all dlm_stonith
May 08 09:31:48 ip-172-31-33-18.eu-west-1.compute.internal dlm_controld[10196]: 1699 fence result 5 pid 13843 result -1 term signal 6
May 08 09:31:48 ip-172-31-33-18.eu-west-1.compute.internal dlm_controld[10196]: 1699 fence status 5 receive -1 from 1 walltime 1778232708 local 1699
May 08 09:31:49 ip-172-31-33-18.eu-west-1.compute.internal dlm_controld[10196]: 1700 fence status 5 receive -1 from 2 walltime 1778232709 local 1700
May 08 09:31:50 ip-172-31-33-18.eu-west-1.compute.internal dlm_controld[10196]: 1701 fence status 5 receive -1 from 3 walltime 1778232710 local 1701
May 08 09:31:51 ip-172-31-33-18.eu-west-1.compute.internal dlm_controld[10196]: 1702 fence status 5 receive -1 from 4 walltime 1778232711 local 1702
May 08 09:31:51 ip-172-31-33-18.eu-west-1.compute.internal dlm_controld[10196]: 1702 fence request 5 pid 13844 nodedown time 1778232474 fence_all dlm_stonith
May 08 09:31:52 ip-172-31-33-18.eu-west-1.compute.internal dlm_controld[10196]: 1703 fence result 5 pid 13844 result -1 term signal 6
May 08 09:31:52 ip-172-31-33-18.eu-west-1.compute.internal dlm_controld[10196]: 1703 fence status 5 receive -1 from 1 walltime 1778232712 local 1703
May 08 09:31:53 ip-172-31-33-18.eu-west-1.compute.internal dlm_controld[10196]: 1704 fence status 5 receive -1 from 2 walltime 1778232713 local 1704
May 08 09:31:54 ip-172-31-33-18.eu-west-1.compute.internal dlm_controld[10196]: 1705 fence status 5 receive -1 from 3 walltime 1778232714 local 1705
May 08 09:31:55 ip-172-31-33-18.eu-west-1.compute.internal dlm_controld[10196]: 1706 fence status 5 receive -1 from 4 walltime 1778232715 local 1706
May 08 09:31:55 ip-172-31-33-18.eu-west-1.compute.internal dlm_controld[10196]: 1706 fence request 5 pid 13886 nodedown time 1778232474 fence_all dlm_stonith
May 08 09:31:56 ip-172-31-33-18.eu-west-1.compute.internal dlm_controld[10196]: 1707 fence result 5 pid 13886 result -1 term signal 6
May 08 09:31:56 ip-172-31-33-18.eu-west-1.compute.internal dlm_controld[10196]: 1707 fence status 5 receive -1 from 1 walltime 1778232716 local 1707
May 08 09:31:57 ip-172-31-33-18.eu-west-1.compute.internal dlm_controld[10196]: 1708 fence status 5 receive -1 from 2 walltime 1778232717 local 1708
May 08 09:31:58 ip-172-31-33-18.eu-west-1.compute.internal dlm_controld[10196]: 1709 fence status 5 receive -1 from 3 walltime 1778232718 local 1709
May 08 09:31:59 ip-172-31-33-18.eu-west-1.compute.internal dlm_controld[10196]: 1710 fence status 5 receive -1 from 4 walltime 1778232719 local 1710
May 08 09:31:59 ip-172-31-33-18.eu-west-1.compute.internal dlm_controld[10196]: 1710 fence request 5 pid 13905 nodedown time 1778232474 fence_all dlm_stonith
May 08 09:32:00 ip-172-31-33-18.eu-west-1.compute.internal dlm_controld[10196]: 1711 fence result 5 pid 13905 result -1 term signal 6
May 08 09:32:00 ip-172-31-33-18.eu-west-1.compute.internal dlm_controld[10196]: 1711 fence status 5 receive -1 from 1 walltime 1778232720 local 1711
May 08 09:32:01 ip-172-31-33-18.eu-west-1.compute.internal dlm_controld[10196]: 1712 fence status 5 receive -1 from 2 walltime 1778232721 local 1712
May 08 09:32:02 ip-172-31-33-18.eu-west-1.compute.internal dlm_controld[10196]: 1713 fence status 5 receive -1 from 3 walltime 1778232722 local 1713
May 08 09:32:03 ip-172-31-33-18.eu-west-1.compute.internal dlm_controld[10196]: 1714 fence status 5 receive -1 from 4 walltime 1778232723 local 1714
May 08 09:32:03 ip-172-31-33-18.eu-west-1.compute.internal dlm_controld[10196]: 1714 fence request 5 pid 13947 nodedown time 1778232474 fence_all dlm_stonith
May 08 09:32:04 ip-172-31-33-18.eu-west-1.compute.internal dlm_controld[10196]: 1715 fence result 5 pid 13947 result -1 term signal 6
May 08 09:32:04 ip-172-31-33-18.eu-west-1.compute.internal dlm_controld[10196]: 1715 fence status 5 receive -1 from 1 walltime 1778232724 local 1715
May 08 09:32:05 ip-172-31-33-18.eu-west-1.compute.internal dlm_controld[10196]: 1716 fence status 5 receive -1 from 2 walltime 1778232725 local 1716
May 08 09:32:06 ip-172-31-33-18.eu-west-1.compute.internal dlm_controld[10196]: 1717 fence status 5 receive -1 from 3 walltime 1778232726 local 1717
May 08 09:32:07 ip-172-31-33-18.eu-west-1.compute.internal dlm_controld[10196]: 1718 fence status 5 receive -1 from 4 walltime 1778232727 local 1718
May 08 09:32:07 ip-172-31-33-18.eu-west-1.compute.internal dlm_controld[10196]: 1718 fence request 5 pid 13965 nodedown time 1778232474 fence_all dlm_stonith
May 08 09:32:08 ip-172-31-33-18.eu-west-1.compute.internal dlm_controld[10196]: 1719 fence result 5 pid 13965 result -1 term signal 6
May 08 09:32:08 ip-172-31-33-18.eu-west-1.compute.internal dlm_controld[10196]: 1719 fence status 5 receive -1 from 1 walltime 1778232728 local 1719
May 08 09:32:09 ip-172-31-33-18.eu-west-1.compute.internal dlm_controld[10196]: 1720 fence status 5 receive -1 from 2 walltime 1778232729 local 1720
May 08 09:32:10 ip-172-31-33-18.eu-west-1.compute.internal dlm_controld[10196]: 1721 fence status 5 receive -1 from 3 walltime 1778232730 local 1721
May 08 09:32:11 ip-172-31-33-18.eu-west-1.compute.internal dlm_controld[10196]: 1722 fence status 5 receive -1 from 4 walltime 1778232731 local 1722
May 08 09:32:11 ip-172-31-33-18.eu-west-1.compute.internal dlm_controld[10196]: 1722 fence request 5 pid 13966 nodedown time 1778232474 fence_all dlm_stonith
May 08 09:32:12 ip-172-31-33-18.eu-west-1.compute.internal dlm_controld[10196]: 1723 fence result 5 pid 13966 result -1 term signal 6
May 08 09:32:12 ip-172-31-33-18.eu-west-1.compute.internal dlm_controld[10196]: 1723 fence status 5 receive -1 from 1 walltime 1778232732 local 1723
May 08 09:32:13 ip-172-31-33-18.eu-west-1.compute.internal dlm_controld[10196]: 1724 fence status 5 receive -1 from 2 walltime 1778232733 local 1724
May 08 09:32:14 ip-172-31-33-18.eu-west-1.compute.internal dlm_controld[10196]: 1725 fence status 5 receive -1 from 3 walltime 1778232734 local 1725
May 08 09:32:15 ip-172-31-33-18.eu-west-1.compute.internal dlm_controld[10196]: 1726 fence status 5 receive -1 from 4 walltime 1778232735 local 1726
May 08 09:32:15 ip-172-31-33-18.eu-west-1.compute.internal dlm_controld[10196]: 1726 fence request 5 pid 14008 nodedown time 1778232474 fence_all dlm_stonith
May 08 09:32:16 ip-172-31-33-18.eu-west-1.compute.internal dlm_controld[10196]: 1727 fence result 5 pid 14008 result -1 term signal 6
May 08 09:32:16 ip-172-31-33-18.eu-west-1.compute.internal dlm_controld[10196]: 1727 fence status 5 receive -1 from 1 walltime 1778232736 local 1727
May 08 09:32:17 ip-172-31-33-18.eu-west-1.compute.internal dlm_controld[10196]: 1728 fence status 5 receive -1 from 2 walltime 1778232737 local 1728
May 08 09:32:18 ip-172-31-33-18.eu-west-1.compute.internal dlm_controld[10196]: 1729 fence status 5 receive -1 from 3 walltime 1778232738 local 1729
May 08 09:32:19 ip-172-31-33-18.eu-west-1.compute.internal dlm_controld[10196]: 1730 fence status 5 receive -1 from 4 walltime 1778232739 local 1730
May 08 09:32:19 ip-172-31-33-18.eu-west-1.compute.internal dlm_controld[10196]: 1730 fence request 5 pid 14009 nodedown time 1778232474 fence_all dlm_stonith
May 08 09:32:20 ip-172-31-33-18.eu-west-1.compute.internal dlm_controld[10196]: 1731 fence result 5 pid 14009 result -1 term signal 6
May 08 09:32:20 ip-172-31-33-18.eu-west-1.compute.internal dlm_controld[10196]: 1731 fence status 5 receive -1 from 1 walltime 1778232740 local 1731
May 08 09:32:21 ip-172-31-33-18.eu-west-1.compute.internal dlm_controld[10196]: 1732 fence status 5 receive -1 from 2 walltime 1778232741 local 1732
May 08 09:32:22 ip-172-31-33-18.eu-west-1.compute.internal dlm_controld[10196]: 1733 fence status 5 receive -1 from 3 walltime 1778232742 local 1733
May 08 09:32:23 ip-172-31-33-18.eu-west-1.compute.internal dlm_controld[10196]: 1734 fence status 5 receive -1 from 4 walltime 1778232743 local 1734
May 08 09:32:23 ip-172-31-33-18.eu-west-1.compute.internal dlm_controld[10196]: 1734 fence request 5 pid 14051 nodedown time 1778232474 fence_all dlm_stonith
May 08 09:32:24 ip-172-31-33-18.eu-west-1.compute.internal dlm_controld[10196]: 1735 fence result 5 pid 14051 result -1 term signal 6
May 08 09:32:24 ip-172-31-33-18.eu-west-1.compute.internal dlm_controld[10196]: 1735 fence status 5 receive -1 from 1 walltime 1778232744 local 1735
May 08 09:32:25 ip-172-31-33-18.eu-west-1.compute.internal dlm_controld[10196]: 1736 fence status 5 receive -1 from 2 walltime 1778232745 local 1736
May 08 09:32:26 ip-172-31-33-18.eu-west-1.compute.internal dlm_controld[10196]: 1737 fence status 5 receive -1 from 3 walltime 1778232746 local 1737
May 08 09:32:27 ip-172-31-33-18.eu-west-1.compute.internal dlm_controld[10196]: 1738 fence status 5 receive -1 from 4 walltime 1778232747 local 1738
May 08 09:32:27 ip-172-31-33-18.eu-west-1.compute.internal dlm_controld[10196]: 1738 fence request 5 pid 14052 nodedown time 1778232474 fence_all dlm_stonith
May 08 09:32:28 ip-172-31-33-18.eu-west-1.compute.internal dlm_controld[10196]: 1739 fence result 5 pid 14052 result -1 term signal 6
May 08 09:32:28 ip-172-31-33-18.eu-west-1.compute.internal dlm_controld[10196]: 1739 fence status 5 receive -1 from 1 walltime 1778232748 local 1739
May 08 09:32:29 ip-172-31-33-18.eu-west-1.compute.internal dlm_controld[10196]: 1740 fence status 5 receive -1 from 2 walltime 1778232749 local 1740
May 08 09:32:30 ip-172-31-33-18.eu-west-1.compute.internal dlm_controld[10196]: 1741 fence status 5 receive -1 from 3 walltime 1778232750 local 1741
May 08 09:32:31 ip-172-31-33-18.eu-west-1.compute.internal dlm_controld[10196]: 1742 fence status 5 receive -1 from 4 walltime 1778232751 local 1742
May 08 09:32:31 ip-172-31-33-18.eu-west-1.compute.internal dlm_controld[10196]: 1742 fence request 5 pid 14071 nodedown time 1778232474 fence_all dlm_stonith
May 08 09:32:31 ip-172-31-33-18.eu-west-1.compute.internal stonith-ng[7427]:   notice: fence_aws_off_1:12472:stderr [ 2026-05-08 09:27:55,606 WARNING: SkipOsShutdown not supported with the current boto3 version 1.37.38 - falling back to graceful shutdown ]
May 08 09:32:31 ip-172-31-33-18.eu-west-1.compute.internal stonith-ng[7427]:  warning: fence_aws[12472] stderr: [ 2026-05-08 09:27:55,606 WARNING: SkipOsShutdown not supported with the current boto3 version 1.37.38 - falling back to graceful shutdown ]
May 08 09:32:31 ip-172-31-33-18.eu-west-1.compute.internal stonith-ng[7427]:   notice: Operation 'off' [12472] (call 2 from crmd.7240) for host 'ma-host-5' with device 'clusterfence' returned: 0 (OK)
May 08 09:32:32 ip-172-31-33-18.eu-west-1.compute.internal dlm_controld[10196]: 1743 fence result 5 pid 14071 result -1 term signal 6
May 08 09:32:32 ip-172-31-33-18.eu-west-1.compute.internal dlm_controld[10196]: 1743 fence status 5 receive -1 from 1 walltime 1778232752 local 1743
May 08 09:32:33 ip-172-31-33-18.eu-west-1.compute.internal dlm_controld[10196]: 1744 fence status 5 receive -1 from 2 walltime 1778232753 local 1744
May 08 09:32:34 ip-172-31-33-18.eu-west-1.compute.internal dlm_controld[10196]: 1745 fence status 5 receive -1 from 3 walltime 1778232754 local 1745
May 08 09:32:35 ip-172-31-33-18.eu-west-1.compute.internal dlm_controld[10196]: 1746 fence status 5 receive -1 from 4 walltime 1778232755 local 1746
May 08 09:32:35 ip-172-31-33-18.eu-west-1.compute.internal dlm_controld[10196]: 1746 fence request 5 pid 14131 nodedown time 1778232474 fence_all dlm_stonith
May 08 09:32:36 ip-172-31-33-18.eu-west-1.compute.internal dlm_controld[10196]: 1747 fence result 5 pid 14131 result -1 term signal 6
May 08 09:32:36 ip-172-31-33-18.eu-west-1.compute.internal dlm_controld[10196]: 1747 fence status 5 receive -1 from 1 walltime 1778232756 local 1747
May 08 09:32:37 ip-172-31-33-18.eu-west-1.compute.internal dlm_controld[10196]: 1748 fence status 5 receive -1 from 2 walltime 1778232757 local 1748
May 08 09:32:38 ip-172-31-33-18.eu-west-1.compute.internal dlm_controld[10196]: 1749 fence status 5 receive -1 from 3 walltime 1778232758 local 1749
May 08 09:32:39 ip-172-31-33-18.eu-west-1.compute.internal dlm_controld[10196]: 1750 fence status 5 receive -1 from 4 walltime 1778232759 local 1750
May 08 09:32:39 ip-172-31-33-18.eu-west-1.compute.internal dlm_controld[10196]: 1750 fence request 5 pid 14132 nodedown time 1778232474 fence_all dlm_stonith
May 08 09:32:40 ip-172-31-33-18.eu-west-1.compute.internal dlm_controld[10196]: 1751 fence result 5 pid 14132 result -1 term signal 6
May 08 09:32:40 ip-172-31-33-18.eu-west-1.compute.internal dlm_controld[10196]: 1751 fence status 5 receive -1 from 1 walltime 1778232760 local 1751
May 08 09:32:41 ip-172-31-33-18.eu-west-1.compute.internal dlm_controld[10196]: 1752 fence status 5 receive -1 from 2 walltime 1778232761 local 1752
May 08 09:32:42 ip-172-31-33-18.eu-west-1.compute.internal dlm_controld[10196]: 1753 fence status 5 receive -1 from 3 walltime 1778232762 local 1753
May 08 09:32:43 ip-172-31-33-18.eu-west-1.compute.internal dlm_controld[10196]: 1754 fence status 5 receive -1 from 4 walltime 1778232763 local 1754
May 08 09:32:43 ip-172-31-33-18.eu-west-1.compute.internal dlm_controld[10196]: 1754 fence request 5 pid 14175 nodedown time 1778232474 fence_all dlm_stonith
May 08 09:32:44 ip-172-31-33-18.eu-west-1.compute.internal dlm_controld[10196]: 1755 fence result 5 pid 14175 result -1 term signal 6
May 08 09:32:44 ip-172-31-33-18.eu-west-1.compute.internal dlm_controld[10196]: 1755 fence status 5 receive -1 from 1 walltime 1778232764 local 1755
May 08 09:32:45 ip-172-31-33-18.eu-west-1.compute.internal dlm_controld[10196]: 1756 fence status 5 receive -1 from 2 walltime 1778232765 local 1756
May 08 09:32:46 ip-172-31-33-18.eu-west-1.compute.internal dlm_controld[10196]: 1757 fence status 5 receive -1 from 3 walltime 1778232766 local 1757
May 08 09:32:47 ip-172-31-33-18.eu-west-1.compute.internal dlm_controld[10196]: 1758 fence status 5 receive -1 from 4 walltime 1778232767 local 1758
May 08 09:32:47 ip-172-31-33-18.eu-west-1.compute.internal dlm_controld[10196]: 1758 fence request 5 pid 14176 nodedown time 1778232474 fence_all dlm_stonith
May 08 09:32:48 ip-172-31-33-18.eu-west-1.compute.internal dlm_controld[10196]: 1759 fence result 5 pid 14176 result -1 term signal 6
May 08 09:32:48 ip-172-31-33-18.eu-west-1.compute.internal dlm_controld[10196]: 1759 fence status 5 receive -1 from 1 walltime 1778232768 local 1759
May 08 09:32:49 ip-172-31-33-18.eu-west-1.compute.internal dlm_controld[10196]: 1760 fence status 5 receive -1 from 2 walltime 1778232769 local 1760
May 08 09:32:50 ip-172-31-33-18.eu-west-1.compute.internal dlm_controld[10196]: 1761 fence status 5 receive -1 from 3 walltime 1778232770 local 1761
May 08 09:32:51 ip-172-31-33-18.eu-west-1.compute.internal dlm_controld[10196]: 1762 fence status 5 receive -1 from 4 walltime 1778232771 local 1762
May 08 09:32:51 ip-172-31-33-18.eu-west-1.compute.internal dlm_controld[10196]: 1762 fence request 5 pid 14177 nodedown time 1778232474 fence_all dlm_stonith
May 08 09:32:52 ip-172-31-33-18.eu-west-1.compute.internal dlm_controld[10196]: 1763 fence result 5 pid 14177 result -1 term signal 6
May 08 09:32:52 ip-172-31-33-18.eu-west-1.compute.internal dlm_controld[10196]: 1763 fence status 5 receive -1 from 1 walltime 1778232772 local 1763
May 08 09:32:53 ip-172-31-33-18.eu-west-1.compute.internal dlm_controld[10196]: 1764 fence status 5 receive -1 from 2 walltime 1778232773 local 1764
May 08 09:32:54 ip-172-31-33-18.eu-west-1.compute.internal dlm_controld[10196]: 1765 fence status 5 receive -1 from 3 walltime 1778232774 local 1765
May 08 09:32:55 ip-172-31-33-18.eu-west-1.compute.internal dlm_controld[10196]: 1766 fence status 5 receive -1 from 4 walltime 1778232775 local 1766
May 08 09:32:55 ip-172-31-33-18.eu-west-1.compute.internal dlm_controld[10196]: 1766 fence request 5 pid 14219 nodedown time 1778232474 fence_all dlm_stonith
May 08 09:32:56 ip-172-31-33-18.eu-west-1.compute.internal dlm_controld[10196]: 1767 fence result 5 pid 14219 result -1 term signal 6
May 08 09:32:56 ip-172-31-33-18.eu-west-1.compute.internal dlm_controld[10196]: 1767 fence status 5 receive -1 from 1 walltime 1778232776 local 1767
May 08 09:32:57 ip-172-31-33-18.eu-west-1.compute.internal dlm_controld[10196]: 1768 fence status 5 receive -1 from 2 walltime 1778232777 local 1768
May 08 09:32:58 ip-172-31-33-18.eu-west-1.compute.internal dlm_controld[10196]: 1769 fence status 5 receive -1 from 3 walltime 1778232778 local 1769
May 08 09:32:59 ip-172-31-33-18.eu-west-1.compute.internal dlm_controld[10196]: 1770 fence status 5 receive -1 from 4 walltime 1778232779 local 1770
May 08 09:32:59 ip-172-31-33-18.eu-west-1.compute.internal dlm_controld[10196]: 1770 fence request 5 pid 14238 nodedown time 1778232474 fence_all dlm_stonith
May 08 09:33:00 ip-172-31-33-18.eu-west-1.compute.internal dlm_controld[10196]: 1771 fence result 5 pid 14238 result -1 term signal 6
May 08 09:33:00 ip-172-31-33-18.eu-west-1.compute.internal dlm_controld[10196]: 1771 fence status 5 receive -1 from 1 walltime 1778232780 local 1771
May 08 09:33:01 ip-172-31-33-18.eu-west-1.compute.internal dlm_controld[10196]: 1772 fence status 5 receive -1 from 2 walltime 1778232781 local 1772
May 08 09:33:02 ip-172-31-33-18.eu-west-1.compute.internal dlm_controld[10196]: 1773 fence status 5 receive -1 from 3 walltime 1778232782 local 1773
May 08 09:33:03 ip-172-31-33-18.eu-west-1.compute.internal dlm_controld[10196]: 1774 fence status 5 receive -1 from 4 walltime 1778232783 local 1774
May 08 09:33:03 ip-172-31-33-18.eu-west-1.compute.internal dlm_controld[10196]: 1774 fence request 5 pid 14280 nodedown time 1778232474 fence_all dlm_stonith
May 08 09:33:04 ip-172-31-33-18.eu-west-1.compute.internal dlm_controld[10196]: 1775 fence result 5 pid 14280 result -1 term signal 6
May 08 09:33:04 ip-172-31-33-18.eu-west-1.compute.internal dlm_controld[10196]: 1775 fence status 5 receive -1 from 1 walltime 1778232784 local 1775
May 08 09:33:05 ip-172-31-33-18.eu-west-1.compute.internal dlm_controld[10196]: 1776 fence status 5 receive -1 from 2 walltime 1778232785 local 1776
May 08 09:33:06 ip-172-31-33-18.eu-west-1.compute.internal dlm_controld[10196]: 1777 fence status 5 receive -1 from 3 walltime 1778232786 local 1777
May 08 09:33:07 ip-172-31-33-18.eu-west-1.compute.internal dlm_controld[10196]: 1778 fence status 5 receive -1 from 4 walltime 1778232787 local 1778
May 08 09:33:07 ip-172-31-33-18.eu-west-1.compute.internal dlm_controld[10196]: 1778 fence request 5 pid 14297 nodedown time 1778232474 fence_all dlm_stonith
May 08 09:33:08 ip-172-31-33-18.eu-west-1.compute.internal dlm_controld[10196]: 1779 fence result 5 pid 14297 result -1 term signal 6
May 08 09:33:08 ip-172-31-33-18.eu-west-1.compute.internal dlm_controld[10196]: 1779 fence status 5 receive -1 from 1 walltime 1778232788 local 1779
May 08 09:33:09 ip-172-31-33-18.eu-west-1.compute.internal dlm_controld[10196]: 1780 fence status 5 receive -1 from 2 walltime 1778232789 local 1780
May 08 09:33:10 ip-172-31-33-18.eu-west-1.compute.internal dlm_controld[10196]: 1781 fence status 5 receive -1 from 3 walltime 1778232790 local 1781
May 08 09:33:11 ip-172-31-33-18.eu-west-1.compute.internal dlm_controld[10196]: 1782 fence status 5 receive -1 from 4 walltime 1778232791 local 1782
May 08 09:33:11 ip-172-31-33-18.eu-west-1.compute.internal dlm_controld[10196]: 1782 fence request 5 pid 14299 nodedown time 1778232474 fence_all dlm_stonith
May 08 09:33:12 ip-172-31-33-18.eu-west-1.compute.internal dlm_controld[10196]: 1783 fence result 5 pid 14299 result -1 term signal 6
May 08 09:33:12 ip-172-31-33-18.eu-west-1.compute.internal dlm_controld[10196]: 1783 fence status 5 receive -1 from 1 walltime 1778232792 local 1783
May 08 09:33:13 ip-172-31-33-18.eu-west-1.compute.internal dlm_controld[10196]: 1784 fence status 5 receive -1 from 2 walltime 1778232793 local 1784
May 08 09:33:14 ip-172-31-33-18.eu-west-1.compute.internal dlm_controld[10196]: 1785 fence status 5 receive -1 from 3 walltime 1778232794 local 1785
May 08 09:33:15 ip-172-31-33-18.eu-west-1.compute.internal dlm_controld[10196]: 1786 fence status 5 receive -1 from 4 walltime 1778232795 local 1786
May 08 09:33:15 ip-172-31-33-18.eu-west-1.compute.internal dlm_controld[10196]: 1786 fence request 5 pid 14341 nodedown time 1778232474 fence_all dlm_stonith
May 08 09:33:16 ip-172-31-33-18.eu-west-1.compute.internal dlm_controld[10196]: 1787 fence result 5 pid 14341 result -1 term signal 6
May 08 09:33:16 ip-172-31-33-18.eu-west-1.compute.internal dlm_controld[10196]: 1787 fence status 5 receive -1 from 1 walltime 1778232796 local 1787
May 08 09:33:17 ip-172-31-33-18.eu-west-1.compute.internal dlm_controld[10196]: 1788 fence status 5 receive -1 from 2 walltime 1778232797 local 1788
May 08 09:33:18 ip-172-31-33-18.eu-west-1.compute.internal dlm_controld[10196]: 1789 fence status 5 receive -1 from 3 walltime 1778232798 local 1789
May 08 09:33:19 ip-172-31-33-18.eu-west-1.compute.internal dlm_controld[10196]: 1790 fence status 5 receive -1 from 4 walltime 1778232799 local 1790
May 08 09:33:19 ip-172-31-33-18.eu-west-1.compute.internal dlm_controld[10196]: 1790 fence request 5 pid 14342 nodedown time 1778232474 fence_all dlm_stonith
May 08 09:33:20 ip-172-31-33-18.eu-west-1.compute.internal dlm_controld[10196]: 1791 fence result 5 pid 14342 result -1 term signal 6
May 08 09:33:20 ip-172-31-33-18.eu-west-1.compute.internal dlm_controld[10196]: 1791 fence status 5 receive -1 from 1 walltime 1778232800 local 1791
May 08 09:33:21 ip-172-31-33-18.eu-west-1.compute.internal dlm_controld[10196]: 1792 fence status 5 receive -1 from 2 walltime 1778232801 local 1792
May 08 09:33:22 ip-172-31-33-18.eu-west-1.compute.internal dlm_controld[10196]: 1793 fence status 5 receive -1 from 3 walltime 1778232802 local 1793
May 08 09:33:23 ip-172-31-33-18.eu-west-1.compute.internal dlm_controld[10196]: 1794 fence status 5 receive -1 from 4 walltime 1778232803 local 1794
May 08 09:33:23 ip-172-31-33-18.eu-west-1.compute.internal dlm_controld[10196]: 1794 fence request 5 pid 14384 nodedown time 1778232474 fence_all dlm_stonith
May 08 09:33:24 ip-172-31-33-18.eu-west-1.compute.internal dlm_controld[10196]: 1795 fence result 5 pid 14384 result -1 term signal 6
May 08 09:33:24 ip-172-31-33-18.eu-west-1.compute.internal dlm_controld[10196]: 1795 fence status 5 receive -1 from 1 walltime 1778232804 local 1795
May 08 09:33:25 ip-172-31-33-18.eu-west-1.compute.internal dlm_controld[10196]: 1796 fence status 5 receive -1 from 2 walltime 1778232805 local 1796
May 08 09:33:26 ip-172-31-33-18.eu-west-1.compute.internal dlm_controld[10196]: 1797 fence status 5 receive -1 from 3 walltime 1778232806 local 1797
May 08 09:33:27 ip-172-31-33-18.eu-west-1.compute.internal dlm_controld[10196]: 1798 fence status 5 receive -1 from 4 walltime 1778232807 local 1798
May 08 09:33:27 ip-172-31-33-18.eu-west-1.compute.internal dlm_controld[10196]: 1798 fence request 5 pid 14385 nodedown time 1778232474 fence_all dlm_stonith
May 08 09:33:28 ip-172-31-33-18.eu-west-1.compute.internal dlm_controld[10196]: 1799 fence result 5 pid 14385 result -1 term signal 6
May 08 09:33:28 ip-172-31-33-18.eu-west-1.compute.internal dlm_controld[10196]: 1799 fence status 5 receive -1 from 1 walltime 1778232808 local 1799
May 08 09:33:29 ip-172-31-33-18.eu-west-1.compute.internal dlm_controld[10196]: 1800 fence status 5 receive -1 from 2 walltime 1778232809 local 1800
May 08 09:33:30 ip-172-31-33-18.eu-west-1.compute.internal dlm_controld[10196]: 1801 fence status 5 receive -1 from 3 walltime 1778232810 local 1801
May 08 09:33:31 ip-172-31-33-18.eu-west-1.compute.internal dlm_controld[10196]: 1802 fence status 5 receive -1 from 4 walltime 1778232811 local 1802
May 08 09:33:31 ip-172-31-33-18.eu-west-1.compute.internal dlm_controld[10196]: 1802 fence request 5 pid 14404 nodedown time 1778232474 fence_all dlm_stonith
May 08 09:33:32 ip-172-31-33-18.eu-west-1.compute.internal dlm_controld[10196]: 1803 fence result 5 pid 14404 result -1 term signal 6
May 08 09:33:32 ip-172-31-33-18.eu-west-1.compute.internal dlm_controld[10196]: 1803 fence status 5 receive -1 from 1 walltime 1778232812 local 1803
May 08 09:33:33 ip-172-31-33-18.eu-west-1.compute.internal dlm_controld[10196]: 1804 fence status 5 receive -1 from 2 walltime 1778232813 local 1804
May 08 09:33:34 ip-172-31-33-18.eu-west-1.compute.internal dlm_controld[10196]: 1805 fence status 5 receive -1 from 3 walltime 1778232814 local 1805
May 08 09:33:35 ip-172-31-33-18.eu-west-1.compute.internal dlm_controld[10196]: 1806 fence status 5 receive -1 from 4 walltime 1778232815 local 1806
May 08 09:33:35 ip-172-31-33-18.eu-west-1.compute.internal dlm_controld[10196]: 1806 fence request 5 pid 14464 nodedown time 1778232474 fence_all dlm_stonith
May 08 09:33:36 ip-172-31-33-18.eu-west-1.compute.internal dlm_controld[10196]: 1807 fence result 5 pid 14464 result -1 term signal 6
May 08 09:33:36 ip-172-31-33-18.eu-west-1.compute.internal dlm_controld[10196]: 1807 fence status 5 receive -1 from 1 walltime 1778232816 local 1807
May 08 09:33:37 ip-172-31-33-18.eu-west-1.compute.internal dlm_controld[10196]: 1808 fence status 5 receive -1 from 2 walltime 1778232817 local 1808
May 08 09:33:38 ip-172-31-33-18.eu-west-1.compute.internal dlm_controld[10196]: 1809 fence status 5 receive -1 from 3 walltime 1778232818 local 1809
May 08 09:33:39 ip-172-31-33-18.eu-west-1.compute.internal dlm_controld[10196]: 1810 fence status 5 receive -1 from 4 walltime 1778232819 local 1810
May 08 09:33:39 ip-172-31-33-18.eu-west-1.compute.internal dlm_controld[10196]: 1810 fence request 5 pid 14465 nodedown time 1778232474 fence_all dlm_stonith
May 08 09:33:40 ip-172-31-33-18.eu-west-1.compute.internal dlm_controld[10196]: 1811 fence result 5 pid 14465 result -1 term signal 6
May 08 09:33:40 ip-172-31-33-18.eu-west-1.compute.internal dlm_controld[10196]: 1811 fence status 5 receive -1 from 1 walltime 1778232820 local 1811
May 08 09:33:41 ip-172-31-33-18.eu-west-1.compute.internal dlm_controld[10196]: 1812 fence status 5 receive -1 from 2 walltime 1778232821 local 1812
May 08 09:33:43 ip-172-31-33-18.eu-west-1.compute.internal dlm_controld[10196]: 1814 fence status 5 receive -1 from 3 walltime 1778232822 local 1814
May 08 09:33:44 ip-172-31-33-18.eu-west-1.compute.internal dlm_controld[10196]: 1815 fence status 5 receive -1 from 4 walltime 1778232824 local 1815
May 08 09:33:44 ip-172-31-33-18.eu-west-1.compute.internal dlm_controld[10196]: 1815 fence request 5 pid 14507 nodedown time 1778232474 fence_all dlm_stonith
May 08 09:33:45 ip-172-31-33-18.eu-west-1.compute.internal dlm_controld[10196]: 1816 fence result 5 pid 14507 result -1 term signal 6
May 08 09:33:45 ip-172-31-33-18.eu-west-1.compute.internal dlm_controld[10196]: 1816 fence status 5 receive -1 from 1 walltime 1778232825 local 1816
May 08 09:33:46 ip-172-31-33-18.eu-west-1.compute.internal dlm_controld[10196]: 1817 fence status 5 receive -1 from 2 walltime 1778232826 local 1817
May 08 09:33:47 ip-172-31-33-18.eu-west-1.compute.internal dlm_controld[10196]: 1818 fence status 5 receive -1 from 3 walltime 1778232827 local 1818
May 08 09:33:48 ip-172-31-33-18.eu-west-1.compute.internal dlm_controld[10196]: 1819 fence status 5 receive -1 from 4 walltime 1778232828 local 1819
May 08 09:33:48 ip-172-31-33-18.eu-west-1.compute.internal dlm_controld[10196]: 1819 fence request 5 pid 14508 nodedown time 1778232474 fence_all dlm_stonith
May 08 09:33:49 ip-172-31-33-18.eu-west-1.compute.internal dlm_controld[10196]: 1820 fence result 5 pid 14508 result -1 term signal 6
May 08 09:33:49 ip-172-31-33-18.eu-west-1.compute.internal dlm_controld[10196]: 1820 fence status 5 receive -1 from 1 walltime 1778232829 local 1820
May 08 09:33:50 ip-172-31-33-18.eu-west-1.compute.internal dlm_controld[10196]: 1821 fence status 5 receive -1 from 2 walltime 1778232830 local 1821
May 08 09:33:51 ip-172-31-33-18.eu-west-1.compute.internal dlm_controld[10196]: 1822 fence status 5 receive -1 from 3 walltime 1778232831 local 1822
May 08 09:33:52 ip-172-31-33-18.eu-west-1.compute.internal dlm_controld[10196]: 1823 fence status 5 receive -1 from 4 walltime 1778232832 local 1823
May 08 09:33:52 ip-172-31-33-18.eu-west-1.compute.internal dlm_controld[10196]: 1823 fence request 5 pid 14509 nodedown time 1778232474 fence_all dlm_stonith
May 08 09:33:53 ip-172-31-33-18.eu-west-1.compute.internal dlm_controld[10196]: 1824 fence result 5 pid 14509 result -1 term signal 6
May 08 09:33:53 ip-172-31-33-18.eu-west-1.compute.internal dlm_controld[10196]: 1824 fence status 5 receive -1 from 1 walltime 1778232833 local 1824
May 08 09:33:54 ip-172-31-33-18.eu-west-1.compute.internal dlm_controld[10196]: 1825 fence status 5 receive -1 from 2 walltime 1778232834 local 1825
May 08 09:33:55 ip-172-31-33-18.eu-west-1.compute.internal dlm_controld[10196]: 1826 fence status 5 receive -1 from 3 walltime 1778232835 local 1826
May 08 09:33:56 ip-172-31-33-18.eu-west-1.compute.internal dlm_controld[10196]: 1827 fence status 5 receive -1 from 4 walltime 1778232836 local 1827
May 08 09:33:56 ip-172-31-33-18.eu-west-1.compute.internal dlm_controld[10196]: 1827 fence request 5 pid 14551 nodedown time 1778232474 fence_all dlm_stonith
May 08 09:33:57 ip-172-31-33-18.eu-west-1.compute.internal dlm_controld[10196]: 1828 fence result 5 pid 14551 result -1 term signal 6
May 08 09:33:57 ip-172-31-33-18.eu-west-1.compute.internal dlm_controld[10196]: 1828 fence status 5 receive -1 from 1 walltime 1778232837 local 1828
May 08 09:33:58 ip-172-31-33-18.eu-west-1.compute.internal dlm_controld[10196]: 1829 fence status 5 receive -1 from 2 walltime 1778232838 local 1829
May 08 09:33:59 ip-172-31-33-18.eu-west-1.compute.internal dlm_controld[10196]: 1830 fence status 5 receive -1 from 3 walltime 1778232839 local 1830
May 08 09:34:00 ip-172-31-33-18.eu-west-1.compute.internal dlm_controld[10196]: 1831 fence status 5 receive -1 from 4 walltime 1778232840 local 1831
May 08 09:34:00 ip-172-31-33-18.eu-west-1.compute.internal dlm_controld[10196]: 1831 fence request 5 pid 14570 nodedown time 1778232474 fence_all dlm_stonith
May 08 09:34:01 ip-172-31-33-18.eu-west-1.compute.internal dlm_controld[10196]: 1832 fence result 5 pid 14570 result -1 term signal 6
May 08 09:34:01 ip-172-31-33-18.eu-west-1.compute.internal dlm_controld[10196]: 1832 fence status 5 receive -1 from 1 walltime 1778232841 local 1832
May 08 09:34:02 ip-172-31-33-18.eu-west-1.compute.internal dlm_controld[10196]: 1833 fence status 5 receive -1 from 2 walltime 1778232842 local 1833
May 08 09:34:03 ip-172-31-33-18.eu-west-1.compute.internal dlm_controld[10196]: 1834 fence status 5 receive -1 from 3 walltime 1778232843 local 1834
May 08 09:34:04 ip-172-31-33-18.eu-west-1.compute.internal dlm_controld[10196]: 1835 fence status 5 receive -1 from 4 walltime 1778232844 local 1835
May 08 09:34:04 ip-172-31-33-18.eu-west-1.compute.internal dlm_controld[10196]: 1835 fence request 5 pid 14628 nodedown time 1778232474 fence_all dlm_stonith
May 08 09:34:05 ip-172-31-33-18.eu-west-1.compute.internal dlm_controld[10196]: 1836 fence result 5 pid 14628 result -1 term signal 6
May 08 09:34:05 ip-172-31-33-18.eu-west-1.compute.internal dlm_controld[10196]: 1836 fence status 5 receive -1 from 1 walltime 1778232845 local 1836
May 08 09:34:06 ip-172-31-33-18.eu-west-1.compute.internal dlm_controld[10196]: 1837 fence status 5 receive -1 from 2 walltime 1778232846 local 1837
May 08 09:34:07 ip-172-31-33-18.eu-west-1.compute.internal dlm_controld[10196]: 1838 fence status 5 receive -1 from 3 walltime 1778232847 local 1838
May 08 09:34:08 ip-172-31-33-18.eu-west-1.compute.internal dlm_controld[10196]: 1839 fence status 5 receive -1 from 4 walltime 1778232848 local 1839
May 08 09:34:08 ip-172-31-33-18.eu-west-1.compute.internal dlm_controld[10196]: 1839 fence request 5 pid 14629 nodedown time 1778232474 fence_all dlm_stonith
May 08 09:34:09 ip-172-31-33-18.eu-west-1.compute.internal dlm_controld[10196]: 1840 fence result 5 pid 14629 result -1 term signal 6
May 08 09:34:09 ip-172-31-33-18.eu-west-1.compute.internal dlm_controld[10196]: 1840 fence status 5 receive -1 from 1 walltime 1778232849 local 1840
May 08 09:34:10 ip-172-31-33-18.eu-west-1.compute.internal dlm_controld[10196]: 1841 fence status 5 receive -1 from 2 walltime 1778232850 local 1841
May 08 09:34:11 ip-172-31-33-18.eu-west-1.compute.internal dlm_controld[10196]: 1842 fence status 5 receive -1 from 3 walltime 1778232851 local 1842
May 08 09:34:12 ip-172-31-33-18.eu-west-1.compute.internal dlm_controld[10196]: 1843 fence status 5 receive -1 from 4 walltime 1778232852 local 1843
May 08 09:34:12 ip-172-31-33-18.eu-west-1.compute.internal dlm_controld[10196]: 1843 fence request 5 pid 14631 nodedown time 1778232474 fence_all dlm_stonith
May 08 09:34:13 ip-172-31-33-18.eu-west-1.compute.internal dlm_controld[10196]: 1844 fence result 5 pid 14631 result -1 term signal 6
May 08 09:34:13 ip-172-31-33-18.eu-west-1.compute.internal dlm_controld[10196]: 1844 fence status 5 receive -1 from 1 walltime 1778232853 local 1844
May 08 09:34:14 ip-172-31-33-18.eu-west-1.compute.internal dlm_controld[10196]: 1845 fence status 5 receive -1 from 2 walltime 1778232854 local 1845
May 08 09:34:15 ip-172-31-33-18.eu-west-1.compute.internal dlm_controld[10196]: 1846 fence status 5 receive -1 from 3 walltime 1778232855 local 1846
May 08 09:34:16 ip-172-31-33-18.eu-west-1.compute.internal dlm_controld[10196]: 1847 fence status 5 receive -1 from 4 walltime 1778232856 local 1847
May 08 09:34:16 ip-172-31-33-18.eu-west-1.compute.internal dlm_controld[10196]: 1847 fence request 5 pid 14673 nodedown time 1778232474 fence_all dlm_stonith
May 08 09:34:17 ip-172-31-33-18.eu-west-1.compute.internal dlm_controld[10196]: 1848 fence result 5 pid 14673 result -1 term signal 6
May 08 09:34:17 ip-172-31-33-18.eu-west-1.compute.internal dlm_controld[10196]: 1848 fence status 5 receive -1 from 1 walltime 1778232857 local 1848
May 08 09:34:18 ip-172-31-33-18.eu-west-1.compute.internal dlm_controld[10196]: 1849 fence status 5 receive -1 from 2 walltime 1778232858 local 1849
May 08 09:34:19 ip-172-31-33-18.eu-west-1.compute.internal dlm_controld[10196]: 1850 fence status 5 receive -1 from 3 walltime 1778232859 local 1850
May 08 09:34:20 ip-172-31-33-18.eu-west-1.compute.internal dlm_controld[10196]: 1851 fence status 5 receive -1 from 4 walltime 1778232860 local 1851
May 08 09:34:20 ip-172-31-33-18.eu-west-1.compute.internal dlm_controld[10196]: 1851 fence request 5 pid 14674 nodedown time 1778232474 fence_all dlm_stonith
May 08 09:34:21 ip-172-31-33-18.eu-west-1.compute.internal dlm_controld[10196]: 1852 fence result 5 pid 14674 result -1 term signal 6
May 08 09:34:21 ip-172-31-33-18.eu-west-1.compute.internal dlm_controld[10196]: 1852 fence status 5 receive -1 from 1 walltime 1778232861 local 1852
May 08 09:34:22 ip-172-31-33-18.eu-west-1.compute.internal dlm_controld[10196]: 1853 fence status 5 receive -1 from 2 walltime 1778232862 local 1853
May 08 09:34:23 ip-172-31-33-18.eu-west-1.compute.internal dlm_controld[10196]: 1854 fence status 5 receive -1 from 3 walltime 1778232863 local 1854
May 08 09:34:24 ip-172-31-33-18.eu-west-1.compute.internal dlm_controld[10196]: 1855 fence status 5 receive -1 from 4 walltime 1778232864 local 1855
May 08 09:34:24 ip-172-31-33-18.eu-west-1.compute.internal dlm_controld[10196]: 1855 fence request 5 pid 14716 nodedown time 1778232474 fence_all dlm_stonith
May 08 09:34:25 ip-172-31-33-18.eu-west-1.compute.internal dlm_controld[10196]: 1856 fence result 5 pid 14716 result -1 term signal 6
May 08 09:34:25 ip-172-31-33-18.eu-west-1.compute.internal dlm_controld[10196]: 1856 fence status 5 receive -1 from 1 walltime 1778232865 local 1856
May 08 09:34:26 ip-172-31-33-18.eu-west-1.compute.internal dlm_controld[10196]: 1857 fence status 5 receive -1 from 2 walltime 1778232866 local 1857
May 08 09:34:27 ip-172-31-33-18.eu-west-1.compute.internal dlm_controld[10196]: 1858 fence status 5 receive -1 from 3 walltime 1778232867 local 1858
May 08 09:34:28 ip-172-31-33-18.eu-west-1.compute.internal dlm_controld[10196]: 1859 fence status 5 receive -1 from 4 walltime 1778232868 local 1859
May 08 09:34:28 ip-172-31-33-18.eu-west-1.compute.internal dlm_controld[10196]: 1859 fence request 5 pid 14735 nodedown time 1778232474 fence_all dlm_stonith
May 08 09:34:29 ip-172-31-33-18.eu-west-1.compute.internal dlm_controld[10196]: 1860 fence result 5 pid 14735 result -1 term signal 6
May 08 09:34:29 ip-172-31-33-18.eu-west-1.compute.internal dlm_controld[10196]: 1860 fence status 5 receive -1 from 1 walltime 1778232869 local 1860
May 08 09:34:30 ip-172-31-33-18.eu-west-1.compute.internal dlm_controld[10196]: 1861 fence status 5 receive -1 from 2 walltime 1778232870 local 1861
May 08 09:34:31 ip-172-31-33-18.eu-west-1.compute.internal dlm_controld[10196]: 1862 fence status 5 receive -1 from 3 walltime 1778232871 local 1862
May 08 09:34:32 ip-172-31-33-18.eu-west-1.compute.internal dlm_controld[10196]: 1863 fence status 5 receive -1 from 4 walltime 1778232872 local 1863
May 08 09:34:32 ip-172-31-33-18.eu-west-1.compute.internal dlm_controld[10196]: 1863 fence request 5 pid 14736 nodedown time 1778232474 fence_all dlm_stonith
May 08 09:34:33 ip-172-31-33-18.eu-west-1.compute.internal dlm_controld[10196]: 1864 fence result 5 pid 14736 result -1 term signal 6
May 08 09:34:33 ip-172-31-33-18.eu-west-1.compute.internal dlm_controld[10196]: 1864 fence status 5 receive -1 from 1 walltime 1778232873 local 1864
May 08 09:34:34 ip-172-31-33-18.eu-west-1.compute.internal dlm_controld[10196]: 1865 fence status 5 receive -1 from 2 walltime 1778232874 local 1865
May 08 09:34:35 ip-172-31-33-18.eu-west-1.compute.internal dlm_controld[10196]: 1866 fence status 5 receive -1 from 3 walltime 1778232875 local 1866
May 08 09:34:36 ip-172-31-33-18.eu-west-1.compute.internal dlm_controld[10196]: 1867 fence status 5 receive -1 from 4 walltime 1778232876 local 1867
May 08 09:34:36 ip-172-31-33-18.eu-west-1.compute.internal dlm_controld[10196]: 1867 fence request 5 pid 14796 nodedown time 1778232474 fence_all dlm_stonith
May 08 09:34:37 ip-172-31-33-18.eu-west-1.compute.internal dlm_controld[10196]: 1868 fence result 5 pid 14796 result -1 term signal 6
May 08 09:34:37 ip-172-31-33-18.eu-west-1.compute.internal dlm_controld[10196]: 1868 fence status 5 receive -1 from 1 walltime 1778232877 local 1868
May 08 09:34:38 ip-172-31-33-18.eu-west-1.compute.internal dlm_controld[10196]: 1869 fence status 5 receive -1 from 2 walltime 1778232878 local 1869
May 08 09:34:39 ip-172-31-33-18.eu-west-1.compute.internal dlm_controld[10196]: 1870 fence status 5 receive -1 from 3 walltime 1778232879 local 1870
May 08 09:34:40 ip-172-31-33-18.eu-west-1.compute.internal dlm_controld[10196]: 1871 fence status 5 receive -1 from 4 walltime 1778232880 local 1871
May 08 09:34:40 ip-172-31-33-18.eu-west-1.compute.internal dlm_controld[10196]: 1871 fence request 5 pid 14797 nodedown time 1778232474 fence_all dlm_stonith
May 08 09:34:41 ip-172-31-33-18.eu-west-1.compute.internal dlm_controld[10196]: 1872 fence result 5 pid 14797 result -1 term signal 6
May 08 09:34:41 ip-172-31-33-18.eu-west-1.compute.internal dlm_controld[10196]: 1872 fence status 5 receive -1 from 1 walltime 1778232881 local 1872
May 08 09:34:42 ip-172-31-33-18.eu-west-1.compute.internal dlm_controld[10196]: 1873 fence status 5 receive -1 from 2 walltime 1778232882 local 1873
May 08 09:34:43 ip-172-31-33-18.eu-west-1.compute.internal dlm_controld[10196]: 1874 fence status 5 receive -1 from 3 walltime 1778232883 local 1874
May 08 09:34:44 ip-172-31-33-18.eu-west-1.compute.internal dlm_controld[10196]: 1875 fence status 5 receive -1 from 4 walltime 1778232884 local 1875
May 08 09:34:44 ip-172-31-33-18.eu-west-1.compute.internal dlm_controld[10196]: 1875 fence request 5 pid 14839 nodedown time 1778232474 fence_all dlm_stonith
May 08 09:34:45 ip-172-31-33-18.eu-west-1.compute.internal dlm_controld[10196]: 1876 fence result 5 pid 14839 result -1 term signal 6
May 08 09:34:45 ip-172-31-33-18.eu-west-1.compute.internal dlm_controld[10196]: 1876 fence status 5 receive -1 from 1 walltime 1778232885 local 1876
May 08 09:34:46 ip-172-31-33-18.eu-west-1.compute.internal dlm_controld[10196]: 1877 fence status 5 receive -1 from 2 walltime 1778232886 local 1877
May 08 09:34:47 ip-172-31-33-18.eu-west-1.compute.internal dlm_controld[10196]: 1878 fence status 5 receive -1 from 3 walltime 1778232887 local 1878
May 08 09:34:48 ip-172-31-33-18.eu-west-1.compute.internal dlm_controld[10196]: 1879 fence status 5 receive -1 from 4 walltime 1778232888 local 1879
May 08 09:34:48 ip-172-31-33-18.eu-west-1.compute.internal dlm_controld[10196]: 1879 fence request 5 pid 14840 nodedown time 1778232474 fence_all dlm_stonith
May 08 09:34:49 ip-172-31-33-18.eu-west-1.compute.internal dlm_controld[10196]: 1880 fence result 5 pid 14840 result -1 term signal 6
May 08 09:34:49 ip-172-31-33-18.eu-west-1.compute.internal dlm_controld[10196]: 1880 fence status 5 receive -1 from 1 walltime 1778232889 local 1880
May 08 09:34:50 ip-172-31-33-18.eu-west-1.compute.internal dlm_controld[10196]: 1881 fence status 5 receive -1 from 2 walltime 1778232890 local 1881
May 08 09:34:51 ip-172-31-33-18.eu-west-1.compute.internal dlm_controld[10196]: 1882 fence status 5 receive -1 from 3 walltime 1778232891 local 1882
May 08 09:34:52 ip-172-31-33-18.eu-west-1.compute.internal dlm_controld[10196]: 1883 fence status 5 receive -1 from 4 walltime 1778232892 local 1883
May 08 09:34:52 ip-172-31-33-18.eu-west-1.compute.internal dlm_controld[10196]: 1883 fence request 5 pid 14841 nodedown time 1778232474 fence_all dlm_stonith
May 08 09:34:53 ip-172-31-33-18.eu-west-1.compute.internal dlm_controld[10196]: 1884 fence result 5 pid 14841 result -1 term signal 6
May 08 09:34:53 ip-172-31-33-18.eu-west-1.compute.internal dlm_controld[10196]: 1884 fence status 5 receive -1 from 1 walltime 1778232893 local 1884
May 08 09:34:54 ip-172-31-33-18.eu-west-1.compute.internal dlm_controld[10196]: 1885 fence status 5 receive -1 from 2 walltime 1778232894 local 1885
May 08 09:34:55 ip-172-31-33-18.eu-west-1.compute.internal dlm_controld[10196]: 1886 fence status 5 receive -1 from 3 walltime 1778232895 local 1886
May 08 09:34:56 ip-172-31-33-18.eu-west-1.compute.internal dlm_controld[10196]: 1887 fence status 5 receive -1 from 4 walltime 1778232896 local 1887
May 08 09:34:56 ip-172-31-33-18.eu-west-1.compute.internal dlm_controld[10196]: 1887 fence request 5 pid 14884 nodedown time 1778232474 fence_all dlm_stonith
May 08 09:34:57 ip-172-31-33-18.eu-west-1.compute.internal dlm_controld[10196]: 1888 fence result 5 pid 14884 result -1 term signal 6
May 08 09:34:57 ip-172-31-33-18.eu-west-1.compute.internal dlm_controld[10196]: 1888 fence status 5 receive -1 from 1 walltime 1778232897 local 1888
May 08 09:34:58 ip-172-31-33-18.eu-west-1.compute.internal dlm_controld[10196]: 1889 fence status 5 receive -1 from 2 walltime 1778232898 local 1889
May 08 09:34:59 ip-172-31-33-18.eu-west-1.compute.internal dlm_controld[10196]: 1890 fence status 5 receive -1 from 3 walltime 1778232899 local 1890
May 08 09:35:00 ip-172-31-33-18.eu-west-1.compute.internal dlm_controld[10196]: 1891 fence status 5 receive -1 from 4 walltime 1778232900 local 1891
May 08 09:35:00 ip-172-31-33-18.eu-west-1.compute.internal dlm_controld[10196]: 1891 fence request 5 pid 14903 nodedown time 1778232474 fence_all dlm_stonith
May 08 09:35:01 ip-172-31-33-18.eu-west-1.compute.internal dlm_controld[10196]: 1892 fence result 5 pid 14903 result -1 term signal 6
May 08 09:35:01 ip-172-31-33-18.eu-west-1.compute.internal dlm_controld[10196]: 1892 fence status 5 receive -1 from 1 walltime 1778232901 local 1892
May 08 09:35:02 ip-172-31-33-18.eu-west-1.compute.internal dlm_controld[10196]: 1893 fence status 5 receive -1 from 2 walltime 1778232902 local 1893
May 08 09:35:03 ip-172-31-33-18.eu-west-1.compute.internal dlm_controld[10196]: 1894 fence status 5 receive -1 from 3 walltime 1778232903 local 1894
May 08 09:35:04 ip-172-31-33-18.eu-west-1.compute.internal dlm_controld[10196]: 1895 fence status 5 receive -1 from 4 walltime 1778232904 local 1895
May 08 09:35:04 ip-172-31-33-18.eu-west-1.compute.internal dlm_controld[10196]: 1895 fence request 5 pid 14961 nodedown time 1778232474 fence_all dlm_stonith
May 08 09:35:05 ip-172-31-33-18.eu-west-1.compute.internal dlm_controld[10196]: 1896 fence result 5 pid 14961 result -1 term signal 6
May 08 09:35:05 ip-172-31-33-18.eu-west-1.compute.internal dlm_controld[10196]: 1896 fence status 5 receive -1 from 1 walltime 1778232905 local 1896
May 08 09:35:06 ip-172-31-33-18.eu-west-1.compute.internal dlm_controld[10196]: 1897 fence status 5 receive -1 from 2 walltime 1778232906 local 1897
May 08 09:35:07 ip-172-31-33-18.eu-west-1.compute.internal dlm_controld[10196]: 1898 fence status 5 receive -1 from 3 walltime 1778232907 local 1898
May 08 09:35:08 ip-172-31-33-18.eu-west-1.compute.internal dlm_controld[10196]: 1899 fence status 5 receive -1 from 4 walltime 1778232908 local 1899
May 08 09:35:08 ip-172-31-33-18.eu-west-1.compute.internal dlm_controld[10196]: 1899 fence request 5 pid 14962 nodedown time 1778232474 fence_all dlm_stonith
May 08 09:35:09 ip-172-31-33-18.eu-west-1.compute.internal dlm_controld[10196]: 1900 fence result 5 pid 14962 result -1 term signal 6
May 08 09:35:09 ip-172-31-33-18.eu-west-1.compute.internal dlm_controld[10196]: 1900 fence status 5 receive -1 from 1 walltime 1778232909 local 1900
May 08 09:35:10 ip-172-31-33-18.eu-west-1.compute.internal dlm_controld[10196]: 1901 fence status 5 receive -1 from 2 walltime 1778232910 local 1901
May 08 09:35:11 ip-172-31-33-18.eu-west-1.compute.internal dlm_controld[10196]: 1902 fence status 5 receive -1 from 3 walltime 1778232911 local 1902
May 08 09:35:12 ip-172-31-33-18.eu-west-1.compute.internal dlm_controld[10196]: 1903 fence status 5 receive -1 from 4 walltime 1778232912 local 1903
May 08 09:35:12 ip-172-31-33-18.eu-west-1.compute.internal dlm_controld[10196]: 1903 fence request 5 pid 14964 nodedown time 1778232474 fence_all dlm_stonith
May 08 09:35:13 ip-172-31-33-18.eu-west-1.compute.internal dlm_controld[10196]: 1904 fence result 5 pid 14964 result -1 term signal 6
May 08 09:35:13 ip-172-31-33-18.eu-west-1.compute.internal dlm_controld[10196]: 1904 fence status 5 receive -1 from 1 walltime 1778232913 local 1904
May 08 09:35:14 ip-172-31-33-18.eu-west-1.compute.internal dlm_controld[10196]: 1905 fence status 5 receive -1 from 2 walltime 1778232914 local 1905
May 08 09:35:15 ip-172-31-33-18.eu-west-1.compute.internal dlm_controld[10196]: 1906 fence status 5 receive -1 from 3 walltime 1778232915 local 1906
May 08 09:35:16 ip-172-31-33-18.eu-west-1.compute.internal dlm_controld[10196]: 1907 fence status 5 receive -1 from 4 walltime 1778232916 local 1907
May 08 09:35:16 ip-172-31-33-18.eu-west-1.compute.internal dlm_controld[10196]: 1907 fence request 5 pid 15006 nodedown time 1778232474 fence_all dlm_stonith
May 08 09:35:17 ip-172-31-33-18.eu-west-1.compute.internal dlm_controld[10196]: 1908 fence result 5 pid 15006 result -1 term signal 6
May 08 09:35:17 ip-172-31-33-18.eu-west-1.compute.internal dlm_controld[10196]: 1908 fence status 5 receive -1 from 1 walltime 1778232917 local 1908
May 08 09:35:18 ip-172-31-33-18.eu-west-1.compute.internal dlm_controld[10196]: 1909 fence status 5 receive -1 from 2 walltime 1778232918 local 1909
May 08 09:35:19 ip-172-31-33-18.eu-west-1.compute.internal dlm_controld[10196]: 1910 fence status 5 receive -1 from 3 walltime 1778232919 local 1910
May 08 09:35:20 ip-172-31-33-18.eu-west-1.compute.internal dlm_controld[10196]: 1911 fence status 5 receive -1 from 4 walltime 1778232920 local 1911
May 08 09:35:20 ip-172-31-33-18.eu-west-1.compute.internal dlm_controld[10196]: 1911 fence request 5 pid 15007 nodedown time 1778232474 fence_all dlm_stonith
May 08 09:35:21 ip-172-31-33-18.eu-west-1.compute.internal dlm_controld[10196]: 1912 fence result 5 pid 15007 result -1 term signal 6
May 08 09:35:21 ip-172-31-33-18.eu-west-1.compute.internal dlm_controld[10196]: 1912 fence status 5 receive -1 from 1 walltime 1778232921 local 1912
May 08 09:35:22 ip-172-31-33-18.eu-west-1.compute.internal dlm_controld[10196]: 1913 fence status 5 receive -1 from 2 walltime 1778232922 local 1913
May 08 09:35:23 ip-172-31-33-18.eu-west-1.compute.internal dlm_controld[10196]: 1914 fence status 5 receive -1 from 3 walltime 1778232923 local 1914
May 08 09:35:24 ip-172-31-33-18.eu-west-1.compute.internal dlm_controld[10196]: 1915 fence status 5 receive -1 from 4 walltime 1778232924 local 1915
May 08 09:35:24 ip-172-31-33-18.eu-west-1.compute.internal dlm_controld[10196]: 1915 fence request 5 pid 15049 nodedown time 1778232474 fence_all dlm_stonith
May 08 09:35:25 ip-172-31-33-18.eu-west-1.compute.internal dlm_controld[10196]: 1916 fence result 5 pid 15049 result -1 term signal 6
May 08 09:35:25 ip-172-31-33-18.eu-west-1.compute.internal dlm_controld[10196]: 1916 fence status 5 receive -1 from 1 walltime 1778232925 local 1916
May 08 09:35:26 ip-172-31-33-18.eu-west-1.compute.internal dlm_controld[10196]: 1917 fence status 5 receive -1 from 2 walltime 1778232926 local 1917
May 08 09:35:27 ip-172-31-33-18.eu-west-1.compute.internal dlm_controld[10196]: 1918 fence status 5 receive -1 from 3 walltime 1778232927 local 1918
May 08 09:35:28 ip-172-31-33-18.eu-west-1.compute.internal dlm_controld[10196]: 1919 fence status 5 receive -1 from 4 walltime 1778232928 local 1919
May 08 09:35:28 ip-172-31-33-18.eu-west-1.compute.internal dlm_controld[10196]: 1919 fence request 5 pid 15068 nodedown time 1778232474 fence_all dlm_stonith
May 08 09:35:29 ip-172-31-33-18.eu-west-1.compute.internal dlm_controld[10196]: 1920 fence result 5 pid 15068 result -1 term signal 6
May 08 09:35:29 ip-172-31-33-18.eu-west-1.compute.internal dlm_controld[10196]: 1920 fence status 5 receive -1 from 1 walltime 1778232929 local 1920
May 08 09:35:30 ip-172-31-33-18.eu-west-1.compute.internal dlm_controld[10196]: 1921 fence status 5 receive -1 from 2 walltime 1778232930 local 1921
May 08 09:35:31 ip-172-31-33-18.eu-west-1.compute.internal dlm_controld[10196]: 1922 fence status 5 receive -1 from 3 walltime 1778232931 local 1922
May 08 09:35:32 ip-172-31-33-18.eu-west-1.compute.internal dlm_controld[10196]: 1923 fence status 5 receive -1 from 4 walltime 1778232932 local 1923
May 08 09:35:32 ip-172-31-33-18.eu-west-1.compute.internal dlm_controld[10196]: 1923 fence request 5 pid 15069 nodedown time 1778232474 fence_all dlm_stonith
May 08 09:35:33 ip-172-31-33-18.eu-west-1.compute.internal dlm_controld[10196]: 1924 fence result 5 pid 15069 result -1 term signal 6
May 08 09:35:33 ip-172-31-33-18.eu-west-1.compute.internal dlm_controld[10196]: 1924 fence status 5 receive -1 from 1 walltime 1778232933 local 1924
May 08 09:35:34 ip-172-31-33-18.eu-west-1.compute.internal dlm_controld[10196]: 1925 fence status 5 receive -1 from 2 walltime 1778232934 local 1925
May 08 09:35:35 ip-172-31-33-18.eu-west-1.compute.internal dlm_controld[10196]: 1926 fence status 5 receive -1 from 3 walltime 1778232935 local 1926
May 08 09:35:36 ip-172-31-33-18.eu-west-1.compute.internal dlm_controld[10196]: 1927 fence status 5 receive -1 from 4 walltime 1778232936 local 1927
May 08 09:35:36 ip-172-31-33-18.eu-west-1.compute.internal dlm_controld[10196]: 1927 fence request 5 pid 15129 nodedown time 1778232474 fence_all dlm_stonith
May 08 09:35:37 ip-172-31-33-18.eu-west-1.compute.internal dlm_controld[10196]: 1928 fence result 5 pid 15129 result -1 term signal 6
May 08 09:35:37 ip-172-31-33-18.eu-west-1.compute.internal dlm_controld[10196]: 1928 fence status 5 receive -1 from 1 walltime 1778232937 local 1928
May 08 09:35:38 ip-172-31-33-18.eu-west-1.compute.internal dlm_controld[10196]: 1929 fence status 5 receive -1 from 2 walltime 1778232938 local 1929
May 08 09:35:39 ip-172-31-33-18.eu-west-1.compute.internal dlm_controld[10196]: 1930 fence status 5 receive -1 from 3 walltime 1778232939 local 1930
May 08 09:35:40 ip-172-31-33-18.eu-west-1.compute.internal dlm_controld[10196]: 1931 fence status 5 receive -1 from 4 walltime 1778232940 local 1931
May 08 09:35:40 ip-172-31-33-18.eu-west-1.compute.internal dlm_controld[10196]: 1931 fence request 5 pid 15130 nodedown time 1778232474 fence_all dlm_stonith
May 08 09:35:41 ip-172-31-33-18.eu-west-1.compute.internal dlm_controld[10196]: 1932 fence result 5 pid 15130 result -1 term signal 6
May 08 09:35:41 ip-172-31-33-18.eu-west-1.compute.internal dlm_controld[10196]: 1932 fence status 5 receive -1 from 1 walltime 1778232941 local 1932
May 08 09:35:42 ip-172-31-33-18.eu-west-1.compute.internal dlm_controld[10196]: 1933 fence status 5 receive -1 from 2 walltime 1778232942 local 1933
May 08 09:35:43 ip-172-31-33-18.eu-west-1.compute.internal dlm_controld[10196]: 1934 fence status 5 receive -1 from 3 walltime 1778232943 local 1934
May 08 09:35:44 ip-172-31-33-18.eu-west-1.compute.internal dlm_controld[10196]: 1935 fence status 5 receive -1 from 4 walltime 1778232944 local 1935
May 08 09:35:44 ip-172-31-33-18.eu-west-1.compute.internal dlm_controld[10196]: 1935 fence request 5 pid 15172 nodedown time 1778232474 fence_all dlm_stonith
May 08 09:35:45 ip-172-31-33-18.eu-west-1.compute.internal dlm_controld[10196]: 1936 fence result 5 pid 15172 result -1 term signal 6
May 08 09:35:45 ip-172-31-33-18.eu-west-1.compute.internal dlm_controld[10196]: 1936 fence status 5 receive -1 from 1 walltime 1778232945 local 1936
May 08 09:35:46 ip-172-31-33-18.eu-west-1.compute.internal dlm_controld[10196]: 1937 fence status 5 receive -1 from 2 walltime 1778232946 local 1937
May 08 09:35:47 ip-172-31-33-18.eu-west-1.compute.internal dlm_controld[10196]: 1938 fence status 5 receive -1 from 3 walltime 1778232947 local 1938
May 08 09:35:48 ip-172-31-33-18.eu-west-1.compute.internal dlm_controld[10196]: 1939 fence status 5 receive -1 from 4 walltime 1778232948 local 1939
May 08 09:35:48 ip-172-31-33-18.eu-west-1.compute.internal dlm_controld[10196]: 1939 fence request 5 pid 15173 nodedown time 1778232474 fence_all dlm_stonith
May 08 09:35:49 ip-172-31-33-18.eu-west-1.compute.internal dlm_controld[10196]: 1940 fence result 5 pid 15173 result -1 term signal 6
May 08 09:35:49 ip-172-31-33-18.eu-west-1.compute.internal dlm_controld[10196]: 1940 fence status 5 receive -1 from 1 walltime 1778232949 local 1940
May 08 09:35:50 ip-172-31-33-18.eu-west-1.compute.internal dlm_controld[10196]: 1941 fence status 5 receive -1 from 2 walltime 1778232950 local 1941
May 08 09:35:51 ip-172-31-33-18.eu-west-1.compute.internal dlm_controld[10196]: 1942 fence status 5 receive -1 from 3 walltime 1778232951 local 1942
May 08 09:35:52 ip-172-31-33-18.eu-west-1.compute.internal dlm_controld[10196]: 1943 fence status 5 receive -1 from 4 walltime 1778232952 local 1943
May 08 09:35:52 ip-172-31-33-18.eu-west-1.compute.internal dlm_controld[10196]: 1943 fence request 5 pid 15174 nodedown time 1778232474 fence_all dlm_stonith
May 08 09:35:53 ip-172-31-33-18.eu-west-1.compute.internal dlm_controld[10196]: 1944 fence result 5 pid 15174 result -1 term signal 6
May 08 09:35:53 ip-172-31-33-18.eu-west-1.compute.internal dlm_controld[10196]: 1944 fence status 5 receive -1 from 1 walltime 1778232953 local 1944
May 08 09:35:54 ip-172-31-33-18.eu-west-1.compute.internal dlm_controld[10196]: 1945 fence status 5 receive -1 from 2 walltime 1778232954 local 1945
May 08 09:35:55 ip-172-31-33-18.eu-west-1.compute.internal dlm_controld[10196]: 1946 fence status 5 receive -1 from 3 walltime 1778232955 local 1946
May 08 09:35:56 ip-172-31-33-18.eu-west-1.compute.internal dlm_controld[10196]: 1947 fence status 5 receive -1 from 4 walltime 1778232956 local 1947
May 08 09:35:56 ip-172-31-33-18.eu-west-1.compute.internal dlm_controld[10196]: 1947 fence request 5 pid 15216 nodedown time 1778232474 fence_all dlm_stonith
May 08 09:35:57 ip-172-31-33-18.eu-west-1.compute.internal dlm_controld[10196]: 1948 fence result 5 pid 15216 result -1 term signal 6
May 08 09:35:57 ip-172-31-33-18.eu-west-1.compute.internal dlm_controld[10196]: 1948 fence status 5 receive -1 from 1 walltime 1778232957 local 1948
May 08 09:35:58 ip-172-31-33-18.eu-west-1.compute.internal dlm_controld[10196]: 1949 fence status 5 receive -1 from 2 walltime 1778232958 local 1949
May 08 09:35:59 ip-172-31-33-18.eu-west-1.compute.internal dlm_controld[10196]: 1950 fence status 5 receive -1 from 3 walltime 1778232959 local 1950
May 08 09:36:00 ip-172-31-33-18.eu-west-1.compute.internal dlm_controld[10196]: 1951 fence status 5 receive -1 from 4 walltime 1778232960 local 1951
May 08 09:36:00 ip-172-31-33-18.eu-west-1.compute.internal dlm_controld[10196]: 1951 fence request 5 pid 15235 nodedown time 1778232474 fence_all dlm_stonith
May 08 09:36:01 ip-172-31-33-18.eu-west-1.compute.internal dlm_controld[10196]: 1952 fence result 5 pid 15235 result -1 term signal 6
May 08 09:36:01 ip-172-31-33-18.eu-west-1.compute.internal dlm_controld[10196]: 1952 fence status 5 receive -1 from 1 walltime 1778232961 local 1952
May 08 09:36:02 ip-172-31-33-18.eu-west-1.compute.internal dlm_controld[10196]: 1953 fence status 5 receive -1 from 2 walltime 1778232962 local 1953
May 08 09:36:03 ip-172-31-33-18.eu-west-1.compute.internal dlm_controld[10196]: 1954 fence status 5 receive -1 from 3 walltime 1778232963 local 1954
May 08 09:36:04 ip-172-31-33-18.eu-west-1.compute.internal dlm_controld[10196]: 1955 fence status 5 receive -1 from 4 walltime 1778232964 local 1955
May 08 09:36:04 ip-172-31-33-18.eu-west-1.compute.internal dlm_controld[10196]: 1955 fence request 5 pid 15293 nodedown time 1778232474 fence_all dlm_stonith
May 08 09:36:05 ip-172-31-33-18.eu-west-1.compute.internal dlm_controld[10196]: 1956 fence result 5 pid 15293 result -1 term signal 6
May 08 09:36:05 ip-172-31-33-18.eu-west-1.compute.internal dlm_controld[10196]: 1956 fence status 5 receive -1 from 1 walltime 1778232965 local 1956
May 08 09:36:06 ip-172-31-33-18.eu-west-1.compute.internal dlm_controld[10196]: 1957 fence status 5 receive -1 from 2 walltime 1778232966 local 1957
May 08 09:36:07 ip-172-31-33-18.eu-west-1.compute.internal dlm_controld[10196]: 1958 fence status 5 receive -1 from 3 walltime 1778232967 local 1958
May 08 09:36:08 ip-172-31-33-18.eu-west-1.compute.internal dlm_controld[10196]: 1959 fence status 5 receive -1 from 4 walltime 1778232968 local 1959
May 08 09:36:08 ip-172-31-33-18.eu-west-1.compute.internal dlm_controld[10196]: 1959 fence request 5 pid 15294 nodedown time 1778232474 fence_all dlm_stonith
May 08 09:36:09 ip-172-31-33-18.eu-west-1.compute.internal dlm_controld[10196]: 1960 fence result 5 pid 15294 result -1 term signal 6
May 08 09:36:09 ip-172-31-33-18.eu-west-1.compute.internal dlm_controld[10196]: 1960 fence status 5 receive -1 from 1 walltime 1778232969 local 1960
May 08 09:36:10 ip-172-31-33-18.eu-west-1.compute.internal dlm_controld[10196]: 1961 fence status 5 receive -1 from 2 walltime 1778232970 local 1961
May 08 09:36:11 ip-172-31-33-18.eu-west-1.compute.internal dlm_controld[10196]: 1962 fence status 5 receive -1 from 3 walltime 1778232971 local 1962
May 08 09:36:12 ip-172-31-33-18.eu-west-1.compute.internal dlm_controld[10196]: 1963 fence status 5 receive -1 from 4 walltime 1778232972 local 1963
May 08 09:36:12 ip-172-31-33-18.eu-west-1.compute.internal dlm_controld[10196]: 1963 fence request 5 pid 15296 nodedown time 1778232474 fence_all dlm_stonith
May 08 09:36:13 ip-172-31-33-18.eu-west-1.compute.internal dlm_controld[10196]: 1964 fence result 5 pid 15296 result -1 term signal 6
May 08 09:36:13 ip-172-31-33-18.eu-west-1.compute.internal dlm_controld[10196]: 1964 fence status 5 receive -1 from 1 walltime 1778232973 local 1964
May 08 09:36:14 ip-172-31-33-18.eu-west-1.compute.internal dlm_controld[10196]: 1965 fence status 5 receive -1 from 2 walltime 1778232974 local 1965
May 08 09:36:15 ip-172-31-33-18.eu-west-1.compute.internal dlm_controld[10196]: 1967 fence status 5 receive -1 from 3 walltime 1778232975 local 1967
May 08 09:36:16 ip-172-31-33-18.eu-west-1.compute.internal dlm_controld[10196]: 1968 fence status 5 receive -1 from 4 walltime 1778232976 local 1968
May 08 09:36:16 ip-172-31-33-18.eu-west-1.compute.internal dlm_controld[10196]: 1968 fence request 5 pid 15338 nodedown time 1778232474 fence_all dlm_stonith
May 08 09:36:17 ip-172-31-33-18.eu-west-1.compute.internal dlm_controld[10196]: 1969 fence result 5 pid 15338 result -1 term signal 6
May 08 09:36:17 ip-172-31-33-18.eu-west-1.compute.internal dlm_controld[10196]: 1969 fence status 5 receive -1 from 1 walltime 1778232977 local 1969
May 08 09:36:18 ip-172-31-33-18.eu-west-1.compute.internal dlm_controld[10196]: 1970 fence status 5 receive -1 from 2 walltime 1778232978 local 1970
May 08 09:36:19 ip-172-31-33-18.eu-west-1.compute.internal dlm_controld[10196]: 1971 fence status 5 receive -1 from 3 walltime 1778232979 local 1971
May 08 09:36:20 ip-172-31-33-18.eu-west-1.compute.internal dlm_controld[10196]: 1972 fence status 5 receive -1 from 4 walltime 1778232980 local 1972
May 08 09:36:20 ip-172-31-33-18.eu-west-1.compute.internal dlm_controld[10196]: 1972 fence request 5 pid 15339 nodedown time 1778232474 fence_all dlm_stonith
May 08 09:36:21 ip-172-31-33-18.eu-west-1.compute.internal dlm_controld[10196]: 1973 fence result 5 pid 15339 result -1 term signal 6
May 08 09:36:21 ip-172-31-33-18.eu-west-1.compute.internal dlm_controld[10196]: 1973 fence status 5 receive -1 from 1 walltime 1778232981 local 1973
May 08 09:36:22 ip-172-31-33-18.eu-west-1.compute.internal dlm_controld[10196]: 1974 fence status 5 receive -1 from 2 walltime 1778232982 local 1974
May 08 09:36:23 ip-172-31-33-18.eu-west-1.compute.internal dlm_controld[10196]: 1975 fence status 5 receive -1 from 3 walltime 1778232983 local 1975
May 08 09:36:24 ip-172-31-33-18.eu-west-1.compute.internal dlm_controld[10196]: 1976 fence status 5 receive -1 from 4 walltime 1778232984 local 1976
May 08 09:36:24 ip-172-31-33-18.eu-west-1.compute.internal dlm_controld[10196]: 1976 fence request 5 pid 15381 nodedown time 1778232474 fence_all dlm_stonith
May 08 09:36:25 ip-172-31-33-18.eu-west-1.compute.internal dlm_controld[10196]: 1977 fence result 5 pid 15381 result -1 term signal 6
May 08 09:36:25 ip-172-31-33-18.eu-west-1.compute.internal dlm_controld[10196]: 1977 fence status 5 receive -1 from 1 walltime 1778232985 local 1977
May 08 09:36:26 ip-172-31-33-18.eu-west-1.compute.internal dlm_controld[10196]: 1978 fence status 5 receive -1 from 2 walltime 1778232986 local 1978
May 08 09:36:27 ip-172-31-33-18.eu-west-1.compute.internal dlm_controld[10196]: 1979 fence status 5 receive -1 from 3 walltime 1778232987 local 1979
May 08 09:36:28 ip-172-31-33-18.eu-west-1.compute.internal dlm_controld[10196]: 1980 fence status 5 receive -1 from 4 walltime 1778232988 local 1980
May 08 09:36:28 ip-172-31-33-18.eu-west-1.compute.internal dlm_controld[10196]: 1980 fence request 5 pid 15400 nodedown time 1778232474 fence_all dlm_stonith
May 08 09:36:30 ip-172-31-33-18.eu-west-1.compute.internal dlm_controld[10196]: 1981 fence result 5 pid 15400 result -1 term signal 6
May 08 09:36:30 ip-172-31-33-18.eu-west-1.compute.internal dlm_controld[10196]: 1981 fence status 5 receive -1 from 1 walltime 1778232989 local 1981
May 08 09:36:31 ip-172-31-33-18.eu-west-1.compute.internal dlm_controld[10196]: 1982 fence status 5 receive -1 from 2 walltime 1778232991 local 1982
May 08 09:36:32 ip-172-31-33-18.eu-west-1.compute.internal dlm_controld[10196]: 1983 fence status 5 receive -1 from 3 walltime 1778232992 local 1983
May 08 09:36:33 ip-172-31-33-18.eu-west-1.compute.internal dlm_controld[10196]: 1984 fence status 5 receive -1 from 4 walltime 1778232993 local 1984
May 08 09:36:33 ip-172-31-33-18.eu-west-1.compute.internal dlm_controld[10196]: 1984 fence request 5 pid 15401 nodedown time 1778232474 fence_all dlm_stonith
May 08 09:36:34 ip-172-31-33-18.eu-west-1.compute.internal dlm_controld[10196]: 1985 fence result 5 pid 15401 result -1 term signal 6
May 08 09:36:34 ip-172-31-33-18.eu-west-1.compute.internal dlm_controld[10196]: 1985 fence status 5 receive -1 from 1 walltime 1778232994 local 1985
May 08 09:36:35 ip-172-31-33-18.eu-west-1.compute.internal dlm_controld[10196]: 1986 fence status 5 receive -1 from 2 walltime 1778232995 local 1986
May 08 09:36:36 ip-172-31-33-18.eu-west-1.compute.internal dlm_controld[10196]: 1987 fence status 5 receive -1 from 3 walltime 1778232996 local 1987
May 08 09:36:37 ip-172-31-33-18.eu-west-1.compute.internal dlm_controld[10196]: 1988 fence status 5 receive -1 from 4 walltime 1778232997 local 1988
May 08 09:36:37 ip-172-31-33-18.eu-west-1.compute.internal dlm_controld[10196]: 1988 fence request 5 pid 15465 nodedown time 1778232474 fence_all dlm_stonith
May 08 09:36:38 ip-172-31-33-18.eu-west-1.compute.internal dlm_controld[10196]: 1989 fence result 5 pid 15465 result -1 term signal 6
May 08 09:36:38 ip-172-31-33-18.eu-west-1.compute.internal dlm_controld[10196]: 1989 fence status 5 receive -1 from 1 walltime 1778232998 local 1989
May 08 09:36:39 ip-172-31-33-18.eu-west-1.compute.internal dlm_controld[10196]: 1990 fence status 5 receive -1 from 2 walltime 1778232999 local 1990
May 08 09:36:40 ip-172-31-33-18.eu-west-1.compute.internal dlm_controld[10196]: 1991 fence status 5 receive -1 from 3 walltime 1778233000 local 1991
May 08 09:36:41 ip-172-31-33-18.eu-west-1.compute.internal dlm_controld[10196]: 1992 fence status 5 receive -1 from 4 walltime 1778233001 local 1992
May 08 09:36:41 ip-172-31-33-18.eu-west-1.compute.internal dlm_controld[10196]: 1992 fence request 5 pid 15466 nodedown time 1778232474 fence_all dlm_stonith
May 08 09:36:42 ip-172-31-33-18.eu-west-1.compute.internal dlm_controld[10196]: 1993 fence result 5 pid 15466 result -1 term signal 6
May 08 09:36:42 ip-172-31-33-18.eu-west-1.compute.internal dlm_controld[10196]: 1993 fence status 5 receive -1 from 1 walltime 1778233002 local 1993
May 08 09:36:43 ip-172-31-33-18.eu-west-1.compute.internal dlm_controld[10196]: 1994 fence status 5 receive -1 from 2 walltime 1778233003 local 1994
May 08 09:36:44 ip-172-31-33-18.eu-west-1.compute.internal dlm_controld[10196]: 1995 fence status 5 receive -1 from 3 walltime 1778233004 local 1995
May 08 09:36:45 ip-172-31-33-18.eu-west-1.compute.internal dlm_controld[10196]: 1996 fence status 5 receive -1 from 4 walltime 1778233005 local 1996
May 08 09:36:45 ip-172-31-33-18.eu-west-1.compute.internal dlm_controld[10196]: 1996 fence request 5 pid 15508 nodedown time 1778232474 fence_all dlm_stonith
May 08 09:36:46 ip-172-31-33-18.eu-west-1.compute.internal dlm_controld[10196]: 1997 fence result 5 pid 15508 result -1 term signal 6
May 08 09:36:46 ip-172-31-33-18.eu-west-1.compute.internal dlm_controld[10196]: 1997 fence status 5 receive -1 from 1 walltime 1778233006 local 1997
May 08 09:36:47 ip-172-31-33-18.eu-west-1.compute.internal dlm_controld[10196]: 1998 fence status 5 receive -1 from 2 walltime 1778233007 local 1998
May 08 09:36:48 ip-172-31-33-18.eu-west-1.compute.internal dlm_controld[10196]: 1999 fence status 5 receive -1 from 3 walltime 1778233008 local 1999
May 08 09:36:49 ip-172-31-33-18.eu-west-1.compute.internal dlm_controld[10196]: 2000 fence status 5 receive -1 from 4 walltime 1778233009 local 2000
May 08 09:36:49 ip-172-31-33-18.eu-west-1.compute.internal dlm_controld[10196]: 2000 fence request 5 pid 15509 nodedown time 1778232474 fence_all dlm_stonith
May 08 09:36:50 ip-172-31-33-18.eu-west-1.compute.internal dlm_controld[10196]: 2001 fence result 5 pid 15509 result -1 term signal 6
May 08 09:36:50 ip-172-31-33-18.eu-west-1.compute.internal dlm_controld[10196]: 2001 fence status 5 receive -1 from 1 walltime 1778233010 local 2001
May 08 09:36:51 ip-172-31-33-18.eu-west-1.compute.internal dlm_controld[10196]: 2002 fence status 5 receive -1 from 2 walltime 1778233011 local 2002
May 08 09:36:52 ip-172-31-33-18.eu-west-1.compute.internal dlm_controld[10196]: 2003 fence status 5 receive -1 from 3 walltime 1778233012 local 2003
May 08 09:36:53 ip-172-31-33-18.eu-west-1.compute.internal dlm_controld[10196]: 2004 fence status 5 receive -1 from 4 walltime 1778233013 local 2004
May 08 09:36:53 ip-172-31-33-18.eu-west-1.compute.internal dlm_controld[10196]: 2004 fence request 5 pid 15510 nodedown time 1778232474 fence_all dlm_stonith
May 08 09:36:54 ip-172-31-33-18.eu-west-1.compute.internal dlm_controld[10196]: 2005 fence result 5 pid 15510 result -1 term signal 6
May 08 09:36:54 ip-172-31-33-18.eu-west-1.compute.internal dlm_controld[10196]: 2005 fence status 5 receive -1 from 1 walltime 1778233014 local 2005
May 08 09:36:55 ip-172-31-33-18.eu-west-1.compute.internal dlm_controld[10196]: 2006 fence status 5 receive -1 from 2 walltime 1778233015 local 2006
May 08 09:36:56 ip-172-31-33-18.eu-west-1.compute.internal dlm_controld[10196]: 2007 fence status 5 receive -1 from 3 walltime 1778233016 local 2007
May 08 09:36:57 ip-172-31-33-18.eu-west-1.compute.internal dlm_controld[10196]: 2008 fence status 5 receive -1 from 4 walltime 1778233017 local 2008
May 08 09:36:57 ip-172-31-33-18.eu-west-1.compute.internal dlm_controld[10196]: 2008 fence request 5 pid 15552 nodedown time 1778232474 fence_all dlm_stonith
May 08 09:36:58 ip-172-31-33-18.eu-west-1.compute.internal dlm_controld[10196]: 2009 fence result 5 pid 15552 result -1 term signal 6
May 08 09:36:58 ip-172-31-33-18.eu-west-1.compute.internal dlm_controld[10196]: 2009 fence status 5 receive -1 from 1 walltime 1778233018 local 2009
May 08 09:36:59 ip-172-31-33-18.eu-west-1.compute.internal dlm_controld[10196]: 2010 fence status 5 receive -1 from 2 walltime 1778233019 local 2010
May 08 09:37:00 ip-172-31-33-18.eu-west-1.compute.internal dlm_controld[10196]: 2011 fence status 5 receive -1 from 3 walltime 1778233020 local 2011
May 08 09:37:01 ip-172-31-33-18.eu-west-1.compute.internal dlm_controld[10196]: 2012 fence status 5 receive -1 from 4 walltime 1778233021 local 2012
May 08 09:37:01 ip-172-31-33-18.eu-west-1.compute.internal dlm_controld[10196]: 2012 fence request 5 pid 15571 nodedown time 1778232474 fence_all dlm_stonith
May 08 09:37:02 ip-172-31-33-18.eu-west-1.compute.internal dlm_controld[10196]: 2013 fence result 5 pid 15571 result -1 term signal 6
May 08 09:37:02 ip-172-31-33-18.eu-west-1.compute.internal dlm_controld[10196]: 2013 fence status 5 receive -1 from 1 walltime 1778233022 local 2013
May 08 09:37:03 ip-172-31-33-18.eu-west-1.compute.internal dlm_controld[10196]: 2014 fence status 5 receive -1 from 2 walltime 1778233023 local 2014
May 08 09:37:04 ip-172-31-33-18.eu-west-1.compute.internal dlm_controld[10196]: 2015 fence status 5 receive -1 from 3 walltime 1778233024 local 2015
May 08 09:37:05 ip-172-31-33-18.eu-west-1.compute.internal dlm_controld[10196]: 2016 fence status 5 receive -1 from 4 walltime 1778233025 local 2016
May 08 09:37:05 ip-172-31-33-18.eu-west-1.compute.internal dlm_controld[10196]: 2016 fence request 5 pid 15629 nodedown time 1778232474 fence_all dlm_stonith
May 08 09:37:06 ip-172-31-33-18.eu-west-1.compute.internal dlm_controld[10196]: 2017 fence result 5 pid 15629 result -1 term signal 6
May 08 09:37:06 ip-172-31-33-18.eu-west-1.compute.internal dlm_controld[10196]: 2017 fence status 5 receive -1 from 1 walltime 1778233026 local 2017
May 08 09:37:07 ip-172-31-33-18.eu-west-1.compute.internal dlm_controld[10196]: 2018 fence status 5 receive -1 from 2 walltime 1778233027 local 2018
May 08 09:37:08 ip-172-31-33-18.eu-west-1.compute.internal dlm_controld[10196]: 2019 fence status 5 receive -1 from 3 walltime 1778233028 local 2019
May 08 09:37:09 ip-172-31-33-18.eu-west-1.compute.internal dlm_controld[10196]: 2020 fence status 5 receive -1 from 4 walltime 1778233029 local 2020
May 08 09:37:09 ip-172-31-33-18.eu-west-1.compute.internal dlm_controld[10196]: 2020 fence request 5 pid 15630 nodedown time 1778232474 fence_all dlm_stonith
May 08 09:37:10 ip-172-31-33-18.eu-west-1.compute.internal dlm_controld[10196]: 2021 fence result 5 pid 15630 result -1 term signal 6
May 08 09:37:10 ip-172-31-33-18.eu-west-1.compute.internal dlm_controld[10196]: 2021 fence status 5 receive -1 from 1 walltime 1778233030 local 2021
May 08 09:37:11 ip-172-31-33-18.eu-west-1.compute.internal dlm_controld[10196]: 2022 fence status 5 receive -1 from 2 walltime 1778233031 local 2022
May 08 09:37:12 ip-172-31-33-18.eu-west-1.compute.internal dlm_controld[10196]: 2023 fence status 5 receive -1 from 3 walltime 1778233032 local 2023
May 08 09:37:13 ip-172-31-33-18.eu-west-1.compute.internal dlm_controld[10196]: 2024 fence status 5 receive -1 from 4 walltime 1778233033 local 2024
May 08 09:37:13 ip-172-31-33-18.eu-west-1.compute.internal dlm_controld[10196]: 2024 fence request 5 pid 15632 nodedown time 1778232474 fence_all dlm_stonith
May 08 09:37:14 ip-172-31-33-18.eu-west-1.compute.internal dlm_controld[10196]: 2025 fence result 5 pid 15632 result -1 term signal 6
May 08 09:37:14 ip-172-31-33-18.eu-west-1.compute.internal dlm_controld[10196]: 2025 fence status 5 receive -1 from 1 walltime 1778233034 local 2025
May 08 09:37:15 ip-172-31-33-18.eu-west-1.compute.internal dlm_controld[10196]: 2026 fence status 5 receive -1 from 2 walltime 1778233035 local 2026
May 08 09:37:16 ip-172-31-33-18.eu-west-1.compute.internal dlm_controld[10196]: 2027 fence status 5 receive -1 from 3 walltime 1778233036 local 2027
May 08 09:37:17 ip-172-31-33-18.eu-west-1.compute.internal dlm_controld[10196]: 2028 fence status 5 receive -1 from 4 walltime 1778233037 local 2028
May 08 09:37:17 ip-172-31-33-18.eu-west-1.compute.internal dlm_controld[10196]: 2028 fence request 5 pid 15674 nodedown time 1778232474 fence_all dlm_stonith
May 08 09:37:18 ip-172-31-33-18.eu-west-1.compute.internal dlm_controld[10196]: 2029 fence result 5 pid 15674 result -1 term signal 6
May 08 09:37:18 ip-172-31-33-18.eu-west-1.compute.internal dlm_controld[10196]: 2029 fence status 5 receive -1 from 1 walltime 1778233038 local 2029
May 08 09:37:19 ip-172-31-33-18.eu-west-1.compute.internal dlm_controld[10196]: 2030 fence status 5 receive -1 from 2 walltime 1778233039 local 2030
May 08 09:37:20 ip-172-31-33-18.eu-west-1.compute.internal dlm_controld[10196]: 2031 fence status 5 receive -1 from 3 walltime 1778233040 local 2031
May 08 09:37:21 ip-172-31-33-18.eu-west-1.compute.internal dlm_controld[10196]: 2032 fence status 5 receive -1 from 4 walltime 1778233041 local 2032
May 08 09:37:21 ip-172-31-33-18.eu-west-1.compute.internal dlm_controld[10196]: 2032 fence request 5 pid 15675 nodedown time 1778232474 fence_all dlm_stonith
May 08 09:37:22 ip-172-31-33-18.eu-west-1.compute.internal dlm_controld[10196]: 2033 fence result 5 pid 15675 result -1 term signal 6
May 08 09:37:22 ip-172-31-33-18.eu-west-1.compute.internal dlm_controld[10196]: 2033 fence status 5 receive -1 from 1 walltime 1778233042 local 2033
May 08 09:37:23 ip-172-31-33-18.eu-west-1.compute.internal dlm_controld[10196]: 2034 fence status 5 receive -1 from 2 walltime 1778233043 local 2034
May 08 09:37:24 ip-172-31-33-18.eu-west-1.compute.internal dlm_controld[10196]: 2035 fence status 5 receive -1 from 3 walltime 1778233044 local 2035
May 08 09:37:25 ip-172-31-33-18.eu-west-1.compute.internal dlm_controld[10196]: 2036 fence status 5 receive -1 from 4 walltime 1778233045 local 2036
May 08 09:37:25 ip-172-31-33-18.eu-west-1.compute.internal dlm_controld[10196]: 2036 fence request 5 pid 15717 nodedown time 1778232474 fence_all dlm_stonith
May 08 09:37:26 ip-172-31-33-18.eu-west-1.compute.internal dlm_controld[10196]: 2037 fence result 5 pid 15717 result -1 term signal 6
May 08 09:37:26 ip-172-31-33-18.eu-west-1.compute.internal dlm_controld[10196]: 2037 fence status 5 receive -1 from 1 walltime 1778233046 local 2037
May 08 09:37:27 ip-172-31-33-18.eu-west-1.compute.internal dlm_controld[10196]: 2038 fence status 5 receive -1 from 2 walltime 1778233047 local 2038
May 08 09:37:28 ip-172-31-33-18.eu-west-1.compute.internal dlm_controld[10196]: 2039 fence status 5 receive -1 from 3 walltime 1778233048 local 2039
May 08 09:37:29 ip-172-31-33-18.eu-west-1.compute.internal dlm_controld[10196]: 2040 fence status 5 receive -1 from 4 walltime 1778233049 local 2040
May 08 09:37:29 ip-172-31-33-18.eu-west-1.compute.internal dlm_controld[10196]: 2040 fence request 5 pid 15736 nodedown time 1778232474 fence_all dlm_stonith
May 08 09:37:30 ip-172-31-33-18.eu-west-1.compute.internal dlm_controld[10196]: 2041 fence result 5 pid 15736 result -1 term signal 6
May 08 09:37:30 ip-172-31-33-18.eu-west-1.compute.internal dlm_controld[10196]: 2041 fence status 5 receive -1 from 1 walltime 1778233050 local 2041
May 08 09:37:31 ip-172-31-33-18.eu-west-1.compute.internal dlm_controld[10196]: 2042 fence status 5 receive -1 from 2 walltime 1778233051 local 2042
May 08 09:37:32 ip-172-31-33-18.eu-west-1.compute.internal dlm_controld[10196]: 2043 fence status 5 receive -1 from 3 walltime 1778233052 local 2043
May 08 09:37:33 ip-172-31-33-18.eu-west-1.compute.internal dlm_controld[10196]: 2044 fence status 5 receive -1 from 4 walltime 1778233053 local 2044
May 08 09:37:33 ip-172-31-33-18.eu-west-1.compute.internal dlm_controld[10196]: 2044 fence request 5 pid 15737 nodedown time 1778232474 fence_all dlm_stonith
May 08 09:37:34 ip-172-31-33-18.eu-west-1.compute.internal dlm_controld[10196]: 2045 fence result 5 pid 15737 result -1 term signal 6
May 08 09:37:34 ip-172-31-33-18.eu-west-1.compute.internal dlm_controld[10196]: 2045 fence status 5 receive -1 from 1 walltime 1778233054 local 2045
May 08 09:37:35 ip-172-31-33-18.eu-west-1.compute.internal dlm_controld[10196]: 2046 fence status 5 receive -1 from 2 walltime 1778233055 local 2046
May 08 09:37:36 ip-172-31-33-18.eu-west-1.compute.internal dlm_controld[10196]: 2047 fence status 5 receive -1 from 3 walltime 1778233056 local 2047
May 08 09:37:37 ip-172-31-33-18.eu-west-1.compute.internal dlm_controld[10196]: 2048 fence status 5 receive -1 from 4 walltime 1778233057 local 2048
May 08 09:37:37 ip-172-31-33-18.eu-west-1.compute.internal dlm_controld[10196]: 2048 fence request 5 pid 15797 nodedown time 1778232474 fence_all dlm_stonith
May 08 09:37:38 ip-172-31-33-18.eu-west-1.compute.internal dlm_controld[10196]: 2049 fence result 5 pid 15797 result -1 term signal 6
May 08 09:37:38 ip-172-31-33-18.eu-west-1.compute.internal dlm_controld[10196]: 2049 fence status 5 receive -1 from 1 walltime 1778233058 local 2049
May 08 09:37:39 ip-172-31-33-18.eu-west-1.compute.internal dlm_controld[10196]: 2050 fence status 5 receive -1 from 2 walltime 1778233059 local 2050
May 08 09:37:40 ip-172-31-33-18.eu-west-1.compute.internal dlm_controld[10196]: 2051 fence status 5 receive -1 from 3 walltime 1778233060 local 2051
May 08 09:37:41 ip-172-31-33-18.eu-west-1.compute.internal dlm_controld[10196]: 2052 fence status 5 receive -1 from 4 walltime 1778233061 local 2052
May 08 09:37:41 ip-172-31-33-18.eu-west-1.compute.internal dlm_controld[10196]: 2052 fence request 5 pid 15798 nodedown time 1778232474 fence_all dlm_stonith
May 08 09:37:41 ip-172-31-33-18.eu-west-1.compute.internal corosync[7396]:  [TOTEM ] A new membership (172.31.33.18:32) was formed. Members joined: 5
May 08 09:37:41 ip-172-31-33-18.eu-west-1.compute.internal dlm_controld[10196]: 2052 fence result 5 pid 15798 result -1 term signal 6
May 08 09:37:41 ip-172-31-33-18.eu-west-1.compute.internal corosync[7396]:  [QUORUM] Members[5]: 1 4 2 5 3
May 08 09:37:41 ip-172-31-33-18.eu-west-1.compute.internal dlm_controld[10196]: 2052 fence status 5 receive -1 from 1 walltime 1778233061 local 2052
May 08 09:37:41 ip-172-31-33-18.eu-west-1.compute.internal pacemakerd[7425]:   notice: Node ma-host-5 state is now member
May 08 09:37:41 ip-172-31-33-18.eu-west-1.compute.internal crmd[7431]:   notice: Node ma-host-5 state is now member
May 08 09:37:42 ip-172-31-33-18.eu-west-1.compute.internal attrd[7429]:   notice: Node ma-host-5 state is now member
May 08 09:37:42 ip-172-31-33-18.eu-west-1.compute.internal stonith-ng[7427]:   notice: Node ma-host-5 state is now member
May 08 09:37:42 ip-172-31-33-18.eu-west-1.compute.internal cib[7426]:   notice: Node ma-host-5 state is now member
May 08 09:37:46 ip-172-31-33-18.eu-west-1.compute.internal dlm_controld[10196]: 2057 daemon joined 5 needs fencing
May 08 09:47:44 ip-172-31-33-18.eu-west-1.compute.internal corosync[7396]:  [TOTEM ] A new membership (172.31.33.18:36) was formed. Members left: 5
May 08 09:47:44 ip-172-31-33-18.eu-west-1.compute.internal attrd[7429]:   notice: Purged 1 peer with id=5 and/or uname=ma-host-5 from the membership cache
May 08 09:47:44 ip-172-31-33-18.eu-west-1.compute.internal corosync[7396]:  [QUORUM] Members[4]: 1 4 2 3
May 08 09:47:44 ip-172-31-33-18.eu-west-1.compute.internal cib[7426]:   notice: Purged 1 peer with id=5 and/or uname=ma-host-5 from the membership cache
May 08 09:47:44 ip-172-31-33-18.eu-west-1.compute.internal stonith-ng[7427]:   notice: Purged 1 peer with id=5 and/or uname=ma-host-5 from the membership cache
May 08 09:47:44 ip-172-31-33-18.eu-west-1.compute.internal dlm_controld[10196]: 2655 fence request 5 pid 21179 nodedown time 1778233664 fence_all dlm_stonith
May 08 09:47:45 ip-172-31-33-18.eu-west-1.compute.internal dlm_controld[10196]: 2656 fence result 5 pid 21179 result -1 term signal 6
May 08 09:47:45 ip-172-31-33-18.eu-west-1.compute.internal dlm_controld[10196]: 2656 fence status 5 receive -1 from 1 walltime 1778233665 local 2656
May 08 09:47:45 ip-172-31-33-18.eu-west-1.compute.internal stonith-ng[7427]:   notice: clusterfence can fence (off) ma-host-5 (aka. 'i-003dbfa3f192dedd9'): static-list
May 08 09:47:45 ip-172-31-33-18.eu-west-1.compute.internal stonith-ng[7427]:   notice: clusterfence can fence (off) ma-host-5 (aka. 'i-003dbfa3f192dedd9'): static-list
May 08 09:47:46 ip-172-31-33-18.eu-west-1.compute.internal /fence_aws[21221]: SkipOsShutdown not supported with the current boto3 version 1.37.38 - falling back to graceful shutdown
May 08 09:47:46 ip-172-31-33-18.eu-west-1.compute.internal /fence_aws[21221]: SkipOsShutdown not supported with the current boto3 version 1.37.38 - falling back to graceful shutdown
May 08 09:47:46 ip-172-31-33-18.eu-west-1.compute.internal dlm_controld[10196]: 2657 fence status 5 receive -1 from 2 walltime 1778233666 local 2657
May 08 09:47:47 ip-172-31-33-18.eu-west-1.compute.internal dlm_controld[10196]: 2658 fence status 5 receive -1 from 3 walltime 1778233667 local 2658
May 08 09:47:48 ip-172-31-33-18.eu-west-1.compute.internal dlm_controld[10196]: 2659 fence status 5 receive -1 from 4 walltime 1778233668 local 2659
May 08 09:47:48 ip-172-31-33-18.eu-west-1.compute.internal dlm_controld[10196]: 2659 fence request 5 pid 21223 nodedown time 1778233664 fence_all dlm_stonith
May 08 09:47:49 ip-172-31-33-18.eu-west-1.compute.internal dlm_controld[10196]: 2660 fence result 5 pid 21223 result -1 term signal 6
May 08 09:47:49 ip-172-31-33-18.eu-west-1.compute.internal dlm_controld[10196]: 2660 fence status 5 receive -1 from 1 walltime 1778233669 local 2660
May 08 09:47:50 ip-172-31-33-18.eu-west-1.compute.internal dlm_controld[10196]: 2661 fence status 5 receive -1 from 2 walltime 1778233670 local 2661
May 08 09:47:51 ip-172-31-33-18.eu-west-1.compute.internal dlm_controld[10196]: 2662 fence status 5 receive -1 from 3 walltime 1778233671 local 2662
May 08 09:47:52 ip-172-31-33-18.eu-west-1.compute.internal dlm_controld[10196]: 2663 fence status 5 receive -1 from 4 walltime 1778233672 local 2663
May 08 09:47:52 ip-172-31-33-18.eu-west-1.compute.internal dlm_controld[10196]: 2663 fence request 5 pid 21224 nodedown time 1778233664 fence_all dlm_stonith
May 08 09:47:53 ip-172-31-33-18.eu-west-1.compute.internal dlm_controld[10196]: 2664 fence result 5 pid 21224 result -1 term signal 6
May 08 09:47:53 ip-172-31-33-18.eu-west-1.compute.internal dlm_controld[10196]: 2664 fence status 5 receive -1 from 1 walltime 1778233673 local 2664
May 08 09:47:54 ip-172-31-33-18.eu-west-1.compute.internal dlm_controld[10196]: 2665 fence status 5 receive -1 from 2 walltime 1778233674 local 2665
May 08 09:47:55 ip-172-31-33-18.eu-west-1.compute.internal dlm_controld[10196]: 2666 fence status 5 receive -1 from 3 walltime 1778233675 local 2666
May 08 09:47:56 ip-172-31-33-18.eu-west-1.compute.internal dlm_controld[10196]: 2667 fence status 5 receive -1 from 4 walltime 1778233676 local 2667
May 08 09:47:56 ip-172-31-33-18.eu-west-1.compute.internal dlm_controld[10196]: 2667 fence request 5 pid 21266 nodedown time 1778233664 fence_all dlm_stonith
May 08 09:47:57 ip-172-31-33-18.eu-west-1.compute.internal dlm_controld[10196]: 2668 fence result 5 pid 21266 result -1 term signal 6
May 08 09:47:57 ip-172-31-33-18.eu-west-1.compute.internal dlm_controld[10196]: 2668 fence status 5 receive -1 from 1 walltime 1778233677 local 2668
May 08 09:47:58 ip-172-31-33-18.eu-west-1.compute.internal dlm_controld[10196]: 2669 fence status 5 receive -1 from 2 walltime 1778233678 local 2669
May 08 09:47:59 ip-172-31-33-18.eu-west-1.compute.internal dlm_controld[10196]: 2670 fence status 5 receive -1 from 3 walltime 1778233679 local 2670
May 08 09:48:00 ip-172-31-33-18.eu-west-1.compute.internal dlm_controld[10196]: 2671 fence status 5 receive -1 from 4 walltime 1778233680 local 2671
May 08 09:48:00 ip-172-31-33-18.eu-west-1.compute.internal dlm_controld[10196]: 2671 fence request 5 pid 21285 nodedown time 1778233664 fence_all dlm_stonith
May 08 09:48:01 ip-172-31-33-18.eu-west-1.compute.internal dlm_controld[10196]: 2672 fence result 5 pid 21285 result -1 term signal 6
May 08 09:48:01 ip-172-31-33-18.eu-west-1.compute.internal dlm_controld[10196]: 2672 fence status 5 receive -1 from 1 walltime 1778233681 local 2672
May 08 09:48:02 ip-172-31-33-18.eu-west-1.compute.internal dlm_controld[10196]: 2673 fence status 5 receive -1 from 2 walltime 1778233682 local 2673
May 08 09:48:03 ip-172-31-33-18.eu-west-1.compute.internal dlm_controld[10196]: 2674 fence status 5 receive -1 from 3 walltime 1778233683 local 2674
May 08 09:48:04 ip-172-31-33-18.eu-west-1.compute.internal dlm_controld[10196]: 2675 fence status 5 receive -1 from 4 walltime 1778233684 local 2675
May 08 09:48:04 ip-172-31-33-18.eu-west-1.compute.internal dlm_controld[10196]: 2675 fence request 5 pid 21302 nodedown time 1778233664 fence_all dlm_stonith
May 08 09:48:05 ip-172-31-33-18.eu-west-1.compute.internal dlm_controld[10196]: 2676 fence result 5 pid 21302 result -1 term signal 6
May 08 09:48:05 ip-172-31-33-18.eu-west-1.compute.internal dlm_controld[10196]: 2676 fence status 5 receive -1 from 1 walltime 1778233685 local 2676
May 08 09:48:06 ip-172-31-33-18.eu-west-1.compute.internal dlm_controld[10196]: 2677 fence status 5 receive -1 from 2 walltime 1778233686 local 2677
May 08 09:48:07 ip-172-31-33-18.eu-west-1.compute.internal dlm_controld[10196]: 2678 fence status 5 receive -1 from 3 walltime 1778233687 local 2678
May 08 09:48:08 ip-172-31-33-18.eu-west-1.compute.internal dlm_controld[10196]: 2679 fence status 5 receive -1 from 4 walltime 1778233688 local 2679
May 08 09:48:08 ip-172-31-33-18.eu-west-1.compute.internal dlm_controld[10196]: 2679 fence request 5 pid 21344 nodedown time 1778233664 fence_all dlm_stonith
May 08 09:48:09 ip-172-31-33-18.eu-west-1.compute.internal dlm_controld[10196]: 2680 fence result 5 pid 21344 result -1 term signal 6
May 08 09:48:09 ip-172-31-33-18.eu-west-1.compute.internal dlm_controld[10196]: 2680 fence status 5 receive -1 from 1 walltime 1778233689 local 2680
May 08 09:48:10 ip-172-31-33-18.eu-west-1.compute.internal dlm_controld[10196]: 2681 fence status 5 receive -1 from 2 walltime 1778233690 local 2681
May 08 09:48:11 ip-172-31-33-18.eu-west-1.compute.internal dlm_controld[10196]: 2682 fence status 5 receive -1 from 3 walltime 1778233691 local 2682
May 08 09:48:12 ip-172-31-33-18.eu-west-1.compute.internal dlm_controld[10196]: 2683 fence status 5 receive -1 from 4 walltime 1778233692 local 2683
May 08 09:48:12 ip-172-31-33-18.eu-west-1.compute.internal dlm_controld[10196]: 2683 fence request 5 pid 21345 nodedown time 1778233664 fence_all dlm_stonith
May 08 09:48:13 ip-172-31-33-18.eu-west-1.compute.internal dlm_controld[10196]: 2684 fence result 5 pid 21345 result -1 term signal 6
May 08 09:48:13 ip-172-31-33-18.eu-west-1.compute.internal dlm_controld[10196]: 2684 fence status 5 receive -1 from 1 walltime 1778233693 local 2684
May 08 09:48:14 ip-172-31-33-18.eu-west-1.compute.internal dlm_controld[10196]: 2685 fence status 5 receive -1 from 2 walltime 1778233694 local 2685
May 08 09:48:15 ip-172-31-33-18.eu-west-1.compute.internal dlm_controld[10196]: 2686 fence status 5 receive -1 from 3 walltime 1778233695 local 2686
May 08 09:48:16 ip-172-31-33-18.eu-west-1.compute.internal dlm_controld[10196]: 2687 fence status 5 receive -1 from 4 walltime 1778233696 local 2687
May 08 09:48:16 ip-172-31-33-18.eu-west-1.compute.internal dlm_controld[10196]: 2687 fence request 5 pid 21387 nodedown time 1778233664 fence_all dlm_stonith
May 08 09:48:17 ip-172-31-33-18.eu-west-1.compute.internal dlm_controld[10196]: 2688 fence result 5 pid 21387 result -1 term signal 6
May 08 09:48:17 ip-172-31-33-18.eu-west-1.compute.internal dlm_controld[10196]: 2688 fence status 5 receive -1 from 1 walltime 1778233697 local 2688
May 08 09:48:18 ip-172-31-33-18.eu-west-1.compute.internal dlm_controld[10196]: 2689 fence status 5 receive -1 from 2 walltime 1778233698 local 2689
May 08 09:48:19 ip-172-31-33-18.eu-west-1.compute.internal dlm_controld[10196]: 2690 fence status 5 receive -1 from 3 walltime 1778233699 local 2690
May 08 09:48:20 ip-172-31-33-18.eu-west-1.compute.internal dlm_controld[10196]: 2691 fence status 5 receive -1 from 4 walltime 1778233700 local 2691
May 08 09:48:20 ip-172-31-33-18.eu-west-1.compute.internal dlm_controld[10196]: 2691 fence request 5 pid 21388 nodedown time 1778233664 fence_all dlm_stonith
May 08 09:48:21 ip-172-31-33-18.eu-west-1.compute.internal dlm_controld[10196]: 2692 fence result 5 pid 21388 result -1 term signal 6
May 08 09:48:21 ip-172-31-33-18.eu-west-1.compute.internal dlm_controld[10196]: 2692 fence status 5 receive -1 from 1 walltime 1778233701 local 2692
May 08 09:48:22 ip-172-31-33-18.eu-west-1.compute.internal dlm_controld[10196]: 2693 fence status 5 receive -1 from 2 walltime 1778233702 local 2693
May 08 09:48:23 ip-172-31-33-18.eu-west-1.compute.internal dlm_controld[10196]: 2694 fence status 5 receive -1 from 3 walltime 1778233703 local 2694
May 08 09:48:24 ip-172-31-33-18.eu-west-1.compute.internal dlm_controld[10196]: 2695 fence status 5 receive -1 from 4 walltime 1778233704 local 2695
May 08 09:48:24 ip-172-31-33-18.eu-west-1.compute.internal dlm_controld[10196]: 2695 fence request 5 pid 21413 nodedown time 1778233664 fence_all dlm_stonith
May 08 09:48:25 ip-172-31-33-18.eu-west-1.compute.internal dlm_controld[10196]: 2696 fence result 5 pid 21413 result -1 term signal 6
May 08 09:48:25 ip-172-31-33-18.eu-west-1.compute.internal dlm_controld[10196]: 2696 fence status 5 receive -1 from 1 walltime 1778233705 local 2696
May 08 09:48:26 ip-172-31-33-18.eu-west-1.compute.internal dlm_controld[10196]: 2698 fence status 5 receive -1 from 2 walltime 1778233706 local 2698
May 08 09:48:27 ip-172-31-33-18.eu-west-1.compute.internal dlm_controld[10196]: 2699 fence status 5 receive -1 from 3 walltime 1778233707 local 2699
May 08 09:48:28 ip-172-31-33-18.eu-west-1.compute.internal dlm_controld[10196]: 2700 fence status 5 receive -1 from 4 walltime 1778233708 local 2700
May 08 09:48:28 ip-172-31-33-18.eu-west-1.compute.internal dlm_controld[10196]: 2700 fence request 5 pid 21517 nodedown time 1778233664 fence_all dlm_stonith
May 08 09:48:29 ip-172-31-33-18.eu-west-1.compute.internal dlm_controld[10196]: 2701 fence result 5 pid 21517 result -1 term signal 6
May 08 09:48:29 ip-172-31-33-18.eu-west-1.compute.internal dlm_controld[10196]: 2701 fence status 5 receive -1 from 1 walltime 1778233709 local 2701
May 08 09:48:30 ip-172-31-33-18.eu-west-1.compute.internal dlm_controld[10196]: 2702 fence status 5 receive -1 from 2 walltime 1778233710 local 2702
May 08 09:48:31 ip-172-31-33-18.eu-west-1.compute.internal dlm_controld[10196]: 2703 fence status 5 receive -1 from 3 walltime 1778233711 local 2703
May 08 09:48:32 ip-172-31-33-18.eu-west-1.compute.internal dlm_controld[10196]: 2704 fence status 5 receive -1 from 4 walltime 1778233712 local 2704
May 08 09:48:32 ip-172-31-33-18.eu-west-1.compute.internal dlm_controld[10196]: 2704 fence request 5 pid 21562 nodedown time 1778233664 fence_all dlm_stonith
May 08 09:48:33 ip-172-31-33-18.eu-west-1.compute.internal dlm_controld[10196]: 2705 fence result 5 pid 21562 result -1 term signal 6
May 08 09:48:33 ip-172-31-33-18.eu-west-1.compute.internal dlm_controld[10196]: 2705 fence status 5 receive -1 from 1 walltime 1778233713 local 2705
May 08 09:48:34 ip-172-31-33-18.eu-west-1.compute.internal dlm_controld[10196]: 2706 fence status 5 receive -1 from 2 walltime 1778233714 local 2706
May 08 09:48:35 ip-172-31-33-18.eu-west-1.compute.internal dlm_controld[10196]: 2707 fence status 5 receive -1 from 3 walltime 1778233715 local 2707
May 08 09:48:36 ip-172-31-33-18.eu-west-1.compute.internal stonith-ng[7427]:   notice: fence_aws_off_1:21221:stderr [ 2026-05-08 09:47:46,259 WARNING: SkipOsShutdown not supported with the current boto3 version 1.37.38 - falling back to graceful shutdown ]
May 08 09:48:36 ip-172-31-33-18.eu-west-1.compute.internal stonith-ng[7427]:  warning: fence_aws[21221] stderr: [ 2026-05-08 09:47:46,259 WARNING: SkipOsShutdown not supported with the current boto3 version 1.37.38 - falling back to graceful shutdown ]
May 08 09:48:36 ip-172-31-33-18.eu-west-1.compute.internal stonith-ng[7427]:   notice: Operation 'off' [21221] (call 4 from crmd.7240) for host 'ma-host-5' with device 'clusterfence' returned: 0 (OK)
May 08 09:48:36 ip-172-31-33-18.eu-west-1.compute.internal dlm_controld[10196]: 2708 fence status 5 receive -1 from 4 walltime 1778233716 local 2708
May 08 09:48:36 ip-172-31-33-18.eu-west-1.compute.internal dlm_controld[10196]: 2708 fence request 5 pid 21664 nodedown time 1778233664 fence_all dlm_stonith
May 08 09:48:37 ip-172-31-33-18.eu-west-1.compute.internal dlm_controld[10196]: 2709 fence result 5 pid 21664 result -1 term signal 6
May 08 09:48:37 ip-172-31-33-18.eu-west-1.compute.internal dlm_controld[10196]: 2709 fence status 5 receive -1 from 1 walltime 1778233717 local 2709
May 08 09:48:38 ip-172-31-33-18.eu-west-1.compute.internal dlm_controld[10196]: 2710 fence status 5 receive -1 from 2 walltime 1778233718 local 2710
May 08 09:48:39 ip-172-31-33-18.eu-west-1.compute.internal dlm_controld[10196]: 2711 fence status 5 receive -1 from 3 walltime 1778233719 local 2711
May 08 09:48:41 ip-172-31-33-18.eu-west-1.compute.internal dlm_controld[10196]: 2712 fence status 5 receive -1 from 4 walltime 1778233720 local 2712
May 08 09:48:41 ip-172-31-33-18.eu-west-1.compute.internal dlm_controld[10196]: 2712 fence request 5 pid 21711 nodedown time 1778233664 fence_all dlm_stonith
May 08 09:48:42 ip-172-31-33-18.eu-west-1.compute.internal dlm_controld[10196]: 2713 fence result 5 pid 21711 result -1 term signal 6
May 08 09:48:42 ip-172-31-33-18.eu-west-1.compute.internal dlm_controld[10196]: 2713 fence status 5 receive -1 from 1 walltime 1778233722 local 2713
May 08 09:48:43 ip-172-31-33-18.eu-west-1.compute.internal dlm_controld[10196]: 2714 fence status 5 receive -1 from 2 walltime 1778233723 local 2714
May 08 09:48:44 ip-172-31-33-18.eu-west-1.compute.internal dlm_controld[10196]: 2715 fence status 5 receive -1 from 3 walltime 1778233724 local 2715
May 08 09:48:45 ip-172-31-33-18.eu-west-1.compute.internal dlm_controld[10196]: 2716 fence status 5 receive -1 from 4 walltime 1778233725 local 2716
May 08 09:48:45 ip-172-31-33-18.eu-west-1.compute.internal dlm_controld[10196]: 2716 fence request 5 pid 21734 nodedown time 1778233664 fence_all dlm_stonith
May 08 09:48:46 ip-172-31-33-18.eu-west-1.compute.internal dlm_controld[10196]: 2717 fence result 5 pid 21734 result -1 term signal 6
May 08 09:48:46 ip-172-31-33-18.eu-west-1.compute.internal dlm_controld[10196]: 2717 fence status 5 receive -1 from 1 walltime 1778233726 local 2717
May 08 09:48:47 ip-172-31-33-18.eu-west-1.compute.internal dlm_controld[10196]: 2718 fence status 5 receive -1 from 2 walltime 1778233727 local 2718
May 08 09:48:48 ip-172-31-33-18.eu-west-1.compute.internal dlm_controld[10196]: 2719 fence status 5 receive -1 from 3 walltime 1778233728 local 2719
May 08 09:48:49 ip-172-31-33-18.eu-west-1.compute.internal dlm_controld[10196]: 2720 fence status 5 receive -1 from 4 walltime 1778233729 local 2720
May 08 09:48:49 ip-172-31-33-18.eu-west-1.compute.internal dlm_controld[10196]: 2720 fence request 5 pid 21820 nodedown time 1778233664 fence_all dlm_stonith
May 08 09:48:50 ip-172-31-33-18.eu-west-1.compute.internal dlm_controld[10196]: 2721 fence result 5 pid 21820 result -1 term signal 6
May 08 09:48:50 ip-172-31-33-18.eu-west-1.compute.internal dlm_controld[10196]: 2721 fence status 5 receive -1 from 1 walltime 1778233730 local 2721
May 08 09:48:51 ip-172-31-33-18.eu-west-1.compute.internal dlm_controld[10196]: 2722 fence status 5 receive -1 from 2 walltime 1778233731 local 2722
May 08 09:48:52 ip-172-31-33-18.eu-west-1.compute.internal dlm_controld[10196]: 2723 fence status 5 receive -1 from 3 walltime 1778233732 local 2723
May 08 09:48:53 ip-172-31-33-18.eu-west-1.compute.internal dlm_controld[10196]: 2724 fence status 5 receive -1 from 4 walltime 1778233733 local 2724
May 08 09:48:53 ip-172-31-33-18.eu-west-1.compute.internal dlm_controld[10196]: 2724 fence request 5 pid 21865 nodedown time 1778233664 fence_all dlm_stonith
May 08 09:48:54 ip-172-31-33-18.eu-west-1.compute.internal dlm_controld[10196]: 2725 fence result 5 pid 21865 result -1 term signal 6
May 08 09:48:54 ip-172-31-33-18.eu-west-1.compute.internal dlm_controld[10196]: 2725 fence status 5 receive -1 from 1 walltime 1778233734 local 2725
May 08 09:48:55 ip-172-31-33-18.eu-west-1.compute.internal dlm_controld[10196]: 2726 fence status 5 receive -1 from 2 walltime 1778233735 local 2726
May 08 09:48:56 ip-172-31-33-18.eu-west-1.compute.internal dlm_controld[10196]: 2727 fence status 5 receive -1 from 3 walltime 1778233736 local 2727
May 08 09:48:57 ip-172-31-33-18.eu-west-1.compute.internal dlm_controld[10196]: 2728 fence status 5 receive -1 from 4 walltime 1778233737 local 2728
May 08 09:48:57 ip-172-31-33-18.eu-west-1.compute.internal dlm_controld[10196]: 2728 fence request 5 pid 21951 nodedown time 1778233664 fence_all dlm_stonith
May 08 09:48:58 ip-172-31-33-18.eu-west-1.compute.internal dlm_controld[10196]: 2729 fence result 5 pid 21951 result -1 term signal 6
May 08 09:48:58 ip-172-31-33-18.eu-west-1.compute.internal dlm_controld[10196]: 2729 fence status 5 receive -1 from 1 walltime 1778233738 local 2729
May 08 09:48:59 ip-172-31-33-18.eu-west-1.compute.internal dlm_controld[10196]: 2730 fence status 5 receive -1 from 2 walltime 1778233739 local 2730
May 08 09:49:00 ip-172-31-33-18.eu-west-1.compute.internal dlm_controld[10196]: 2731 fence status 5 receive -1 from 3 walltime 1778233740 local 2731
May 08 09:49:01 ip-172-31-33-18.eu-west-1.compute.internal dlm_controld[10196]: 2732 fence status 5 receive -1 from 4 walltime 1778233741 local 2732
May 08 09:49:01 ip-172-31-33-18.eu-west-1.compute.internal dlm_controld[10196]: 2732 fence request 5 pid 22014 nodedown time 1778233664 fence_all dlm_stonith
May 08 09:49:02 ip-172-31-33-18.eu-west-1.compute.internal dlm_controld[10196]: 2733 fence result 5 pid 22014 result -1 term signal 6
May 08 09:49:02 ip-172-31-33-18.eu-west-1.compute.internal dlm_controld[10196]: 2733 fence status 5 receive -1 from 1 walltime 1778233742 local 2733
May 08 09:49:03 ip-172-31-33-18.eu-west-1.compute.internal dlm_controld[10196]: 2734 fence status 5 receive -1 from 2 walltime 1778233743 local 2734
May 08 09:49:04 ip-172-31-33-18.eu-west-1.compute.internal dlm_controld[10196]: 2735 fence status 5 receive -1 from 3 walltime 1778233744 local 2735
May 08 09:49:05 ip-172-31-33-18.eu-west-1.compute.internal dlm_controld[10196]: 2736 fence status 5 receive -1 from 4 walltime 1778233745 local 2736
May 08 09:49:05 ip-172-31-33-18.eu-west-1.compute.internal dlm_controld[10196]: 2736 fence request 5 pid 22087 nodedown time 1778233664 fence_all dlm_stonith
May 08 09:49:06 ip-172-31-33-18.eu-west-1.compute.internal dlm_controld[10196]: 2737 fence result 5 pid 22087 result -1 term signal 6
May 08 09:49:06 ip-172-31-33-18.eu-west-1.compute.internal dlm_controld[10196]: 2737 fence status 5 receive -1 from 1 walltime 1778233746 local 2737
May 08 09:49:07 ip-172-31-33-18.eu-west-1.compute.internal dlm_controld[10196]: 2738 fence status 5 receive -1 from 2 walltime 1778233747 local 2738
May 08 09:49:08 ip-172-31-33-18.eu-west-1.compute.internal dlm_controld[10196]: 2739 fence status 5 receive -1 from 3 walltime 1778233748 local 2739
May 08 09:49:09 ip-172-31-33-18.eu-west-1.compute.internal dlm_controld[10196]: 2740 fence status 5 receive -1 from 4 walltime 1778233749 local 2740
May 08 09:49:09 ip-172-31-33-18.eu-west-1.compute.internal dlm_controld[10196]: 2740 fence request 5 pid 22173 nodedown time 1778233664 fence_all dlm_stonith
May 08 09:49:10 ip-172-31-33-18.eu-west-1.compute.internal dlm_controld[10196]: 2741 fence result 5 pid 22173 result -1 term signal 6
May 08 09:49:10 ip-172-31-33-18.eu-west-1.compute.internal dlm_controld[10196]: 2741 fence status 5 receive -1 from 1 walltime 1778233750 local 2741
May 08 09:49:11 ip-172-31-33-18.eu-west-1.compute.internal dlm_controld[10196]: 2742 fence status 5 receive -1 from 2 walltime 1778233751 local 2742
May 08 09:49:12 ip-172-31-33-18.eu-west-1.compute.internal dlm_controld[10196]: 2743 fence status 5 receive -1 from 3 walltime 1778233752 local 2743
May 08 09:49:13 ip-172-31-33-18.eu-west-1.compute.internal dlm_controld[10196]: 2744 fence status 5 receive -1 from 4 walltime 1778233753 local 2744
May 08 09:49:13 ip-172-31-33-18.eu-west-1.compute.internal dlm_controld[10196]: 2744 fence request 5 pid 22218 nodedown time 1778233664 fence_all dlm_stonith
May 08 09:49:14 ip-172-31-33-18.eu-west-1.compute.internal dlm_controld[10196]: 2745 fence result 5 pid 22218 result -1 term signal 6
May 08 09:49:14 ip-172-31-33-18.eu-west-1.compute.internal dlm_controld[10196]: 2745 fence status 5 receive -1 from 1 walltime 1778233754 local 2745
May 08 09:49:15 ip-172-31-33-18.eu-west-1.compute.internal dlm_controld[10196]: 2746 fence status 5 receive -1 from 2 walltime 1778233755 local 2746
May 08 09:49:16 ip-172-31-33-18.eu-west-1.compute.internal dlm_controld[10196]: 2747 fence status 5 receive -1 from 3 walltime 1778233756 local 2747
May 08 09:49:17 ip-172-31-33-18.eu-west-1.compute.internal dlm_controld[10196]: 2748 fence status 5 receive -1 from 4 walltime 1778233757 local 2748
May 08 09:49:17 ip-172-31-33-18.eu-west-1.compute.internal dlm_controld[10196]: 2748 fence request 5 pid 22304 nodedown time 1778233664 fence_all dlm_stonith
May 08 09:49:18 ip-172-31-33-18.eu-west-1.compute.internal dlm_controld[10196]: 2749 fence result 5 pid 22304 result -1 term signal 6
May 08 09:49:18 ip-172-31-33-18.eu-west-1.compute.internal dlm_controld[10196]: 2749 fence status 5 receive -1 from 1 walltime 1778233758 local 2749
May 08 09:49:19 ip-172-31-33-18.eu-west-1.compute.internal dlm_controld[10196]: 2750 fence status 5 receive -1 from 2 walltime 1778233759 local 2750
May 08 09:49:20 ip-172-31-33-18.eu-west-1.compute.internal dlm_controld[10196]: 2751 fence status 5 receive -1 from 3 walltime 1778233760 local 2751
May 08 09:49:21 ip-172-31-33-18.eu-west-1.compute.internal dlm_controld[10196]: 2752 fence status 5 receive -1 from 4 walltime 1778233761 local 2752
May 08 09:49:21 ip-172-31-33-18.eu-west-1.compute.internal dlm_controld[10196]: 2752 fence request 5 pid 22349 nodedown time 1778233664 fence_all dlm_stonith
May 08 09:49:22 ip-172-31-33-18.eu-west-1.compute.internal dlm_controld[10196]: 2753 fence result 5 pid 22349 result -1 term signal 6
May 08 09:49:22 ip-172-31-33-18.eu-west-1.compute.internal dlm_controld[10196]: 2753 fence status 5 receive -1 from 1 walltime 1778233762 local 2753
May 08 09:49:23 ip-172-31-33-18.eu-west-1.compute.internal dlm_controld[10196]: 2754 fence status 5 receive -1 from 2 walltime 1778233763 local 2754
May 08 09:49:24 ip-172-31-33-18.eu-west-1.compute.internal dlm_controld[10196]: 2755 fence status 5 receive -1 from 3 walltime 1778233764 local 2755
May 08 09:49:25 ip-172-31-33-18.eu-west-1.compute.internal dlm_controld[10196]: 2756 fence status 5 receive -1 from 4 walltime 1778233765 local 2756
May 08 09:49:25 ip-172-31-33-18.eu-west-1.compute.internal dlm_controld[10196]: 2756 fence request 5 pid 22377 nodedown time 1778233664 fence_all dlm_stonith
May 08 09:49:26 ip-172-31-33-18.eu-west-1.compute.internal dlm_controld[10196]: 2757 fence result 5 pid 22377 result -1 term signal 6
May 08 09:49:26 ip-172-31-33-18.eu-west-1.compute.internal dlm_controld[10196]: 2757 fence status 5 receive -1 from 1 walltime 1778233766 local 2757
May 08 09:49:27 ip-172-31-33-18.eu-west-1.compute.internal dlm_controld[10196]: 2758 fence status 5 receive -1 from 2 walltime 1778233767 local 2758
May 08 09:49:28 ip-172-31-33-18.eu-west-1.compute.internal dlm_controld[10196]: 2759 fence status 5 receive -1 from 3 walltime 1778233768 local 2759
May 08 09:49:29 ip-172-31-33-18.eu-west-1.compute.internal dlm_controld[10196]: 2760 fence status 5 receive -1 from 4 walltime 1778233769 local 2760
May 08 09:49:29 ip-172-31-33-18.eu-west-1.compute.internal dlm_controld[10196]: 2760 fence request 5 pid 22477 nodedown time 1778233664 fence_all dlm_stonith
May 08 09:49:30 ip-172-31-33-18.eu-west-1.compute.internal dlm_controld[10196]: 2761 fence result 5 pid 22477 result -1 term signal 6
May 08 09:49:30 ip-172-31-33-18.eu-west-1.compute.internal dlm_controld[10196]: 2761 fence status 5 receive -1 from 1 walltime 1778233770 local 2761
May 08 09:49:31 ip-172-31-33-18.eu-west-1.compute.internal dlm_controld[10196]: 2762 fence status 5 receive -1 from 2 walltime 1778233771 local 2762
May 08 09:49:32 ip-172-31-33-18.eu-west-1.compute.internal dlm_controld[10196]: 2763 fence status 5 receive -1 from 3 walltime 1778233772 local 2763
May 08 09:49:33 ip-172-31-33-18.eu-west-1.compute.internal dlm_controld[10196]: 2764 fence status 5 receive -1 from 4 walltime 1778233773 local 2764
May 08 09:49:33 ip-172-31-33-18.eu-west-1.compute.internal dlm_controld[10196]: 2764 fence request 5 pid 22522 nodedown time 1778233664 fence_all dlm_stonith
May 08 09:49:34 ip-172-31-33-18.eu-west-1.compute.internal dlm_controld[10196]: 2765 fence result 5 pid 22522 result -1 term signal 6
May 08 09:49:34 ip-172-31-33-18.eu-west-1.compute.internal dlm_controld[10196]: 2765 fence status 5 receive -1 from 1 walltime 1778233774 local 2765
May 08 09:49:35 ip-172-31-33-18.eu-west-1.compute.internal dlm_controld[10196]: 2766 fence status 5 receive -1 from 2 walltime 1778233775 local 2766
May 08 09:49:36 ip-172-31-33-18.eu-west-1.compute.internal dlm_controld[10196]: 2767 fence status 5 receive -1 from 3 walltime 1778233776 local 2767
May 08 09:49:37 ip-172-31-33-18.eu-west-1.compute.internal dlm_controld[10196]: 2768 fence status 5 receive -1 from 4 walltime 1778233777 local 2768
May 08 09:49:37 ip-172-31-33-18.eu-west-1.compute.internal dlm_controld[10196]: 2768 fence request 5 pid 22624 nodedown time 1778233664 fence_all dlm_stonith
May 08 09:49:38 ip-172-31-33-18.eu-west-1.compute.internal dlm_controld[10196]: 2769 fence result 5 pid 22624 result -1 term signal 6
May 08 09:49:38 ip-172-31-33-18.eu-west-1.compute.internal dlm_controld[10196]: 2769 fence status 5 receive -1 from 1 walltime 1778233778 local 2769
May 08 09:49:39 ip-172-31-33-18.eu-west-1.compute.internal dlm_controld[10196]: 2770 fence status 5 receive -1 from 2 walltime 1778233779 local 2770
May 08 09:49:40 ip-172-31-33-18.eu-west-1.compute.internal dlm_controld[10196]: 2771 fence status 5 receive -1 from 3 walltime 1778233780 local 2771
May 08 09:49:41 ip-172-31-33-18.eu-west-1.compute.internal dlm_controld[10196]: 2772 fence status 5 receive -1 from 4 walltime 1778233781 local 2772
May 08 09:49:41 ip-172-31-33-18.eu-west-1.compute.internal dlm_controld[10196]: 2772 fence request 5 pid 22671 nodedown time 1778233664 fence_all dlm_stonith
May 08 09:49:42 ip-172-31-33-18.eu-west-1.compute.internal dlm_controld[10196]: 2773 fence result 5 pid 22671 result -1 term signal 6
May 08 09:49:42 ip-172-31-33-18.eu-west-1.compute.internal dlm_controld[10196]: 2773 fence status 5 receive -1 from 1 walltime 1778233782 local 2773
May 08 09:49:43 ip-172-31-33-18.eu-west-1.compute.internal dlm_controld[10196]: 2774 fence status 5 receive -1 from 2 walltime 1778233783 local 2774
May 08 09:49:44 ip-172-31-33-18.eu-west-1.compute.internal dlm_controld[10196]: 2775 fence status 5 receive -1 from 3 walltime 1778233784 local 2775
May 08 09:49:45 ip-172-31-33-18.eu-west-1.compute.internal dlm_controld[10196]: 2776 fence status 5 receive -1 from 4 walltime 1778233785 local 2776
May 08 09:49:45 ip-172-31-33-18.eu-west-1.compute.internal dlm_controld[10196]: 2776 fence request 5 pid 22716 nodedown time 1778233664 fence_all dlm_stonith
May 08 09:49:46 ip-172-31-33-18.eu-west-1.compute.internal dlm_controld[10196]: 2777 fence result 5 pid 22716 result -1 term signal 6
May 08 09:49:46 ip-172-31-33-18.eu-west-1.compute.internal dlm_controld[10196]: 2777 fence status 5 receive -1 from 1 walltime 1778233786 local 2777
May 08 09:49:47 ip-172-31-33-18.eu-west-1.compute.internal dlm_controld[10196]: 2778 fence status 5 receive -1 from 2 walltime 1778233787 local 2778
May 08 09:49:48 ip-172-31-33-18.eu-west-1.compute.internal dlm_controld[10196]: 2779 fence status 5 receive -1 from 3 walltime 1778233788 local 2779
May 08 09:49:49 ip-172-31-33-18.eu-west-1.compute.internal dlm_controld[10196]: 2780 fence status 5 receive -1 from 4 walltime 1778233789 local 2780
May 08 09:49:49 ip-172-31-33-18.eu-west-1.compute.internal dlm_controld[10196]: 2780 fence request 5 pid 22780 nodedown time 1778233664 fence_all dlm_stonith
May 08 09:49:50 ip-172-31-33-18.eu-west-1.compute.internal dlm_controld[10196]: 2781 fence result 5 pid 22780 result -1 term signal 6
May 08 09:49:50 ip-172-31-33-18.eu-west-1.compute.internal dlm_controld[10196]: 2781 fence status 5 receive -1 from 1 walltime 1778233790 local 2781
May 08 09:49:51 ip-172-31-33-18.eu-west-1.compute.internal dlm_controld[10196]: 2782 fence status 5 receive -1 from 2 walltime 1778233791 local 2782
May 08 09:49:52 ip-172-31-33-18.eu-west-1.compute.internal dlm_controld[10196]: 2783 fence status 5 receive -1 from 3 walltime 1778233792 local 2783
May 08 09:49:53 ip-172-31-33-18.eu-west-1.compute.internal dlm_controld[10196]: 2784 fence status 5 receive -1 from 4 walltime 1778233793 local 2784
May 08 09:49:53 ip-172-31-33-18.eu-west-1.compute.internal dlm_controld[10196]: 2784 fence request 5 pid 22826 nodedown time 1778233664 fence_all dlm_stonith
May 08 09:49:54 ip-172-31-33-18.eu-west-1.compute.internal dlm_controld[10196]: 2785 fence result 5 pid 22826 result -1 term signal 6
May 08 09:49:54 ip-172-31-33-18.eu-west-1.compute.internal dlm_controld[10196]: 2785 fence status 5 receive -1 from 1 walltime 1778233794 local 2785
May 08 09:49:55 ip-172-31-33-18.eu-west-1.compute.internal dlm_controld[10196]: 2786 fence status 5 receive -1 from 2 walltime 1778233795 local 2786
May 08 09:49:56 ip-172-31-33-18.eu-west-1.compute.internal dlm_controld[10196]: 2787 fence status 5 receive -1 from 3 walltime 1778233796 local 2787
May 08 09:49:57 ip-172-31-33-18.eu-west-1.compute.internal dlm_controld[10196]: 2788 fence status 5 receive -1 from 4 walltime 1778233797 local 2788
May 08 09:49:57 ip-172-31-33-18.eu-west-1.compute.internal dlm_controld[10196]: 2788 fence request 5 pid 22912 nodedown time 1778233664 fence_all dlm_stonith
May 08 09:49:58 ip-172-31-33-18.eu-west-1.compute.internal dlm_controld[10196]: 2789 fence result 5 pid 22912 result -1 term signal 6
May 08 09:49:58 ip-172-31-33-18.eu-west-1.compute.internal dlm_controld[10196]: 2789 fence status 5 receive -1 from 1 walltime 1778233798 local 2789
May 08 09:49:59 ip-172-31-33-18.eu-west-1.compute.internal dlm_controld[10196]: 2790 fence status 5 receive -1 from 2 walltime 1778233799 local 2790
May 08 09:50:00 ip-172-31-33-18.eu-west-1.compute.internal dlm_controld[10196]: 2791 fence status 5 receive -1 from 3 walltime 1778233800 local 2791
May 08 09:50:01 ip-172-31-33-18.eu-west-1.compute.internal dlm_controld[10196]: 2792 fence status 5 receive -1 from 4 walltime 1778233801 local 2792
May 08 09:50:01 ip-172-31-33-18.eu-west-1.compute.internal dlm_controld[10196]: 2792 fence request 5 pid 22984 nodedown time 1778233664 fence_all dlm_stonith
May 08 09:50:02 ip-172-31-33-18.eu-west-1.compute.internal dlm_controld[10196]: 2793 fence result 5 pid 22984 result -1 term signal 6
May 08 09:50:02 ip-172-31-33-18.eu-west-1.compute.internal dlm_controld[10196]: 2793 fence status 5 receive -1 from 1 walltime 1778233802 local 2793
May 08 09:50:03 ip-172-31-33-18.eu-west-1.compute.internal dlm_controld[10196]: 2794 fence status 5 receive -1 from 2 walltime 1778233803 local 2794
May 08 09:50:04 ip-172-31-33-18.eu-west-1.compute.internal dlm_controld[10196]: 2795 fence status 5 receive -1 from 3 walltime 1778233804 local 2795
May 08 09:50:05 ip-172-31-33-18.eu-west-1.compute.internal dlm_controld[10196]: 2796 fence status 5 receive -1 from 4 walltime 1778233805 local 2796
May 08 09:50:05 ip-172-31-33-18.eu-west-1.compute.internal dlm_controld[10196]: 2796 fence request 5 pid 23045 nodedown time 1778233664 fence_all dlm_stonith
May 08 09:50:06 ip-172-31-33-18.eu-west-1.compute.internal dlm_controld[10196]: 2797 fence result 5 pid 23045 result -1 term signal 6
May 08 09:50:06 ip-172-31-33-18.eu-west-1.compute.internal dlm_controld[10196]: 2797 fence status 5 receive -1 from 1 walltime 1778233806 local 2797
May 08 09:50:07 ip-172-31-33-18.eu-west-1.compute.internal dlm_controld[10196]: 2798 fence status 5 receive -1 from 2 walltime 1778233807 local 2798
May 08 09:50:08 ip-172-31-33-18.eu-west-1.compute.internal dlm_controld[10196]: 2799 fence status 5 receive -1 from 3 walltime 1778233808 local 2799
May 08 09:50:09 ip-172-31-33-18.eu-west-1.compute.internal dlm_controld[10196]: 2800 fence status 5 receive -1 from 4 walltime 1778233809 local 2800
May 08 09:50:09 ip-172-31-33-18.eu-west-1.compute.internal dlm_controld[10196]: 2800 fence request 5 pid 23109 nodedown time 1778233664 fence_all dlm_stonith
May 08 09:50:10 ip-172-31-33-18.eu-west-1.compute.internal dlm_controld[10196]: 2801 fence result 5 pid 23109 result -1 term signal 6
May 08 09:50:10 ip-172-31-33-18.eu-west-1.compute.internal dlm_controld[10196]: 2801 fence status 5 receive -1 from 1 walltime 1778233810 local 2801
May 08 09:50:11 ip-172-31-33-18.eu-west-1.compute.internal dlm_controld[10196]: 2802 fence status 5 receive -1 from 2 walltime 1778233811 local 2802
May 08 09:50:12 ip-172-31-33-18.eu-west-1.compute.internal dlm_controld[10196]: 2803 fence status 5 receive -1 from 3 walltime 1778233812 local 2803
May 08 09:50:13 ip-172-31-33-18.eu-west-1.compute.internal dlm_controld[10196]: 2804 fence status 5 receive -1 from 4 walltime 1778233813 local 2804
May 08 09:50:13 ip-172-31-33-18.eu-west-1.compute.internal dlm_controld[10196]: 2804 fence request 5 pid 23154 nodedown time 1778233664 fence_all dlm_stonith
May 08 09:50:14 ip-172-31-33-18.eu-west-1.compute.internal dlm_controld[10196]: 2805 fence result 5 pid 23154 result -1 term signal 6
May 08 09:50:14 ip-172-31-33-18.eu-west-1.compute.internal dlm_controld[10196]: 2805 fence status 5 receive -1 from 1 walltime 1778233814 local 2805
May 08 09:50:15 ip-172-31-33-18.eu-west-1.compute.internal dlm_controld[10196]: 2806 fence status 5 receive -1 from 2 walltime 1778233815 local 2806
May 08 09:50:16 ip-172-31-33-18.eu-west-1.compute.internal dlm_controld[10196]: 2807 fence status 5 receive -1 from 3 walltime 1778233816 local 2807
May 08 09:50:17 ip-172-31-33-18.eu-west-1.compute.internal dlm_controld[10196]: 2808 fence status 5 receive -1 from 4 walltime 1778233817 local 2808
May 08 09:50:17 ip-172-31-33-18.eu-west-1.compute.internal dlm_controld[10196]: 2808 fence request 5 pid 23241 nodedown time 1778233664 fence_all dlm_stonith
May 08 09:50:18 ip-172-31-33-18.eu-west-1.compute.internal dlm_controld[10196]: 2809 fence result 5 pid 23241 result -1 term signal 6
May 08 09:50:18 ip-172-31-33-18.eu-west-1.compute.internal dlm_controld[10196]: 2809 fence status 5 receive -1 from 1 walltime 1778233818 local 2809
May 08 09:50:19 ip-172-31-33-18.eu-west-1.compute.internal dlm_controld[10196]: 2810 fence status 5 receive -1 from 2 walltime 1778233819 local 2810
May 08 09:50:20 ip-172-31-33-18.eu-west-1.compute.internal dlm_controld[10196]: 2811 fence status 5 receive -1 from 3 walltime 1778233820 local 2811
May 08 09:50:21 ip-172-31-33-18.eu-west-1.compute.internal dlm_controld[10196]: 2812 fence status 5 receive -1 from 4 walltime 1778233821 local 2812
May 08 09:50:21 ip-172-31-33-18.eu-west-1.compute.internal dlm_controld[10196]: 2812 fence request 5 pid 23286 nodedown time 1778233664 fence_all dlm_stonith
May 08 09:50:22 ip-172-31-33-18.eu-west-1.compute.internal dlm_controld[10196]: 2813 fence result 5 pid 23286 result -1 term signal 6
May 08 09:50:22 ip-172-31-33-18.eu-west-1.compute.internal dlm_controld[10196]: 2813 fence status 5 receive -1 from 1 walltime 1778233822 local 2813
May 08 09:50:23 ip-172-31-33-18.eu-west-1.compute.internal dlm_controld[10196]: 2814 fence status 5 receive -1 from 2 walltime 1778233823 local 2814
May 08 09:50:24 ip-172-31-33-18.eu-west-1.compute.internal dlm_controld[10196]: 2815 fence status 5 receive -1 from 3 walltime 1778233824 local 2815
May 08 09:50:25 ip-172-31-33-18.eu-west-1.compute.internal dlm_controld[10196]: 2816 fence status 5 receive -1 from 4 walltime 1778233825 local 2816
May 08 09:50:25 ip-172-31-33-18.eu-west-1.compute.internal dlm_controld[10196]: 2816 fence request 5 pid 23372 nodedown time 1778233664 fence_all dlm_stonith
May 08 09:50:26 ip-172-31-33-18.eu-west-1.compute.internal dlm_controld[10196]: 2817 fence result 5 pid 23372 result -1 term signal 6
May 08 09:50:26 ip-172-31-33-18.eu-west-1.compute.internal dlm_controld[10196]: 2817 fence status 5 receive -1 from 1 walltime 1778233826 local 2817
May 08 09:50:27 ip-172-31-33-18.eu-west-1.compute.internal dlm_controld[10196]: 2818 fence status 5 receive -1 from 2 walltime 1778233827 local 2818
May 08 09:50:28 ip-172-31-33-18.eu-west-1.compute.internal dlm_controld[10196]: 2819 fence status 5 receive -1 from 3 walltime 1778233828 local 2819
May 08 09:50:29 ip-172-31-33-18.eu-west-1.compute.internal dlm_controld[10196]: 2820 fence status 5 receive -1 from 4 walltime 1778233829 local 2820
May 08 09:50:29 ip-172-31-33-18.eu-west-1.compute.internal dlm_controld[10196]: 2820 fence request 5 pid 23414 nodedown time 1778233664 fence_all dlm_stonith
May 08 09:50:30 ip-172-31-33-18.eu-west-1.compute.internal dlm_controld[10196]: 2821 fence result 5 pid 23414 result -1 term signal 6
May 08 09:50:30 ip-172-31-33-18.eu-west-1.compute.internal dlm_controld[10196]: 2821 fence status 5 receive -1 from 1 walltime 1778233830 local 2821
May 08 09:50:31 ip-172-31-33-18.eu-west-1.compute.internal dlm_controld[10196]: 2822 fence status 5 receive -1 from 2 walltime 1778233831 local 2822
May 08 09:50:32 ip-172-31-33-18.eu-west-1.compute.internal dlm_controld[10196]: 2823 fence status 5 receive -1 from 3 walltime 1778233832 local 2823
May 08 09:50:33 ip-172-31-33-18.eu-west-1.compute.internal dlm_controld[10196]: 2824 fence status 5 receive -1 from 4 walltime 1778233833 local 2824
May 08 09:50:33 ip-172-31-33-18.eu-west-1.compute.internal dlm_controld[10196]: 2824 fence request 5 pid 23421 nodedown time 1778233664 fence_all dlm_stonith
May 08 09:50:34 ip-172-31-33-18.eu-west-1.compute.internal dlm_controld[10196]: 2825 fence result 5 pid 23421 result -1 term signal 6
May 08 09:50:34 ip-172-31-33-18.eu-west-1.compute.internal dlm_controld[10196]: 2825 fence status 5 receive -1 from 1 walltime 1778233834 local 2825
May 08 09:50:35 ip-172-31-33-18.eu-west-1.compute.internal dlm_controld[10196]: 2826 fence status 5 receive -1 from 2 walltime 1778233835 local 2826
May 08 09:50:36 ip-172-31-33-18.eu-west-1.compute.internal dlm_controld[10196]: 2827 fence status 5 receive -1 from 3 walltime 1778233836 local 2827
May 08 09:50:37 ip-172-31-33-18.eu-west-1.compute.internal dlm_controld[10196]: 2828 fence status 5 receive -1 from 4 walltime 1778233837 local 2828
May 08 09:50:37 ip-172-31-33-18.eu-west-1.compute.internal dlm_controld[10196]: 2828 fence request 5 pid 23512 nodedown time 1778233664 fence_all dlm_stonith
May 08 09:50:38 ip-172-31-33-18.eu-west-1.compute.internal dlm_controld[10196]: 2829 fence result 5 pid 23512 result -1 term signal 6
May 08 09:50:38 ip-172-31-33-18.eu-west-1.compute.internal dlm_controld[10196]: 2829 fence status 5 receive -1 from 1 walltime 1778233838 local 2829
May 08 09:50:39 ip-172-31-33-18.eu-west-1.compute.internal dlm_controld[10196]: 2830 fence status 5 receive -1 from 2 walltime 1778233839 local 2830
May 08 09:50:40 ip-172-31-33-18.eu-west-1.compute.internal dlm_controld[10196]: 2831 fence status 5 receive -1 from 3 walltime 1778233840 local 2831
May 08 09:50:41 ip-172-31-33-18.eu-west-1.compute.internal dlm_controld[10196]: 2832 fence status 5 receive -1 from 4 walltime 1778233841 local 2832
May 08 09:50:41 ip-172-31-33-18.eu-west-1.compute.internal dlm_controld[10196]: 2832 fence request 5 pid 23595 nodedown time 1778233664 fence_all dlm_stonith
May 08 09:50:42 ip-172-31-33-18.eu-west-1.compute.internal dlm_controld[10196]: 2833 fence result 5 pid 23595 result -1 term signal 6
May 08 09:50:42 ip-172-31-33-18.eu-west-1.compute.internal dlm_controld[10196]: 2833 fence status 5 receive -1 from 1 walltime 1778233842 local 2833
May 08 09:50:43 ip-172-31-33-18.eu-west-1.compute.internal dlm_controld[10196]: 2834 fence status 5 receive -1 from 2 walltime 1778233843 local 2834
May 08 09:50:44 ip-172-31-33-18.eu-west-1.compute.internal dlm_controld[10196]: 2835 fence status 5 receive -1 from 3 walltime 1778233844 local 2835
May 08 09:50:45 ip-172-31-33-18.eu-west-1.compute.internal dlm_controld[10196]: 2836 fence status 5 receive -1 from 4 walltime 1778233845 local 2836
May 08 09:50:45 ip-172-31-33-18.eu-west-1.compute.internal dlm_controld[10196]: 2836 fence request 5 pid 23689 nodedown time 1778233664 fence_all dlm_stonith
May 08 09:50:46 ip-172-31-33-18.eu-west-1.compute.internal dlm_controld[10196]: 2837 fence result 5 pid 23689 result -1 term signal 6
May 08 09:50:46 ip-172-31-33-18.eu-west-1.compute.internal dlm_controld[10196]: 2837 fence status 5 receive -1 from 1 walltime 1778233846 local 2837
May 08 09:50:47 ip-172-31-33-18.eu-west-1.compute.internal dlm_controld[10196]: 2838 fence status 5 receive -1 from 2 walltime 1778233847 local 2838
May 08 09:50:48 ip-172-31-33-18.eu-west-1.compute.internal dlm_controld[10196]: 2839 fence status 5 receive -1 from 3 walltime 1778233848 local 2839
May 08 09:50:49 ip-172-31-33-18.eu-west-1.compute.internal dlm_controld[10196]: 2840 fence status 5 receive -1 from 4 walltime 1778233849 local 2840
May 08 09:50:49 ip-172-31-33-18.eu-west-1.compute.internal dlm_controld[10196]: 2840 fence request 5 pid 23742 nodedown time 1778233664 fence_all dlm_stonith
May 08 09:50:50 ip-172-31-33-18.eu-west-1.compute.internal dlm_controld[10196]: 2841 fence result 5 pid 23742 result -1 term signal 6
May 08 09:50:50 ip-172-31-33-18.eu-west-1.compute.internal dlm_controld[10196]: 2841 fence status 5 receive -1 from 1 walltime 1778233850 local 2841
May 08 09:50:51 ip-172-31-33-18.eu-west-1.compute.internal dlm_controld[10196]: 2842 fence status 5 receive -1 from 2 walltime 1778233851 local 2842
May 08 09:50:52 ip-172-31-33-18.eu-west-1.compute.internal dlm_controld[10196]: 2843 fence status 5 receive -1 from 3 walltime 1778233852 local 2843
May 08 09:50:53 ip-172-31-33-18.eu-west-1.compute.internal dlm_controld[10196]: 2844 fence status 5 receive -1 from 4 walltime 1778233853 local 2844
May 08 09:50:53 ip-172-31-33-18.eu-west-1.compute.internal dlm_controld[10196]: 2844 fence request 5 pid 23818 nodedown time 1778233664 fence_all dlm_stonith
May 08 09:50:54 ip-172-31-33-18.eu-west-1.compute.internal dlm_controld[10196]: 2845 fence result 5 pid 23818 result -1 term signal 6
May 08 09:50:54 ip-172-31-33-18.eu-west-1.compute.internal dlm_controld[10196]: 2845 fence status 5 receive -1 from 1 walltime 1778233854 local 2845
May 08 09:50:55 ip-172-31-33-18.eu-west-1.compute.internal dlm_controld[10196]: 2846 fence status 5 receive -1 from 2 walltime 1778233855 local 2846
May 08 09:50:56 ip-172-31-33-18.eu-west-1.compute.internal dlm_controld[10196]: 2847 fence status 5 receive -1 from 3 walltime 1778233856 local 2847
May 08 09:50:57 ip-172-31-33-18.eu-west-1.compute.internal dlm_controld[10196]: 2848 fence status 5 receive -1 from 4 walltime 1778233857 local 2848
May 08 09:50:57 ip-172-31-33-18.eu-west-1.compute.internal dlm_controld[10196]: 2848 fence request 5 pid 23929 nodedown time 1778233664 fence_all dlm_stonith
May 08 09:50:58 ip-172-31-33-18.eu-west-1.compute.internal dlm_controld[10196]: 2849 fence result 5 pid 23929 result -1 term signal 6
May 08 09:50:58 ip-172-31-33-18.eu-west-1.compute.internal dlm_controld[10196]: 2849 fence status 5 receive -1 from 1 walltime 1778233858 local 2849
May 08 09:50:59 ip-172-31-33-18.eu-west-1.compute.internal dlm_controld[10196]: 2850 fence status 5 receive -1 from 2 walltime 1778233859 local 2850
May 08 09:51:00 ip-172-31-33-18.eu-west-1.compute.internal dlm_controld[10196]: 2851 fence status 5 receive -1 from 3 walltime 1778233860 local 2851
May 08 09:51:01 ip-172-31-33-18.eu-west-1.compute.internal dlm_controld[10196]: 2852 fence status 5 receive -1 from 4 walltime 1778233861 local 2852
May 08 09:51:01 ip-172-31-33-18.eu-west-1.compute.internal dlm_controld[10196]: 2852 fence request 5 pid 24000 nodedown time 1778233664 fence_all dlm_stonith
May 08 09:51:02 ip-172-31-33-18.eu-west-1.compute.internal dlm_controld[10196]: 2853 fence result 5 pid 24000 result -1 term signal 6
May 08 09:51:02 ip-172-31-33-18.eu-west-1.compute.internal dlm_controld[10196]: 2853 fence status 5 receive -1 from 1 walltime 1778233862 local 2853
May 08 09:51:03 ip-172-31-33-18.eu-west-1.compute.internal dlm_controld[10196]: 2854 fence status 5 receive -1 from 2 walltime 1778233863 local 2854
May 08 09:51:04 ip-172-31-33-18.eu-west-1.compute.internal dlm_controld[10196]: 2855 fence status 5 receive -1 from 3 walltime 1778233864 local 2855
May 08 09:51:05 ip-172-31-33-18.eu-west-1.compute.internal dlm_controld[10196]: 2856 fence status 5 receive -1 from 4 walltime 1778233865 local 2856
May 08 09:51:05 ip-172-31-33-18.eu-west-1.compute.internal dlm_controld[10196]: 2856 fence request 5 pid 24127 nodedown time 1778233664 fence_all dlm_stonith
May 08 09:51:06 ip-172-31-33-18.eu-west-1.compute.internal dlm_controld[10196]: 2857 fence result 5 pid 24127 result -1 term signal 6
May 08 09:51:06 ip-172-31-33-18.eu-west-1.compute.internal dlm_controld[10196]: 2857 fence status 5 receive -1 from 1 walltime 1778233866 local 2857
May 08 09:51:07 ip-172-31-33-18.eu-west-1.compute.internal dlm_controld[10196]: 2858 fence status 5 receive -1 from 2 walltime 1778233867 local 2858
May 08 09:51:08 ip-172-31-33-18.eu-west-1.compute.internal dlm_controld[10196]: 2859 fence status 5 receive -1 from 3 walltime 1778233868 local 2859
May 08 09:51:09 ip-172-31-33-18.eu-west-1.compute.internal dlm_controld[10196]: 2860 fence status 5 receive -1 from 4 walltime 1778233869 local 2860
May 08 09:51:09 ip-172-31-33-18.eu-west-1.compute.internal dlm_controld[10196]: 2860 fence request 5 pid 24187 nodedown time 1778233664 fence_all dlm_stonith
May 08 09:51:10 ip-172-31-33-18.eu-west-1.compute.internal dlm_controld[10196]: 2861 fence result 5 pid 24187 result -1 term signal 6
May 08 09:51:10 ip-172-31-33-18.eu-west-1.compute.internal dlm_controld[10196]: 2861 fence status 5 receive -1 from 1 walltime 1778233870 local 2861
May 08 09:51:11 ip-172-31-33-18.eu-west-1.compute.internal dlm_controld[10196]: 2862 fence status 5 receive -1 from 2 walltime 1778233871 local 2862
May 08 09:51:12 ip-172-31-33-18.eu-west-1.compute.internal dlm_controld[10196]: 2863 fence status 5 receive -1 from 3 walltime 1778233872 local 2863
May 08 09:51:13 ip-172-31-33-18.eu-west-1.compute.internal dlm_controld[10196]: 2864 fence status 5 receive -1 from 4 walltime 1778233873 local 2864
May 08 09:51:13 ip-172-31-33-18.eu-west-1.compute.internal dlm_controld[10196]: 2864 fence request 5 pid 24263 nodedown time 1778233664 fence_all dlm_stonith
May 08 09:51:14 ip-172-31-33-18.eu-west-1.compute.internal dlm_controld[10196]: 2865 fence result 5 pid 24263 result -1 term signal 6
May 08 09:51:14 ip-172-31-33-18.eu-west-1.compute.internal dlm_controld[10196]: 2865 fence status 5 receive -1 from 1 walltime 1778233874 local 2865
May 08 09:51:15 ip-172-31-33-18.eu-west-1.compute.internal dlm_controld[10196]: 2866 fence status 5 receive -1 from 2 walltime 1778233875 local 2866
May 08 09:51:16 ip-172-31-33-18.eu-west-1.compute.internal dlm_controld[10196]: 2867 fence status 5 receive -1 from 3 walltime 1778233876 local 2867
May 08 09:51:17 ip-172-31-33-18.eu-west-1.compute.internal dlm_controld[10196]: 2868 fence status 5 receive -1 from 4 walltime 1778233877 local 2868
May 08 09:51:17 ip-172-31-33-18.eu-west-1.compute.internal dlm_controld[10196]: 2868 fence request 5 pid 24368 nodedown time 1778233664 fence_all dlm_stonith
May 08 09:51:18 ip-172-31-33-18.eu-west-1.compute.internal dlm_controld[10196]: 2869 fence result 5 pid 24368 result -1 term signal 6
May 08 09:51:18 ip-172-31-33-18.eu-west-1.compute.internal dlm_controld[10196]: 2869 fence status 5 receive -1 from 1 walltime 1778233878 local 2869
May 08 09:51:19 ip-172-31-33-18.eu-west-1.compute.internal dlm_controld[10196]: 2870 fence status 5 receive -1 from 2 walltime 1778233879 local 2870
May 08 09:51:20 ip-172-31-33-18.eu-west-1.compute.internal dlm_controld[10196]: 2871 fence status 5 receive -1 from 3 walltime 1778233880 local 2871
May 08 09:51:21 ip-172-31-33-18.eu-west-1.compute.internal dlm_controld[10196]: 2872 fence status 5 receive -1 from 4 walltime 1778233881 local 2872
May 08 09:51:21 ip-172-31-33-18.eu-west-1.compute.internal dlm_controld[10196]: 2872 fence request 5 pid 24421 nodedown time 1778233664 fence_all dlm_stonith
May 08 09:51:22 ip-172-31-33-18.eu-west-1.compute.internal dlm_controld[10196]: 2873 fence result 5 pid 24421 result -1 term signal 6
May 08 09:51:22 ip-172-31-33-18.eu-west-1.compute.internal dlm_controld[10196]: 2873 fence status 5 receive -1 from 1 walltime 1778233882 local 2873
May 08 09:51:23 ip-172-31-33-18.eu-west-1.compute.internal corosync[7396]:  [TOTEM ] A new membership (172.31.33.18:44) was formed. Members joined: 5
May 08 09:51:23 ip-172-31-33-18.eu-west-1.compute.internal corosync[7396]:  [QUORUM] Members[5]: 1 4 2 5 3
May 08 09:51:23 ip-172-31-33-18.eu-west-1.compute.internal crmd[7431]:   notice: Node ma-host-5 state is now member
May 08 09:51:23 ip-172-31-33-18.eu-west-1.compute.internal pacemakerd[7425]:   notice: Node ma-host-5 state is now member
May 08 09:51:23 ip-172-31-33-18.eu-west-1.compute.internal attrd[7429]:   notice: Node ma-host-5 state is now member
May 08 09:51:23 ip-172-31-33-18.eu-west-1.compute.internal stonith-ng[7427]:   notice: Node ma-host-5 state is now member
May 08 09:51:23 ip-172-31-33-18.eu-west-1.compute.internal cib[7426]:   notice: Node ma-host-5 state is now member
May 08 09:51:23 ip-172-31-33-18.eu-west-1.compute.internal dlm_controld[10196]: 2874 fence status 5 receive -1 from 2 walltime 1778233883 local 2874
May 08 09:51:25 ip-172-31-33-18.eu-west-1.compute.internal dlm_controld[10196]: 2876 daemon joined 5 needs fencing
